scenario,seed,gap_s,pre_gap_track,terminal_event_type,recovery_outcome,gate_accepted,exact_position_error_m,last_bucket_position_error_m,last_bucket_delta_t_s
gap_horizon_1uav_maneuver,5001,10.0,True,,CORRECT_RECOVERY,True,,10.269877491463589,9.0
gap_horizon_1uav_maneuver,5001,11.0,True,,CORRECT_RECOVERY,True,,12.955399197580522,10.0
gap_horizon_1uav_maneuver,5001,12.0,True,,CORRECT_RECOVERY,True,,17.644545086770158,11.0
gap_horizon_1uav_maneuver,5001,13.0,True,,CORRECT_RECOVERY,True,,25.611160173724027,12.0
gap_horizon_1uav_maneuver,5001,14.0,True,,CORRECT_RECOVERY,True,,32.95553984570804,13.0
gap_horizon_1uav_maneuver,5001,15.0,True,,CORRECT_RECOVERY,True,,42.84088830290673,14.0
gap_horizon_1uav_maneuver,5001,16.0,True,,CORRECT_RECOVERY,True,,63.55042205579621,15.0
gap_horizon_1uav_maneuver,5001,17.0,True,,CORRECT_RECOVERY,True,,67.58617241335381,16.0
gap_horizon_1uav_maneuver,5001,18.0,True,,CORRECT_RECOVERY,True,,79.92491819852991,17.0
gap_horizon_1uav_maneuver,5001,19.0,True,,CORRECT_RECOVERY,True,,93.07176096602417,18.0
gap_horizon_1uav_maneuver,5001,1.0,True,,CORRECT_RECOVERY,True,0.33336509336822046,,
gap_horizon_1uav_maneuver,5001,20.0,True,,CORRECT_RECOVERY,True,,116.50166744412678,19.0
gap_horizon_1uav_maneuver,5001,21.0,True,,CORRECT_RECOVERY,True,,134.45233384206392,20.0
gap_horizon_1uav_maneuver,5001,22.0,True,,CORRECT_RECOVERY,True,,150.83149169966478,21.0
gap_horizon_1uav_maneuver,5001,23.0,True,,CORRECT_RECOVERY,True,,162.42662502699136,22.0
gap_horizon_1uav_maneuver,5001,24.0,True,,CORRECT_RECOVERY,True,,179.97280582163322,23.0
gap_horizon_1uav_maneuver,5001,25.0,True,,CORRECT_RECOVERY,True,,199.42777764315437,24.0
gap_horizon_1uav_maneuver,5001,26.0,True,,CORRECT_RECOVERY,True,,215.38319345251017,25.0
gap_horizon_1uav_maneuver,5001,27.0,True,,CORRECT_RECOVERY,True,,231.22276755556916,26.0
gap_horizon_1uav_maneuver,5001,28.0,True,,CORRECT_RECOVERY,True,,237.45092647176986,27.0
gap_horizon_1uav_maneuver,5001,29.0,True,,CORRECT_RECOVERY,True,,251.28556304919613,28.0
gap_horizon_1uav_maneuver,5001,2.0,True,,CORRECT_RECOVERY,True,,0.23836687088038602,1.0
gap_horizon_1uav_maneuver,5001,30.0,True,,CORRECT_RECOVERY,True,,256.13846794455355,29.0
gap_horizon_1uav_maneuver,5001,31.0,True,DELETED,NO_RECOVERY,True,,261.3524722828686,29.0
gap_horizon_1uav_maneuver,5001,32.0,True,DELETED,NO_RECOVERY,True,,258.64259838582586,29.0
gap_horizon_1uav_maneuver,5001,3.0,True,,CORRECT_RECOVERY,True,,1.027556394583392,2.0
gap_horizon_1uav_maneuver,5001,4.0,True,,CORRECT_RECOVERY,True,,0.6426814906052262,3.0
gap_horizon_1uav_maneuver,5001,5.0,True,,CORRECT_RECOVERY,True,,1.6438596247532051,4.0
gap_horizon_1uav_maneuver,5001,6.0,True,,CORRECT_RECOVERY,True,,4.849896392367057,5.0
gap_horizon_1uav_maneuver,5001,7.0,True,,CORRECT_RECOVERY,True,,3.127794878948924,6.0
gap_horizon_1uav_maneuver,5001,8.0,True,,CORRECT_RECOVERY,True,,4.101520808610549,7.0
gap_horizon_1uav_maneuver,5001,9.0,True,,CORRECT_RECOVERY,True,,6.082902618610593,8.0
gap_horizon_1uav_maneuver,5002,10.0,True,,CORRECT_RECOVERY,True,,8.439275847110776,9.0
gap_horizon_1uav_maneuver,5002,11.0,True,,CORRECT_RECOVERY,True,,16.108138869576738,10.0
gap_horizon_1uav_maneuver,5002,12.0,True,,CORRECT_RECOVERY,True,,19.20861929565116,11.0
gap_horizon_1uav_maneuver,5002,13.0,True,,CORRECT_RECOVERY,True,,29.349266019200822,12.0
gap_horizon_1uav_maneuver,5002,14.0,True,,CORRECT_RECOVERY,True,,35.21661282154887,13.0
gap_horizon_1uav_maneuver,5002,15.0,True,,CORRECT_RECOVERY,True,,44.3779736484866,14.0
gap_horizon_1uav_maneuver,5002,16.0,True,,CORRECT_RECOVERY,True,,53.478592432883346,15.0
gap_horizon_1uav_maneuver,5002,17.0,True,,CORRECT_RECOVERY,True,,68.17981803214275,16.0
gap_horizon_1uav_maneuver,5002,18.0,True,,CORRECT_RECOVERY,True,,83.53854381905657,17.0
gap_horizon_1uav_maneuver,5002,19.0,True,,CORRECT_RECOVERY,True,,95.78943456695926,18.0
gap_horizon_1uav_maneuver,5002,1.0,True,,CORRECT_RECOVERY,True,0.04414667136041508,,
gap_horizon_1uav_maneuver,5002,20.0,True,,CORRECT_RECOVERY,True,,113.21621400292958,19.0
gap_horizon_1uav_maneuver,5002,21.0,True,,CORRECT_RECOVERY,True,,126.56372899304404,20.0
gap_horizon_1uav_maneuver,5002,22.0,True,,CORRECT_RECOVERY,True,,145.30228291826543,21.0
gap_horizon_1uav_maneuver,5002,23.0,True,,CORRECT_RECOVERY,True,,167.8432604185393,22.0
gap_horizon_1uav_maneuver,5002,24.0,True,,CORRECT_RECOVERY,True,,186.22147636386774,23.0
gap_horizon_1uav_maneuver,5002,25.0,True,,CORRECT_RECOVERY,True,,199.32933601806093,24.0
gap_horizon_1uav_maneuver,5002,26.0,True,,CORRECT_RECOVERY,True,,214.64652572189615,25.0
gap_horizon_1uav_maneuver,5002,27.0,True,,CORRECT_RECOVERY,True,,230.94597832851633,26.0
gap_horizon_1uav_maneuver,5002,28.0,True,,CORRECT_RECOVERY,True,,219.97399404387957,27.0
gap_horizon_1uav_maneuver,5002,29.0,True,,CORRECT_RECOVERY,True,,252.49808779073194,28.0
gap_horizon_1uav_maneuver,5002,2.0,True,,CORRECT_RECOVERY,True,,0.39912172028973203,1.0
gap_horizon_1uav_maneuver,5002,30.0,True,,CORRECT_RECOVERY,True,,260.9691497700662,29.0
gap_horizon_1uav_maneuver,5002,31.0,True,DELETED,NO_RECOVERY,True,,245.72735808067418,29.0
gap_horizon_1uav_maneuver,5002,32.0,True,DELETED,NO_RECOVERY,True,,260.5624751364186,29.0
gap_horizon_1uav_maneuver,5002,3.0,True,,CORRECT_RECOVERY,True,,0.28208409289842534,2.0
gap_horizon_1uav_maneuver,5002,4.0,True,,CORRECT_RECOVERY,True,,1.5819637933963302,3.0
gap_horizon_1uav_maneuver,5002,5.0,True,,CORRECT_RECOVERY,True,,0.6019721078125285,4.0
gap_horizon_1uav_maneuver,5002,6.0,True,,CORRECT_RECOVERY,True,,3.2661504403989094,5.0
gap_horizon_1uav_maneuver,5002,7.0,True,,CORRECT_RECOVERY,True,,2.8873207523873967,6.0
gap_horizon_1uav_maneuver,5002,8.0,True,,CORRECT_RECOVERY,True,,5.4516561544090925,7.0
gap_horizon_1uav_maneuver,5002,9.0,True,,CORRECT_RECOVERY,True,,7.346505834415926,8.0
gap_horizon_1uav_maneuver,5003,10.0,True,,CORRECT_RECOVERY,True,,9.253702299639157,9.0
gap_horizon_1uav_maneuver,5003,11.0,True,,CORRECT_RECOVERY,True,,16.52241042714233,10.0
gap_horizon_1uav_maneuver,5003,12.0,True,,CORRECT_RECOVERY,True,,22.402895104472794,11.0
gap_horizon_1uav_maneuver,5003,13.0,True,,CORRECT_RECOVERY,True,,25.439949316217923,12.0
gap_horizon_1uav_maneuver,5003,14.0,True,,CORRECT_RECOVERY,True,,41.837179662423424,13.0
gap_horizon_1uav_maneuver,5003,15.0,True,,CORRECT_RECOVERY,True,,42.6991829073987,14.0
gap_horizon_1uav_maneuver,5003,16.0,True,,CORRECT_RECOVERY,True,,54.164011213379986,15.0
gap_horizon_1uav_maneuver,5003,17.0,True,,CORRECT_RECOVERY,True,,72.88498379095871,16.0
gap_horizon_1uav_maneuver,5003,18.0,True,,CORRECT_RECOVERY,True,,82.5743017406029,17.0
gap_horizon_1uav_maneuver,5003,19.0,True,,CORRECT_RECOVERY,True,,94.32763003452345,18.0
gap_horizon_1uav_maneuver,5003,1.0,True,,CORRECT_RECOVERY,True,0.30385202246115406,,
gap_horizon_1uav_maneuver,5003,20.0,True,,CORRECT_RECOVERY,True,,111.98348344762297,19.0
gap_horizon_1uav_maneuver,5003,21.0,True,,CORRECT_RECOVERY,True,,126.35082357886704,20.0
gap_horizon_1uav_maneuver,5003,22.0,True,,CORRECT_RECOVERY,True,,144.9826792079381,21.0
gap_horizon_1uav_maneuver,5003,23.0,True,,CORRECT_RECOVERY,True,,167.36823169917506,22.0
gap_horizon_1uav_maneuver,5003,24.0,True,,CORRECT_RECOVERY,True,,181.01558666006372,23.0
gap_horizon_1uav_maneuver,5003,25.0,True,,CORRECT_RECOVERY,True,,199.83366277718793,24.0
gap_horizon_1uav_maneuver,5003,26.0,True,,CORRECT_RECOVERY,True,,212.15264400994474,25.0
gap_horizon_1uav_maneuver,5003,27.0,True,,CORRECT_RECOVERY,True,,230.5737864156508,26.0
gap_horizon_1uav_maneuver,5003,28.0,True,,CORRECT_RECOVERY,True,,241.1407768623476,27.0
gap_horizon_1uav_maneuver,5003,29.0,True,,CORRECT_RECOVERY,True,,252.98131372189326,28.0
gap_horizon_1uav_maneuver,5003,2.0,True,,CORRECT_RECOVERY,True,,0.24643602867590572,1.0
gap_horizon_1uav_maneuver,5003,30.0,True,,CORRECT_RECOVERY,True,,260.64979210251363,29.0
gap_horizon_1uav_maneuver,5003,31.0,True,DELETED,NO_RECOVERY,True,,260.74236517061917,29.0
gap_horizon_1uav_maneuver,5003,32.0,True,DELETED,NO_RECOVERY,True,,259.6913931754942,29.0
gap_horizon_1uav_maneuver,5003,3.0,True,,CORRECT_RECOVERY,True,,0.20430170914327717,2.0
gap_horizon_1uav_maneuver,5003,4.0,True,,CORRECT_RECOVERY,True,,0.9028508548687173,3.0
gap_horizon_1uav_maneuver,5003,5.0,True,,CORRECT_RECOVERY,True,,0.6143507008262045,4.0
gap_horizon_1uav_maneuver,5003,6.0,True,,CORRECT_RECOVERY,True,,2.4925373350161113,5.0
gap_horizon_1uav_maneuver,5003,7.0,True,,CORRECT_RECOVERY,True,,2.979245057919716,6.0
gap_horizon_1uav_maneuver,5003,8.0,True,,CORRECT_RECOVERY,True,,9.152357560409202,7.0
gap_horizon_1uav_maneuver,5003,9.0,True,,CORRECT_RECOVERY,True,,4.7042382923898565,8.0
gap_horizon_1uav_maneuver,5004,10.0,True,,CORRECT_RECOVERY,True,,11.109649022102595,9.0
gap_horizon_1uav_maneuver,5004,11.0,True,,CORRECT_RECOVERY,True,,17.75634104803489,10.0
gap_horizon_1uav_maneuver,5004,12.0,True,,CORRECT_RECOVERY,True,,19.231059921738357,11.0
gap_horizon_1uav_maneuver,5004,13.0,True,,CORRECT_RECOVERY,True,,27.789070212499755,12.0
gap_horizon_1uav_maneuver,5004,14.0,True,,CORRECT_RECOVERY,True,,33.044787941629124,13.0
gap_horizon_1uav_maneuver,5004,15.0,True,,CORRECT_RECOVERY,True,,48.93704439413694,14.0
gap_horizon_1uav_maneuver,5004,16.0,True,,CORRECT_RECOVERY,True,,55.07522999658598,15.0
gap_horizon_1uav_maneuver,5004,17.0,True,,CORRECT_RECOVERY,True,,66.6767558313183,16.0
gap_horizon_1uav_maneuver,5004,18.0,True,,CORRECT_RECOVERY,True,,85.55321635216491,17.0
gap_horizon_1uav_maneuver,5004,19.0,True,,CORRECT_RECOVERY,True,,95.79648335566038,18.0
gap_horizon_1uav_maneuver,5004,1.0,True,,CORRECT_RECOVERY,True,0.31801992592851674,,
gap_horizon_1uav_maneuver,5004,20.0,True,,CORRECT_RECOVERY,True,,112.157926084192,19.0
gap_horizon_1uav_maneuver,5004,21.0,True,,CORRECT_RECOVERY,True,,130.5890314149872,20.0
gap_horizon_1uav_maneuver,5004,22.0,True,,CORRECT_RECOVERY,True,,147.4704578397223,21.0
gap_horizon_1uav_maneuver,5004,23.0,True,,CORRECT_RECOVERY,True,,167.42893563968215,22.0
gap_horizon_1uav_maneuver,5004,24.0,True,,CORRECT_RECOVERY,True,,178.9496704479597,23.0
gap_horizon_1uav_maneuver,5004,25.0,True,,CORRECT_RECOVERY,True,,193.60825431034525,24.0
gap_horizon_1uav_maneuver,5004,26.0,True,,CORRECT_RECOVERY,True,,212.5923051269085,25.0
gap_horizon_1uav_maneuver,5004,27.0,True,,CORRECT_RECOVERY,True,,223.97325791493722,26.0
gap_horizon_1uav_maneuver,5004,28.0,True,,CORRECT_RECOVERY,True,,239.33465718555598,27.0
gap_horizon_1uav_maneuver,5004,29.0,True,,CORRECT_RECOVERY,True,,252.28317097884545,28.0
gap_horizon_1uav_maneuver,5004,2.0,True,,CORRECT_RECOVERY,True,,0.18082814390539742,1.0
gap_horizon_1uav_maneuver,5004,30.0,True,,CORRECT_RECOVERY,True,,256.7741664054985,29.0
gap_horizon_1uav_maneuver,5004,31.0,True,DELETED,NO_RECOVERY,True,,253.56180534494604,29.0
gap_horizon_1uav_maneuver,5004,32.0,True,DELETED,NO_RECOVERY,True,,255.0868013178292,29.0
gap_horizon_1uav_maneuver,5004,3.0,True,,CORRECT_RECOVERY,True,,0.6104742795234829,2.0
gap_horizon_1uav_maneuver,5004,4.0,True,,CORRECT_RECOVERY,True,,1.4837622305909353,3.0
gap_horizon_1uav_maneuver,5004,5.0,True,,CORRECT_RECOVERY,True,,2.1349735473581766,4.0
gap_horizon_1uav_maneuver,5004,6.0,True,,CORRECT_RECOVERY,True,,2.618044099876311,5.0
gap_horizon_1uav_maneuver,5004,7.0,True,,CORRECT_RECOVERY,True,,2.77350603204009,6.0
gap_horizon_1uav_maneuver,5004,8.0,True,,CORRECT_RECOVERY,True,,3.971926029640581,7.0
gap_horizon_1uav_maneuver,5004,9.0,True,,CORRECT_RECOVERY,True,,8.107831051915195,8.0
gap_horizon_1uav_maneuver,5005,10.0,True,,CORRECT_RECOVERY,True,,10.292482387119584,9.0
gap_horizon_1uav_maneuver,5005,11.0,True,,CORRECT_RECOVERY,True,,14.693395778603334,10.0
gap_horizon_1uav_maneuver,5005,12.0,True,,CORRECT_RECOVERY,True,,23.40166629226878,11.0
gap_horizon_1uav_maneuver,5005,13.0,True,,CORRECT_RECOVERY,True,,27.078060351781748,12.0
gap_horizon_1uav_maneuver,5005,14.0,True,,CORRECT_RECOVERY,True,,34.60268096642911,13.0
gap_horizon_1uav_maneuver,5005,15.0,True,,CORRECT_RECOVERY,True,,43.529639642355754,14.0
gap_horizon_1uav_maneuver,5005,16.0,True,,CORRECT_RECOVERY,True,,54.488098905096,15.0
gap_horizon_1uav_maneuver,5005,17.0,True,,CORRECT_RECOVERY,True,,70.25580456883579,16.0
gap_horizon_1uav_maneuver,5005,18.0,True,,CORRECT_RECOVERY,True,,81.6061291649289,17.0
gap_horizon_1uav_maneuver,5005,19.0,True,,CORRECT_RECOVERY,True,,96.80911894616713,18.0
gap_horizon_1uav_maneuver,5005,1.0,True,,CORRECT_RECOVERY,True,0.1370777695275185,,
gap_horizon_1uav_maneuver,5005,20.0,True,,CORRECT_RECOVERY,True,,115.09843386965268,19.0
gap_horizon_1uav_maneuver,5005,21.0,True,,CORRECT_RECOVERY,True,,133.7044867741264,20.0
gap_horizon_1uav_maneuver,5005,22.0,True,,CORRECT_RECOVERY,True,,148.88322169452954,21.0
gap_horizon_1uav_maneuver,5005,23.0,True,,CORRECT_RECOVERY,True,,168.03156503217804,22.0
gap_horizon_1uav_maneuver,5005,24.0,True,,CORRECT_RECOVERY,True,,174.64326469049394,23.0
gap_horizon_1uav_maneuver,5005,25.0,True,,CORRECT_RECOVERY,True,,200.76260642910435,24.0
gap_horizon_1uav_maneuver,5005,26.0,True,,CORRECT_RECOVERY,True,,208.57875939892222,25.0
gap_horizon_1uav_maneuver,5005,27.0,True,,CORRECT_RECOVERY,True,,229.91762032378213,26.0
gap_horizon_1uav_maneuver,5005,28.0,True,,CORRECT_RECOVERY,True,,231.92969836252615,27.0
gap_horizon_1uav_maneuver,5005,29.0,True,,CORRECT_RECOVERY,True,,250.28577373864093,28.0
gap_horizon_1uav_maneuver,5005,2.0,True,,CORRECT_RECOVERY,True,,0.3611113618201603,1.0
gap_horizon_1uav_maneuver,5005,30.0,True,,CORRECT_RECOVERY,True,,255.79058776083346,29.0
gap_horizon_1uav_maneuver,5005,31.0,True,DELETED,NO_RECOVERY,True,,260.2182249948597,29.0
gap_horizon_1uav_maneuver,5005,32.0,True,DELETED,NO_RECOVERY,True,,260.99830074792175,29.0
gap_horizon_1uav_maneuver,5005,3.0,True,,CORRECT_RECOVERY,True,,0.2918867581221224,2.0
gap_horizon_1uav_maneuver,5005,4.0,True,,CORRECT_RECOVERY,True,,1.1102943315486067,3.0
gap_horizon_1uav_maneuver,5005,5.0,True,,CORRECT_RECOVERY,True,,1.5286999012226934,4.0
gap_horizon_1uav_maneuver,5005,6.0,True,,CORRECT_RECOVERY,True,,1.3438638758743815,5.0
gap_horizon_1uav_maneuver,5005,7.0,True,,CORRECT_RECOVERY,True,,2.3112577297868526,6.0
gap_horizon_1uav_maneuver,5005,8.0,True,,CORRECT_RECOVERY,True,,6.967591867314849,7.0
gap_horizon_1uav_maneuver,5005,9.0,True,,CORRECT_RECOVERY,True,,6.177149820936563,8.0
gap_horizon_1uav_maneuver,5006,10.0,True,,CORRECT_RECOVERY,True,,9.276533399172369,9.0
gap_horizon_1uav_maneuver,5006,11.0,True,,CORRECT_RECOVERY,True,,14.945282480949512,10.0
gap_horizon_1uav_maneuver,5006,12.0,True,,CORRECT_RECOVERY,True,,20.023578164901156,11.0
gap_horizon_1uav_maneuver,5006,13.0,True,,CORRECT_RECOVERY,True,,28.73165618206368,12.0
gap_horizon_1uav_maneuver,5006,14.0,True,,CORRECT_RECOVERY,True,,38.31328310189953,13.0
gap_horizon_1uav_maneuver,5006,15.0,True,,CORRECT_RECOVERY,True,,45.31459727153605,14.0
gap_horizon_1uav_maneuver,5006,16.0,True,,CORRECT_RECOVERY,True,,57.543419860561706,15.0
gap_horizon_1uav_maneuver,5006,17.0,True,,CORRECT_RECOVERY,True,,69.96235989487545,16.0
gap_horizon_1uav_maneuver,5006,18.0,True,,CORRECT_RECOVERY,True,,80.40430645435838,17.0
gap_horizon_1uav_maneuver,5006,19.0,True,,CORRECT_RECOVERY,True,,96.4229783639337,18.0
gap_horizon_1uav_maneuver,5006,1.0,True,,CORRECT_RECOVERY,True,0.5178682132413673,,
gap_horizon_1uav_maneuver,5006,20.0,True,,CORRECT_RECOVERY,True,,110.45589820347331,19.0
gap_horizon_1uav_maneuver,5006,21.0,True,,CORRECT_RECOVERY,True,,127.86645591139579,20.0
gap_horizon_1uav_maneuver,5006,22.0,True,,CORRECT_RECOVERY,True,,147.83424555243525,21.0
gap_horizon_1uav_maneuver,5006,23.0,True,,CORRECT_RECOVERY,True,,163.97092713652358,22.0
gap_horizon_1uav_maneuver,5006,24.0,True,,CORRECT_RECOVERY,True,,183.4928518810412,23.0
gap_horizon_1uav_maneuver,5006,25.0,True,,CORRECT_RECOVERY,True,,202.62744487170716,24.0
gap_horizon_1uav_maneuver,5006,26.0,True,,CORRECT_RECOVERY,True,,188.73793047960837,25.0
gap_horizon_1uav_maneuver,5006,27.0,True,,CORRECT_RECOVERY,True,,225.58908417813893,26.0
gap_horizon_1uav_maneuver,5006,28.0,True,,CORRECT_RECOVERY,True,,243.22207507809722,27.0
gap_horizon_1uav_maneuver,5006,29.0,True,,CORRECT_RECOVERY,True,,251.31551138934537,28.0
gap_horizon_1uav_maneuver,5006,2.0,True,,CORRECT_RECOVERY,True,,0.5299091183176612,1.0
gap_horizon_1uav_maneuver,5006,30.0,True,,CORRECT_RECOVERY,True,,256.3559892749392,29.0
gap_horizon_1uav_maneuver,5006,31.0,True,DELETED,NO_RECOVERY,True,,258.25545314784426,29.0
gap_horizon_1uav_maneuver,5006,32.0,True,DELETED,NO_RECOVERY,True,,258.8095631852544,29.0
gap_horizon_1uav_maneuver,5006,3.0,True,,CORRECT_RECOVERY,True,,0.1355652868203617,2.0
gap_horizon_1uav_maneuver,5006,4.0,True,,CORRECT_RECOVERY,True,,2.863434649744515,3.0
gap_horizon_1uav_maneuver,5006,5.0,True,,CORRECT_RECOVERY,True,,1.0874756085779285,4.0
gap_horizon_1uav_maneuver,5006,6.0,True,,CORRECT_RECOVERY,True,,2.129195467010327,5.0
gap_horizon_1uav_maneuver,5006,7.0,True,,CORRECT_RECOVERY,True,,2.9492397132137844,6.0
gap_horizon_1uav_maneuver,5006,8.0,True,,CORRECT_RECOVERY,True,,5.076177968157876,7.0
gap_horizon_1uav_maneuver,5006,9.0,True,,CORRECT_RECOVERY,True,,6.8887966451741,8.0
gap_horizon_1uav_maneuver,5007,10.0,True,,CORRECT_RECOVERY,True,,9.32273458872774,9.0
gap_horizon_1uav_maneuver,5007,11.0,True,,CORRECT_RECOVERY,True,,12.422027554085478,10.0
gap_horizon_1uav_maneuver,5007,12.0,True,,CORRECT_RECOVERY,True,,18.25912497006193,11.0
gap_horizon_1uav_maneuver,5007,13.0,True,,CORRECT_RECOVERY,True,,26.61504533583451,12.0
gap_horizon_1uav_maneuver,5007,14.0,True,,CORRECT_RECOVERY,True,,37.24345700574313,13.0
gap_horizon_1uav_maneuver,5007,15.0,True,,CORRECT_RECOVERY,True,,44.67458944895818,14.0
gap_horizon_1uav_maneuver,5007,16.0,True,,CORRECT_RECOVERY,True,,53.46505595652254,15.0
gap_horizon_1uav_maneuver,5007,17.0,True,,CORRECT_RECOVERY,True,,66.41098535298626,16.0
gap_horizon_1uav_maneuver,5007,18.0,True,,CORRECT_RECOVERY,True,,80.85364923352536,17.0
gap_horizon_1uav_maneuver,5007,19.0,True,,CORRECT_RECOVERY,True,,97.147001098518,18.0
gap_horizon_1uav_maneuver,5007,1.0,True,,CORRECT_RECOVERY,True,0.19061995252093983,,
gap_horizon_1uav_maneuver,5007,20.0,True,,CORRECT_RECOVERY,True,,113.26638237352415,19.0
gap_horizon_1uav_maneuver,5007,21.0,True,,CORRECT_RECOVERY,True,,128.4277754915161,20.0
gap_horizon_1uav_maneuver,5007,22.0,True,,CORRECT_RECOVERY,True,,143.1721970613532,21.0
gap_horizon_1uav_maneuver,5007,23.0,True,,CORRECT_RECOVERY,True,,165.2325531262953,22.0
gap_horizon_1uav_maneuver,5007,24.0,True,,CORRECT_RECOVERY,True,,184.12158728138905,23.0
gap_horizon_1uav_maneuver,5007,25.0,True,,CORRECT_RECOVERY,True,,198.01115237654915,24.0
gap_horizon_1uav_maneuver,5007,26.0,True,,CORRECT_RECOVERY,True,,215.18711015861024,25.0
gap_horizon_1uav_maneuver,5007,27.0,True,,CORRECT_RECOVERY,True,,229.66618720587144,26.0
gap_horizon_1uav_maneuver,5007,28.0,True,,CORRECT_RECOVERY,True,,242.07590050119143,27.0
gap_horizon_1uav_maneuver,5007,29.0,True,,CORRECT_RECOVERY,True,,251.92014888825244,28.0
gap_horizon_1uav_maneuver,5007,2.0,True,,CORRECT_RECOVERY,True,,0.11852378895703287,1.0
gap_horizon_1uav_maneuver,5007,30.0,True,,CORRECT_RECOVERY,True,,260.946018310864,29.0
gap_horizon_1uav_maneuver,5007,31.0,True,DELETED,NO_RECOVERY,True,,255.8711690422492,29.0
gap_horizon_1uav_maneuver,5007,32.0,True,DELETED,NO_RECOVERY,True,,257.03661046820264,29.0
gap_horizon_1uav_maneuver,5007,3.0,True,,CORRECT_RECOVERY,True,,0.41261639736075983,2.0
gap_horizon_1uav_maneuver,5007,4.0,True,,CORRECT_RECOVERY,True,,0.5367739464578223,3.0
gap_horizon_1uav_maneuver,5007,5.0,True,,CORRECT_RECOVERY,True,,2.544796538414112,4.0
gap_horizon_1uav_maneuver,5007,6.0,True,,CORRECT_RECOVERY,True,,2.5491429249118043,5.0
gap_horizon_1uav_maneuver,5007,7.0,True,,CORRECT_RECOVERY,True,,2.375876122384832,6.0
gap_horizon_1uav_maneuver,5007,8.0,True,,CORRECT_RECOVERY,True,,5.57402435180804,7.0
gap_horizon_1uav_maneuver,5007,9.0,True,,CORRECT_RECOVERY,True,,5.439764671927252,8.0
gap_horizon_1uav_maneuver,5008,10.0,True,,CORRECT_RECOVERY,True,,9.49697751358686,9.0
gap_horizon_1uav_maneuver,5008,11.0,True,,CORRECT_RECOVERY,True,,17.230607887289864,10.0
gap_horizon_1uav_maneuver,5008,12.0,True,,CORRECT_RECOVERY,True,,21.658997031786175,11.0
gap_horizon_1uav_maneuver,5008,13.0,True,,CORRECT_RECOVERY,True,,27.688955843558283,12.0
gap_horizon_1uav_maneuver,5008,14.0,True,,CORRECT_RECOVERY,True,,33.12046926279197,13.0
gap_horizon_1uav_maneuver,5008,15.0,True,,CORRECT_RECOVERY,True,,44.04083929560726,14.0
gap_horizon_1uav_maneuver,5008,16.0,True,,CORRECT_RECOVERY,True,,55.95889707367677,15.0
gap_horizon_1uav_maneuver,5008,17.0,True,,CORRECT_RECOVERY,True,,66.21596261691187,16.0
gap_horizon_1uav_maneuver,5008,18.0,True,,CORRECT_RECOVERY,True,,81.63010566155218,17.0
gap_horizon_1uav_maneuver,5008,19.0,True,,CORRECT_RECOVERY,True,,98.14488184729808,18.0
gap_horizon_1uav_maneuver,5008,1.0,True,,CORRECT_RECOVERY,True,0.10891188124572056,,
gap_horizon_1uav_maneuver,5008,20.0,True,,CORRECT_RECOVERY,True,,112.12133250488576,19.0
gap_horizon_1uav_maneuver,5008,21.0,True,,CORRECT_RECOVERY,True,,131.85694424307619,20.0
gap_horizon_1uav_maneuver,5008,22.0,True,,CORRECT_RECOVERY,True,,148.5963408646787,21.0
gap_horizon_1uav_maneuver,5008,23.0,True,,CORRECT_RECOVERY,True,,167.92743423970276,22.0
gap_horizon_1uav_maneuver,5008,24.0,True,,CORRECT_RECOVERY,True,,177.69736101900048,23.0
gap_horizon_1uav_maneuver,5008,25.0,True,,CORRECT_RECOVERY,True,,196.41822758151224,24.0
gap_horizon_1uav_maneuver,5008,26.0,True,,CORRECT_RECOVERY,True,,217.00856420060015,25.0
gap_horizon_1uav_maneuver,5008,27.0,True,,CORRECT_RECOVERY,True,,229.04693452232743,26.0
gap_horizon_1uav_maneuver,5008,28.0,True,,CORRECT_RECOVERY,True,,242.15921160624484,27.0
gap_horizon_1uav_maneuver,5008,29.0,True,,CORRECT_RECOVERY,True,,252.9739833903638,28.0
gap_horizon_1uav_maneuver,5008,2.0,True,,CORRECT_RECOVERY,True,,0.5241314768286208,1.0
gap_horizon_1uav_maneuver,5008,30.0,True,,CORRECT_RECOVERY,True,,260.14622352735404,29.0
gap_horizon_1uav_maneuver,5008,31.0,True,DELETED,NO_RECOVERY,True,,258.3046387336775,29.0
gap_horizon_1uav_maneuver,5008,32.0,True,DELETED,NO_RECOVERY,True,,261.27095747309625,29.0
gap_horizon_1uav_maneuver,5008,3.0,True,,CORRECT_RECOVERY,True,,1.0541061928706164,2.0
gap_horizon_1uav_maneuver,5008,4.0,True,,CORRECT_RECOVERY,True,,0.74052356350289,3.0
gap_horizon_1uav_maneuver,5008,5.0,True,,CORRECT_RECOVERY,True,,2.1676868065329074,4.0
gap_horizon_1uav_maneuver,5008,6.0,True,,CORRECT_RECOVERY,True,,2.0357471928509225,5.0
gap_horizon_1uav_maneuver,5008,7.0,True,,CORRECT_RECOVERY,True,,4.020112028101403,6.0
gap_horizon_1uav_maneuver,5008,8.0,True,,CORRECT_RECOVERY,True,,4.477147684672863,7.0
gap_horizon_1uav_maneuver,5008,9.0,True,,CORRECT_RECOVERY,True,,7.540219540653723,8.0
gap_horizon_1uav_maneuver,5009,10.0,True,,CORRECT_RECOVERY,True,,10.469969063293556,9.0
gap_horizon_1uav_maneuver,5009,11.0,True,,CORRECT_RECOVERY,True,,15.584506359821189,10.0
gap_horizon_1uav_maneuver,5009,12.0,True,,CORRECT_RECOVERY,True,,19.985692012972205,11.0
gap_horizon_1uav_maneuver,5009,13.0,True,,CORRECT_RECOVERY,True,,25.781643046143582,12.0
gap_horizon_1uav_maneuver,5009,14.0,True,,CORRECT_RECOVERY,True,,34.04102719162388,13.0
gap_horizon_1uav_maneuver,5009,15.0,True,,CORRECT_RECOVERY,True,,44.00504606227748,14.0
gap_horizon_1uav_maneuver,5009,16.0,True,,CORRECT_RECOVERY,True,,55.60408707408959,15.0
gap_horizon_1uav_maneuver,5009,17.0,True,,CORRECT_RECOVERY,True,,69.01347034446674,16.0
gap_horizon_1uav_maneuver,5009,18.0,True,,CORRECT_RECOVERY,True,,78.68413374501841,17.0
gap_horizon_1uav_maneuver,5009,19.0,True,,CORRECT_RECOVERY,True,,96.4020293450295,18.0
gap_horizon_1uav_maneuver,5009,1.0,True,,CORRECT_RECOVERY,True,0.145888926969959,,
gap_horizon_1uav_maneuver,5009,20.0,True,,CORRECT_RECOVERY,True,,114.27821392020992,19.0
gap_horizon_1uav_maneuver,5009,21.0,True,,CORRECT_RECOVERY,True,,133.61101047833031,20.0
gap_horizon_1uav_maneuver,5009,22.0,True,,CORRECT_RECOVERY,True,,151.50562302599488,21.0
gap_horizon_1uav_maneuver,5009,23.0,True,,CORRECT_RECOVERY,True,,164.97145469874283,22.0
gap_horizon_1uav_maneuver,5009,24.0,True,,CORRECT_RECOVERY,True,,177.1951092260278,23.0
gap_horizon_1uav_maneuver,5009,25.0,True,,CORRECT_RECOVERY,True,,201.2470637966057,24.0
gap_horizon_1uav_maneuver,5009,26.0,True,,CORRECT_RECOVERY,True,,212.66858820886512,25.0
gap_horizon_1uav_maneuver,5009,27.0,True,,CORRECT_RECOVERY,True,,228.77157481688644,26.0
gap_horizon_1uav_maneuver,5009,28.0,True,,CORRECT_RECOVERY,True,,238.68120726725397,27.0
gap_horizon_1uav_maneuver,5009,29.0,True,,CORRECT_RECOVERY,True,,246.75830623594737,28.0
gap_horizon_1uav_maneuver,5009,2.0,True,,CORRECT_RECOVERY,True,,0.4545408736163629,1.0
gap_horizon_1uav_maneuver,5009,30.0,True,,CORRECT_RECOVERY,True,,260.69013579021606,29.0
gap_horizon_1uav_maneuver,5009,31.0,True,DELETED,NO_RECOVERY,True,,261.19064028888306,29.0
gap_horizon_1uav_maneuver,5009,32.0,True,DELETED,NO_RECOVERY,True,,256.22258625302635,29.0
gap_horizon_1uav_maneuver,5009,3.0,True,,CORRECT_RECOVERY,True,,1.0637237948382792,2.0
gap_horizon_1uav_maneuver,5009,4.0,True,,CORRECT_RECOVERY,True,,0.15971154705844534,3.0
gap_horizon_1uav_maneuver,5009,5.0,True,,CORRECT_RECOVERY,True,,2.0341558329307574,4.0
gap_horizon_1uav_maneuver,5009,6.0,True,,CORRECT_RECOVERY,True,,2.102916966125049,5.0
gap_horizon_1uav_maneuver,5009,7.0,True,,CORRECT_RECOVERY,True,,4.178217336790327,6.0
gap_horizon_1uav_maneuver,5009,8.0,True,,CORRECT_RECOVERY,True,,3.526445242246792,7.0
gap_horizon_1uav_maneuver,5009,9.0,True,,CORRECT_RECOVERY,True,,7.880188837148714,8.0
gap_horizon_1uav_maneuver,5010,10.0,True,,CORRECT_RECOVERY,True,,10.24355025751649,9.0
gap_horizon_1uav_maneuver,5010,11.0,True,,CORRECT_RECOVERY,True,,15.421005678965065,10.0
gap_horizon_1uav_maneuver,5010,12.0,True,,CORRECT_RECOVERY,True,,17.89651234297788,11.0
gap_horizon_1uav_maneuver,5010,13.0,True,,CORRECT_RECOVERY,True,,27.01442795277699,12.0
gap_horizon_1uav_maneuver,5010,14.0,True,,CORRECT_RECOVERY,True,,32.8668223995069,13.0
gap_horizon_1uav_maneuver,5010,15.0,True,,CORRECT_RECOVERY,True,,44.44167280522736,14.0
gap_horizon_1uav_maneuver,5010,16.0,True,,CORRECT_RECOVERY,True,,54.37650782177541,15.0
gap_horizon_1uav_maneuver,5010,17.0,True,,CORRECT_RECOVERY,True,,67.40965607855267,16.0
gap_horizon_1uav_maneuver,5010,18.0,True,,CORRECT_RECOVERY,True,,80.20062957387103,17.0
gap_horizon_1uav_maneuver,5010,19.0,True,,CORRECT_RECOVERY,True,,97.96439569147587,18.0
gap_horizon_1uav_maneuver,5010,1.0,True,,CORRECT_RECOVERY,True,0.1421851247417413,,
gap_horizon_1uav_maneuver,5010,20.0,True,,CORRECT_RECOVERY,True,,115.20434665249161,19.0
gap_horizon_1uav_maneuver,5010,21.0,True,,CORRECT_RECOVERY,True,,123.04811573976286,20.0
gap_horizon_1uav_maneuver,5010,22.0,True,,CORRECT_RECOVERY,True,,151.41087060521593,21.0
gap_horizon_1uav_maneuver,5010,23.0,True,,CORRECT_RECOVERY,True,,167.61579468556477,22.0
gap_horizon_1uav_maneuver,5010,24.0,True,,CORRECT_RECOVERY,True,,171.56304082955128,23.0
gap_horizon_1uav_maneuver,5010,25.0,True,,CORRECT_RECOVERY,True,,201.52359227767582,24.0
gap_horizon_1uav_maneuver,5010,26.0,True,,CORRECT_RECOVERY,True,,214.1942504810192,25.0
gap_horizon_1uav_maneuver,5010,27.0,True,,CORRECT_RECOVERY,True,,228.66318633365492,26.0
gap_horizon_1uav_maneuver,5010,28.0,True,,CORRECT_RECOVERY,True,,240.7103929411625,27.0
gap_horizon_1uav_maneuver,5010,29.0,True,,CORRECT_RECOVERY,True,,247.82575182793272,28.0
gap_horizon_1uav_maneuver,5010,2.0,True,,CORRECT_RECOVERY,True,,0.2679130377254749,1.0
gap_horizon_1uav_maneuver,5010,30.0,True,,CORRECT_RECOVERY,True,,253.16658385016632,29.0
gap_horizon_1uav_maneuver,5010,31.0,True,DELETED,NO_RECOVERY,True,,260.8926659106505,29.0
gap_horizon_1uav_maneuver,5010,32.0,True,DELETED,NO_RECOVERY,True,,257.47588040653557,29.0
gap_horizon_1uav_maneuver,5010,3.0,True,,CORRECT_RECOVERY,True,,0.28950343044434174,2.0
gap_horizon_1uav_maneuver,5010,4.0,True,,CORRECT_RECOVERY,True,,1.0349516979385207,3.0
gap_horizon_1uav_maneuver,5010,5.0,True,,CORRECT_RECOVERY,True,,1.0262793236748895,4.0
gap_horizon_1uav_maneuver,5010,6.0,True,,CORRECT_RECOVERY,True,,4.222051887510331,5.0
gap_horizon_1uav_maneuver,5010,7.0,True,,CORRECT_RECOVERY,True,,5.9331007457935545,6.0
gap_horizon_1uav_maneuver,5010,8.0,True,,CORRECT_RECOVERY,True,,2.7376606928559086,7.0
gap_horizon_1uav_maneuver,5010,9.0,True,,CORRECT_RECOVERY,True,,7.498331272723252,8.0
gap_horizon_1uav_maneuver,5011,10.0,True,,CORRECT_RECOVERY,True,,14.00946974550307,9.0
gap_horizon_1uav_maneuver,5011,11.0,True,,CORRECT_RECOVERY,True,,14.94644781195175,10.0
gap_horizon_1uav_maneuver,5011,12.0,True,,CORRECT_RECOVERY,True,,18.641359042543005,11.0
gap_horizon_1uav_maneuver,5011,13.0,True,,CORRECT_RECOVERY,True,,29.620834296483583,12.0
gap_horizon_1uav_maneuver,5011,14.0,True,,CORRECT_RECOVERY,True,,35.91242989196899,13.0
gap_horizon_1uav_maneuver,5011,15.0,True,,CORRECT_RECOVERY,True,,43.11445224124609,14.0
gap_horizon_1uav_maneuver,5011,16.0,True,,CORRECT_RECOVERY,True,,60.20663901903233,15.0
gap_horizon_1uav_maneuver,5011,17.0,True,,CORRECT_RECOVERY,True,,70.54690679806271,16.0
gap_horizon_1uav_maneuver,5011,18.0,True,,CORRECT_RECOVERY,True,,84.50913883663146,17.0
gap_horizon_1uav_maneuver,5011,19.0,True,,CORRECT_RECOVERY,True,,103.2575122325662,18.0
gap_horizon_1uav_maneuver,5011,1.0,True,,CORRECT_RECOVERY,True,0.4283152740298039,,
gap_horizon_1uav_maneuver,5011,20.0,True,,CORRECT_RECOVERY,True,,112.88380905750142,19.0
gap_horizon_1uav_maneuver,5011,21.0,True,,CORRECT_RECOVERY,True,,131.58939339977277,20.0
gap_horizon_1uav_maneuver,5011,22.0,True,,CORRECT_RECOVERY,True,,150.0811432997356,21.0
gap_horizon_1uav_maneuver,5011,23.0,True,,CORRECT_RECOVERY,True,,167.6885330948209,22.0
gap_horizon_1uav_maneuver,5011,24.0,True,,CORRECT_RECOVERY,True,,177.81697627238597,23.0
gap_horizon_1uav_maneuver,5011,25.0,True,,CORRECT_RECOVERY,True,,201.57364760243743,24.0
gap_horizon_1uav_maneuver,5011,26.0,True,,CORRECT_RECOVERY,True,,217.82881425962054,25.0
gap_horizon_1uav_maneuver,5011,27.0,True,,CORRECT_RECOVERY,True,,230.5592144570219,26.0
gap_horizon_1uav_maneuver,5011,28.0,True,,CORRECT_RECOVERY,True,,231.7186046077517,27.0
gap_horizon_1uav_maneuver,5011,29.0,True,,CORRECT_RECOVERY,True,,252.34737795622837,28.0
gap_horizon_1uav_maneuver,5011,2.0,True,,CORRECT_RECOVERY,True,,0.5216694999066619,1.0
gap_horizon_1uav_maneuver,5011,30.0,True,,CORRECT_RECOVERY,True,,245.31138954098654,29.0
gap_horizon_1uav_maneuver,5011,31.0,True,DELETED,NO_RECOVERY,True,,259.93623432681943,29.0
gap_horizon_1uav_maneuver,5011,32.0,True,DELETED,NO_RECOVERY,True,,259.8621385558975,29.0
gap_horizon_1uav_maneuver,5011,3.0,True,,CORRECT_RECOVERY,True,,1.0154386961286237,2.0
gap_horizon_1uav_maneuver,5011,4.0,True,,CORRECT_RECOVERY,True,,1.496958486062794,3.0
gap_horizon_1uav_maneuver,5011,5.0,True,,CORRECT_RECOVERY,True,,2.3583356993318167,4.0
gap_horizon_1uav_maneuver,5011,6.0,True,,CORRECT_RECOVERY,True,,3.591320113307235,5.0
gap_horizon_1uav_maneuver,5011,7.0,True,,CORRECT_RECOVERY,True,,5.494350547182867,6.0
gap_horizon_1uav_maneuver,5011,8.0,True,,CORRECT_RECOVERY,True,,6.070166210442896,7.0
gap_horizon_1uav_maneuver,5011,9.0,True,,CORRECT_RECOVERY,True,,8.161603257371855,8.0
gap_horizon_1uav_maneuver,5012,10.0,True,,CORRECT_RECOVERY,True,,10.29663993490234,9.0
gap_horizon_1uav_maneuver,5012,11.0,True,,CORRECT_RECOVERY,True,,13.877385983261998,10.0
gap_horizon_1uav_maneuver,5012,12.0,True,,CORRECT_RECOVERY,True,,19.509114819182408,11.0
gap_horizon_1uav_maneuver,5012,13.0,True,,CORRECT_RECOVERY,True,,26.207699386327707,12.0
gap_horizon_1uav_maneuver,5012,14.0,True,,CORRECT_RECOVERY,True,,34.41472624939692,13.0
gap_horizon_1uav_maneuver,5012,15.0,True,,CORRECT_RECOVERY,True,,43.240326996302976,14.0
gap_horizon_1uav_maneuver,5012,16.0,True,,CORRECT_RECOVERY,True,,53.87490801633858,15.0
gap_horizon_1uav_maneuver,5012,17.0,True,,CORRECT_RECOVERY,True,,67.23130916781722,16.0
gap_horizon_1uav_maneuver,5012,18.0,True,,CORRECT_RECOVERY,True,,89.1857808011246,17.0
gap_horizon_1uav_maneuver,5012,19.0,True,,CORRECT_RECOVERY,True,,98.35769252425878,18.0
gap_horizon_1uav_maneuver,5012,1.0,True,,CORRECT_RECOVERY,True,0.1223244997430333,,
gap_horizon_1uav_maneuver,5012,20.0,True,,CORRECT_RECOVERY,True,,114.72241735530264,19.0
gap_horizon_1uav_maneuver,5012,21.0,True,,CORRECT_RECOVERY,True,,131.46605207992252,20.0
gap_horizon_1uav_maneuver,5012,22.0,True,,CORRECT_RECOVERY,True,,146.99597766890022,21.0
gap_horizon_1uav_maneuver,5012,23.0,True,,CORRECT_RECOVERY,True,,165.4755220701169,22.0
gap_horizon_1uav_maneuver,5012,24.0,True,,CORRECT_RECOVERY,True,,182.5658324082185,23.0
gap_horizon_1uav_maneuver,5012,25.0,True,,CORRECT_RECOVERY,True,,201.29458286447303,24.0
gap_horizon_1uav_maneuver,5012,26.0,True,,CORRECT_RECOVERY,True,,217.2314897033837,25.0
gap_horizon_1uav_maneuver,5012,27.0,True,,CORRECT_RECOVERY,True,,225.4245729878061,26.0
gap_horizon_1uav_maneuver,5012,28.0,True,,CORRECT_RECOVERY,True,,241.8007867767615,27.0
gap_horizon_1uav_maneuver,5012,29.0,True,,CORRECT_RECOVERY,True,,251.85353430423677,28.0
gap_horizon_1uav_maneuver,5012,2.0,True,,CORRECT_RECOVERY,True,,0.5751720230953586,1.0
gap_horizon_1uav_maneuver,5012,30.0,True,,CORRECT_RECOVERY,True,,259.48605248644526,29.0
gap_horizon_1uav_maneuver,5012,31.0,True,DELETED,NO_RECOVERY,True,,260.5398330659296,29.0
gap_horizon_1uav_maneuver,5012,32.0,True,DELETED,NO_RECOVERY,True,,258.3437775829522,29.0
gap_horizon_1uav_maneuver,5012,3.0,True,,CORRECT_RECOVERY,True,,1.4283910282139165,2.0
gap_horizon_1uav_maneuver,5012,4.0,True,,CORRECT_RECOVERY,True,,0.5198929272885888,3.0
gap_horizon_1uav_maneuver,5012,5.0,True,,CORRECT_RECOVERY,True,,0.9825400925216322,4.0
gap_horizon_1uav_maneuver,5012,6.0,True,,CORRECT_RECOVERY,True,,2.0458996593598346,5.0
gap_horizon_1uav_maneuver,5012,7.0,True,,CORRECT_RECOVERY,True,,2.594172440201714,6.0
gap_horizon_1uav_maneuver,5012,8.0,True,,CORRECT_RECOVERY,True,,4.741582280208247,7.0
gap_horizon_1uav_maneuver,5012,9.0,True,,CORRECT_RECOVERY,True,,6.543108600237641,8.0
gap_horizon_1uav_maneuver,5013,10.0,True,,CORRECT_RECOVERY,True,,10.113287409238463,9.0
gap_horizon_1uav_maneuver,5013,11.0,True,,CORRECT_RECOVERY,True,,13.424216204116204,10.0
gap_horizon_1uav_maneuver,5013,12.0,True,,CORRECT_RECOVERY,True,,21.032992377861433,11.0
gap_horizon_1uav_maneuver,5013,13.0,True,,CORRECT_RECOVERY,True,,27.65915580520181,12.0
gap_horizon_1uav_maneuver,5013,14.0,True,,CORRECT_RECOVERY,True,,32.461878721386135,13.0
gap_horizon_1uav_maneuver,5013,15.0,True,,CORRECT_RECOVERY,True,,45.37282195782597,14.0
gap_horizon_1uav_maneuver,5013,16.0,True,,CORRECT_RECOVERY,True,,54.48404341545575,15.0
gap_horizon_1uav_maneuver,5013,17.0,True,,CORRECT_RECOVERY,True,,73.32763521760158,16.0
gap_horizon_1uav_maneuver,5013,18.0,True,,CORRECT_RECOVERY,True,,82.03749073911773,17.0
gap_horizon_1uav_maneuver,5013,19.0,True,,CORRECT_RECOVERY,True,,95.41639211105439,18.0
gap_horizon_1uav_maneuver,5013,1.0,True,,CORRECT_RECOVERY,True,0.3556630527385365,,
gap_horizon_1uav_maneuver,5013,20.0,True,,CORRECT_RECOVERY,True,,114.25370787068078,19.0
gap_horizon_1uav_maneuver,5013,21.0,True,,CORRECT_RECOVERY,True,,130.94371317608474,20.0
gap_horizon_1uav_maneuver,5013,22.0,True,,CORRECT_RECOVERY,True,,142.67351022500685,21.0
gap_horizon_1uav_maneuver,5013,23.0,True,,CORRECT_RECOVERY,True,,162.61767240177696,22.0
gap_horizon_1uav_maneuver,5013,24.0,True,,CORRECT_RECOVERY,True,,176.63033634077826,23.0
gap_horizon_1uav_maneuver,5013,25.0,True,,CORRECT_RECOVERY,True,,197.84070292065104,24.0
gap_horizon_1uav_maneuver,5013,26.0,True,,CORRECT_RECOVERY,True,,215.27133107486387,25.0
gap_horizon_1uav_maneuver,5013,27.0,True,,CORRECT_RECOVERY,True,,228.6043523511169,26.0
gap_horizon_1uav_maneuver,5013,28.0,True,,CORRECT_RECOVERY,True,,230.1594847940667,27.0
gap_horizon_1uav_maneuver,5013,29.0,True,,CORRECT_RECOVERY,True,,250.80085009113202,28.0
gap_horizon_1uav_maneuver,5013,2.0,True,,CORRECT_RECOVERY,True,,0.5150661730506254,1.0
gap_horizon_1uav_maneuver,5013,30.0,True,,CORRECT_RECOVERY,True,,247.806166313442,29.0
gap_horizon_1uav_maneuver,5013,31.0,True,DELETED,NO_RECOVERY,True,,258.7140868614459,29.0
gap_horizon_1uav_maneuver,5013,32.0,True,DELETED,NO_RECOVERY,True,,259.4959290957691,29.0
gap_horizon_1uav_maneuver,5013,3.0,True,,CORRECT_RECOVERY,True,,1.0085577847705478,2.0
gap_horizon_1uav_maneuver,5013,4.0,True,,CORRECT_RECOVERY,True,,1.1025289675585845,3.0
gap_horizon_1uav_maneuver,5013,5.0,True,,CORRECT_RECOVERY,True,,2.0741544419258715,4.0
gap_horizon_1uav_maneuver,5013,6.0,True,,CORRECT_RECOVERY,True,,1.3969217489246095,5.0
gap_horizon_1uav_maneuver,5013,7.0,True,,CORRECT_RECOVERY,True,,2.1454002600451605,6.0
gap_horizon_1uav_maneuver,5013,8.0,True,,CORRECT_RECOVERY,True,,2.718213717117488,7.0
gap_horizon_1uav_maneuver,5013,9.0,True,,CORRECT_RECOVERY,True,,7.543654272638326,8.0
gap_horizon_1uav_maneuver,5014,10.0,True,,CORRECT_RECOVERY,True,,7.678984132337119,9.0
gap_horizon_1uav_maneuver,5014,11.0,True,,CORRECT_RECOVERY,True,,16.847953031902907,10.0
gap_horizon_1uav_maneuver,5014,12.0,True,,CORRECT_RECOVERY,True,,17.436230350750982,11.0
gap_horizon_1uav_maneuver,5014,13.0,True,,CORRECT_RECOVERY,True,,26.44892730111385,12.0
gap_horizon_1uav_maneuver,5014,14.0,True,,CORRECT_RECOVERY,True,,37.63177210693839,13.0
gap_horizon_1uav_maneuver,5014,15.0,True,,CORRECT_RECOVERY,True,,50.78084898201762,14.0
gap_horizon_1uav_maneuver,5014,16.0,True,,CORRECT_RECOVERY,True,,54.32445724488376,15.0
gap_horizon_1uav_maneuver,5014,17.0,True,,CORRECT_RECOVERY,True,,68.45308170112152,16.0
gap_horizon_1uav_maneuver,5014,18.0,True,,CORRECT_RECOVERY,True,,81.66122684356856,17.0
gap_horizon_1uav_maneuver,5014,19.0,True,,CORRECT_RECOVERY,True,,96.55224276964708,18.0
gap_horizon_1uav_maneuver,5014,1.0,True,,CORRECT_RECOVERY,True,0.1883019469120999,,
gap_horizon_1uav_maneuver,5014,20.0,True,,CORRECT_RECOVERY,True,,115.59463508275849,19.0
gap_horizon_1uav_maneuver,5014,21.0,True,,CORRECT_RECOVERY,True,,133.56692195925925,20.0
gap_horizon_1uav_maneuver,5014,22.0,True,,CORRECT_RECOVERY,True,,147.63257846841609,21.0
gap_horizon_1uav_maneuver,5014,23.0,True,,CORRECT_RECOVERY,True,,167.60004441616482,22.0
gap_horizon_1uav_maneuver,5014,24.0,True,,CORRECT_RECOVERY,True,,176.3326911540562,23.0
gap_horizon_1uav_maneuver,5014,25.0,True,,CORRECT_RECOVERY,True,,196.99680735215483,24.0
gap_horizon_1uav_maneuver,5014,26.0,True,,CORRECT_RECOVERY,True,,213.53195216276666,25.0
gap_horizon_1uav_maneuver,5014,27.0,True,,CORRECT_RECOVERY,True,,226.20597763046877,26.0
gap_horizon_1uav_maneuver,5014,28.0,True,,CORRECT_RECOVERY,True,,240.38091966164117,27.0
gap_horizon_1uav_maneuver,5014,29.0,True,,CORRECT_RECOVERY,True,,250.4177304120624,28.0
gap_horizon_1uav_maneuver,5014,2.0,True,,CORRECT_RECOVERY,True,,0.2867110627080678,1.0
gap_horizon_1uav_maneuver,5014,30.0,True,,CORRECT_RECOVERY,True,,257.9142181376541,29.0
gap_horizon_1uav_maneuver,5014,31.0,True,DELETED,NO_RECOVERY,True,,259.91863418721556,29.0
gap_horizon_1uav_maneuver,5014,32.0,True,DELETED,NO_RECOVERY,True,,258.26245705092487,29.0
gap_horizon_1uav_maneuver,5014,3.0,True,,CORRECT_RECOVERY,True,,0.7777451843193907,2.0
gap_horizon_1uav_maneuver,5014,4.0,True,,CORRECT_RECOVERY,True,,1.4925336313916635,3.0
gap_horizon_1uav_maneuver,5014,5.0,True,,CORRECT_RECOVERY,True,,1.76204484081648,4.0
gap_horizon_1uav_maneuver,5014,6.0,True,,CORRECT_RECOVERY,True,,3.369029377170885,5.0
gap_horizon_1uav_maneuver,5014,7.0,True,,CORRECT_RECOVERY,True,,5.080999876228527,6.0
gap_horizon_1uav_maneuver,5014,8.0,True,,CORRECT_RECOVERY,True,,5.555780715689947,7.0
gap_horizon_1uav_maneuver,5014,9.0,True,,CORRECT_RECOVERY,True,,9.776541441709558,8.0
gap_horizon_1uav_maneuver,5015,10.0,True,,CORRECT_RECOVERY,True,,9.214288094982455,9.0
gap_horizon_1uav_maneuver,5015,11.0,True,,CORRECT_RECOVERY,True,,15.359416382612066,10.0
gap_horizon_1uav_maneuver,5015,12.0,True,,CORRECT_RECOVERY,True,,21.695513419842143,11.0
gap_horizon_1uav_maneuver,5015,13.0,True,,CORRECT_RECOVERY,True,,34.295923143170945,12.0
gap_horizon_1uav_maneuver,5015,14.0,True,,CORRECT_RECOVERY,True,,34.19078705655221,13.0
gap_horizon_1uav_maneuver,5015,15.0,True,,CORRECT_RECOVERY,True,,43.63901948187507,14.0
gap_horizon_1uav_maneuver,5015,16.0,True,,CORRECT_RECOVERY,True,,57.11330359433937,15.0
gap_horizon_1uav_maneuver,5015,17.0,True,,CORRECT_RECOVERY,True,,67.61191256428917,16.0
gap_horizon_1uav_maneuver,5015,18.0,True,,CORRECT_RECOVERY,True,,82.59411838285482,17.0
gap_horizon_1uav_maneuver,5015,19.0,True,,CORRECT_RECOVERY,True,,94.82384157947054,18.0
gap_horizon_1uav_maneuver,5015,1.0,True,,CORRECT_RECOVERY,True,0.2657322081868899,,
gap_horizon_1uav_maneuver,5015,20.0,True,,CORRECT_RECOVERY,True,,113.9681949404304,19.0
gap_horizon_1uav_maneuver,5015,21.0,True,,CORRECT_RECOVERY,True,,133.4464656846087,20.0
gap_horizon_1uav_maneuver,5015,22.0,True,,CORRECT_RECOVERY,True,,145.80893347131584,21.0
gap_horizon_1uav_maneuver,5015,23.0,True,,CORRECT_RECOVERY,True,,165.85254450711454,22.0
gap_horizon_1uav_maneuver,5015,24.0,True,,CORRECT_RECOVERY,True,,184.96605509714928,23.0
gap_horizon_1uav_maneuver,5015,25.0,True,,CORRECT_RECOVERY,True,,201.12220293828702,24.0
gap_horizon_1uav_maneuver,5015,26.0,True,,CORRECT_RECOVERY,True,,211.74543157184038,25.0
gap_horizon_1uav_maneuver,5015,27.0,True,,CORRECT_RECOVERY,True,,230.77255337552825,26.0
gap_horizon_1uav_maneuver,5015,28.0,True,,CORRECT_RECOVERY,True,,241.01378501754868,27.0
gap_horizon_1uav_maneuver,5015,29.0,True,,CORRECT_RECOVERY,True,,252.67997494555058,28.0
gap_horizon_1uav_maneuver,5015,2.0,True,,CORRECT_RECOVERY,True,,0.6287812181907699,1.0
gap_horizon_1uav_maneuver,5015,30.0,True,,CORRECT_RECOVERY,True,,259.15908594166467,29.0
gap_horizon_1uav_maneuver,5015,31.0,True,DELETED,NO_RECOVERY,True,,243.22665003014268,29.0
gap_horizon_1uav_maneuver,5015,32.0,True,DELETED,NO_RECOVERY,True,,254.2972601282933,29.0
gap_horizon_1uav_maneuver,5015,3.0,True,,CORRECT_RECOVERY,True,,1.9991784844205325,2.0
gap_horizon_1uav_maneuver,5015,4.0,True,,CORRECT_RECOVERY,True,,0.661305638129318,3.0
gap_horizon_1uav_maneuver,5015,5.0,True,,CORRECT_RECOVERY,True,,1.2481226299357613,4.0
gap_horizon_1uav_maneuver,5015,6.0,True,,CORRECT_RECOVERY,True,,1.1748656001586169,5.0
gap_horizon_1uav_maneuver,5015,7.0,True,,CORRECT_RECOVERY,True,,2.2300851984576653,6.0
gap_horizon_1uav_maneuver,5015,8.0,True,,CORRECT_RECOVERY,True,,4.3551187742669395,7.0
gap_horizon_1uav_maneuver,5015,9.0,True,,CORRECT_RECOVERY,True,,13.383425899996379,8.0
gap_horizon_1uav_maneuver,5016,10.0,True,,CORRECT_RECOVERY,True,,9.094177884714158,9.0
gap_horizon_1uav_maneuver,5016,11.0,True,,CORRECT_RECOVERY,True,,15.286529278678815,10.0
gap_horizon_1uav_maneuver,5016,12.0,True,,CORRECT_RECOVERY,True,,18.83228610451727,11.0
gap_horizon_1uav_maneuver,5016,13.0,True,,CORRECT_RECOVERY,True,,26.76908045479026,12.0
gap_horizon_1uav_maneuver,5016,14.0,True,,CORRECT_RECOVERY,True,,33.693219254300665,13.0
gap_horizon_1uav_maneuver,5016,15.0,True,,CORRECT_RECOVERY,True,,43.897439393835654,14.0
gap_horizon_1uav_maneuver,5016,16.0,True,,CORRECT_RECOVERY,True,,55.25605150220459,15.0
gap_horizon_1uav_maneuver,5016,17.0,True,,CORRECT_RECOVERY,True,,69.70009189632212,16.0
gap_horizon_1uav_maneuver,5016,18.0,True,,CORRECT_RECOVERY,True,,84.11099846044793,17.0
gap_horizon_1uav_maneuver,5016,19.0,True,,CORRECT_RECOVERY,True,,100.01874116292613,18.0
gap_horizon_1uav_maneuver,5016,1.0,True,,CORRECT_RECOVERY,True,0.28613341432320677,,
gap_horizon_1uav_maneuver,5016,20.0,True,,CORRECT_RECOVERY,True,,112.93932889461696,19.0
gap_horizon_1uav_maneuver,5016,21.0,True,,CORRECT_RECOVERY,True,,126.70023515263208,20.0
gap_horizon_1uav_maneuver,5016,22.0,True,,CORRECT_RECOVERY,True,,149.0238835991321,21.0
gap_horizon_1uav_maneuver,5016,23.0,True,,CORRECT_RECOVERY,True,,165.1227395343731,22.0
gap_horizon_1uav_maneuver,5016,24.0,True,,CORRECT_RECOVERY,True,,185.13165641798068,23.0
gap_horizon_1uav_maneuver,5016,25.0,True,,CORRECT_RECOVERY,True,,199.18349737488356,24.0
gap_horizon_1uav_maneuver,5016,26.0,True,,CORRECT_RECOVERY,True,,208.80889865300932,25.0
gap_horizon_1uav_maneuver,5016,27.0,True,,CORRECT_RECOVERY,True,,230.46188154308948,26.0
gap_horizon_1uav_maneuver,5016,28.0,True,,CORRECT_RECOVERY,True,,241.92096131667628,27.0
gap_horizon_1uav_maneuver,5016,29.0,True,,CORRECT_RECOVERY,True,,250.80491097155453,28.0
gap_horizon_1uav_maneuver,5016,2.0,True,,CORRECT_RECOVERY,True,,0.4453965605736244,1.0
gap_horizon_1uav_maneuver,5016,30.0,True,,CORRECT_RECOVERY,True,,253.98922172951976,29.0
gap_horizon_1uav_maneuver,5016,31.0,True,DELETED,NO_RECOVERY,True,,260.01025190652535,29.0
gap_horizon_1uav_maneuver,5016,32.0,True,DELETED,NO_RECOVERY,True,,260.0979583900674,29.0
gap_horizon_1uav_maneuver,5016,3.0,True,,CORRECT_RECOVERY,True,,0.8788484675618702,2.0
gap_horizon_1uav_maneuver,5016,4.0,True,,CORRECT_RECOVERY,True,,1.2229501764440216,3.0
gap_horizon_1uav_maneuver,5016,5.0,True,,CORRECT_RECOVERY,True,,0.7565513343106818,4.0
gap_horizon_1uav_maneuver,5016,6.0,True,,CORRECT_RECOVERY,True,,2.401893964316472,5.0
gap_horizon_1uav_maneuver,5016,7.0,True,,CORRECT_RECOVERY,True,,6.277611177320945,6.0
gap_horizon_1uav_maneuver,5016,8.0,True,,CORRECT_RECOVERY,True,,8.350547200880278,7.0
gap_horizon_1uav_maneuver,5016,9.0,True,,CORRECT_RECOVERY,True,,7.913874813518722,8.0
gap_horizon_1uav_maneuver,5017,10.0,True,,CORRECT_RECOVERY,True,,12.818484980704705,9.0
gap_horizon_1uav_maneuver,5017,11.0,True,,CORRECT_RECOVERY,True,,21.74859813490132,10.0
gap_horizon_1uav_maneuver,5017,12.0,True,,CORRECT_RECOVERY,True,,18.27611327420374,11.0
gap_horizon_1uav_maneuver,5017,13.0,True,,CORRECT_RECOVERY,True,,26.693423217774694,12.0
gap_horizon_1uav_maneuver,5017,14.0,True,,CORRECT_RECOVERY,True,,35.17332257085106,13.0
gap_horizon_1uav_maneuver,5017,15.0,True,,CORRECT_RECOVERY,True,,43.072595412665244,14.0
gap_horizon_1uav_maneuver,5017,16.0,True,,CORRECT_RECOVERY,True,,55.86404293365641,15.0
gap_horizon_1uav_maneuver,5017,17.0,True,,CORRECT_RECOVERY,True,,67.34095181404352,16.0
gap_horizon_1uav_maneuver,5017,18.0,True,,CORRECT_RECOVERY,True,,81.39454179914885,17.0
gap_horizon_1uav_maneuver,5017,19.0,True,,CORRECT_RECOVERY,True,,95.46555468322663,18.0
gap_horizon_1uav_maneuver,5017,1.0,True,,CORRECT_RECOVERY,True,0.08052184000863548,,
gap_horizon_1uav_maneuver,5017,20.0,True,,CORRECT_RECOVERY,True,,113.56803034587975,19.0
gap_horizon_1uav_maneuver,5017,21.0,True,,CORRECT_RECOVERY,True,,130.80048746475657,20.0
gap_horizon_1uav_maneuver,5017,22.0,True,,CORRECT_RECOVERY,True,,148.20967034902114,21.0
gap_horizon_1uav_maneuver,5017,23.0,True,,CORRECT_RECOVERY,True,,166.60246624827423,22.0
gap_horizon_1uav_maneuver,5017,24.0,True,,CORRECT_RECOVERY,True,,185.0416588909977,23.0
gap_horizon_1uav_maneuver,5017,25.0,True,,CORRECT_RECOVERY,True,,201.3875487913157,24.0
gap_horizon_1uav_maneuver,5017,26.0,True,,CORRECT_RECOVERY,True,,207.88722719132474,25.0
gap_horizon_1uav_maneuver,5017,27.0,True,,CORRECT_RECOVERY,True,,230.79901774081122,26.0
gap_horizon_1uav_maneuver,5017,28.0,True,,CORRECT_RECOVERY,True,,243.00857507679135,27.0
gap_horizon_1uav_maneuver,5017,29.0,True,,CORRECT_RECOVERY,True,,243.1336788966981,28.0
gap_horizon_1uav_maneuver,5017,2.0,True,,CORRECT_RECOVERY,True,,0.5947396078624627,1.0
gap_horizon_1uav_maneuver,5017,30.0,True,,CORRECT_RECOVERY,True,,260.61629418246633,29.0
gap_horizon_1uav_maneuver,5017,31.0,True,DELETED,NO_RECOVERY,True,,260.6306408857442,29.0
gap_horizon_1uav_maneuver,5017,32.0,True,DELETED,NO_RECOVERY,True,,255.41547530213404,29.0
gap_horizon_1uav_maneuver,5017,3.0,True,,CORRECT_RECOVERY,True,,0.6201614848932788,2.0
gap_horizon_1uav_maneuver,5017,4.0,True,,CORRECT_RECOVERY,True,,2.2050056583696103,3.0
gap_horizon_1uav_maneuver,5017,5.0,True,,CORRECT_RECOVERY,True,,1.9418526572186123,4.0
gap_horizon_1uav_maneuver,5017,6.0,True,,CORRECT_RECOVERY,True,,1.4725133528935168,5.0
gap_horizon_1uav_maneuver,5017,7.0,True,,CORRECT_RECOVERY,True,,7.337682502412188,6.0
gap_horizon_1uav_maneuver,5017,8.0,True,,CORRECT_RECOVERY,True,,5.999309913755404,7.0
gap_horizon_1uav_maneuver,5017,9.0,True,,CORRECT_RECOVERY,True,,9.344137866914448,8.0
gap_horizon_1uav_maneuver,5018,10.0,True,,CORRECT_RECOVERY,True,,12.821462121211763,9.0
gap_horizon_1uav_maneuver,5018,11.0,True,,CORRECT_RECOVERY,True,,15.540878904701286,10.0
gap_horizon_1uav_maneuver,5018,12.0,True,,CORRECT_RECOVERY,True,,25.215758750257432,11.0
gap_horizon_1uav_maneuver,5018,13.0,True,,CORRECT_RECOVERY,True,,27.30452158878789,12.0
gap_horizon_1uav_maneuver,5018,14.0,True,,CORRECT_RECOVERY,True,,33.800527836555226,13.0
gap_horizon_1uav_maneuver,5018,15.0,True,,CORRECT_RECOVERY,True,,41.31388545928114,14.0
gap_horizon_1uav_maneuver,5018,16.0,True,,CORRECT_RECOVERY,True,,53.99879127837449,15.0
gap_horizon_1uav_maneuver,5018,17.0,True,,CORRECT_RECOVERY,True,,68.78512506662591,16.0
gap_horizon_1uav_maneuver,5018,18.0,True,,CORRECT_RECOVERY,True,,82.65336986984704,17.0
gap_horizon_1uav_maneuver,5018,19.0,True,,CORRECT_RECOVERY,True,,95.60603410478319,18.0
gap_horizon_1uav_maneuver,5018,1.0,True,,CORRECT_RECOVERY,True,0.44555363337151066,,
gap_horizon_1uav_maneuver,5018,20.0,True,,CORRECT_RECOVERY,True,,110.44148109773367,19.0
gap_horizon_1uav_maneuver,5018,21.0,True,,CORRECT_RECOVERY,True,,131.77886586446579,20.0
gap_horizon_1uav_maneuver,5018,22.0,True,,CORRECT_RECOVERY,True,,151.6001381602032,21.0
gap_horizon_1uav_maneuver,5018,23.0,True,,CORRECT_RECOVERY,True,,166.75827085956305,22.0
gap_horizon_1uav_maneuver,5018,24.0,True,,CORRECT_RECOVERY,True,,179.6877781353778,23.0
gap_horizon_1uav_maneuver,5018,25.0,True,,CORRECT_RECOVERY,True,,199.44590885541436,24.0
gap_horizon_1uav_maneuver,5018,26.0,True,,CORRECT_RECOVERY,True,,215.0694648392803,25.0
gap_horizon_1uav_maneuver,5018,27.0,True,,CORRECT_RECOVERY,True,,228.32852344094272,26.0
gap_horizon_1uav_maneuver,5018,28.0,True,,CORRECT_RECOVERY,True,,239.44631580250137,27.0
gap_horizon_1uav_maneuver,5018,29.0,True,,CORRECT_RECOVERY,True,,248.11931256868235,28.0
gap_horizon_1uav_maneuver,5018,2.0,True,,CORRECT_RECOVERY,True,,0.4825789168047406,1.0
gap_horizon_1uav_maneuver,5018,30.0,True,,CORRECT_RECOVERY,True,,260.85344568491655,29.0
gap_horizon_1uav_maneuver,5018,31.0,True,DELETED,NO_RECOVERY,True,,260.332443360204,29.0
gap_horizon_1uav_maneuver,5018,32.0,True,DELETED,NO_RECOVERY,True,,259.91675207901403,29.0
gap_horizon_1uav_maneuver,5018,3.0,True,,CORRECT_RECOVERY,True,,0.8840304461245435,2.0
gap_horizon_1uav_maneuver,5018,4.0,True,,CORRECT_RECOVERY,True,,1.378877357971924,3.0
gap_horizon_1uav_maneuver,5018,5.0,True,,CORRECT_RECOVERY,True,,3.569435138990115,4.0
gap_horizon_1uav_maneuver,5018,6.0,True,,CORRECT_RECOVERY,True,,2.1458583951600434,5.0
gap_horizon_1uav_maneuver,5018,7.0,True,,CORRECT_RECOVERY,True,,6.285556205553019,6.0
gap_horizon_1uav_maneuver,5018,8.0,True,,CORRECT_RECOVERY,True,,4.305019783533797,7.0
gap_horizon_1uav_maneuver,5018,9.0,True,,CORRECT_RECOVERY,True,,10.318240836229291,8.0
gap_horizon_1uav_maneuver,5019,10.0,True,,CORRECT_RECOVERY,True,,8.883842427988478,9.0
gap_horizon_1uav_maneuver,5019,11.0,True,,CORRECT_RECOVERY,True,,15.679816535893686,10.0
gap_horizon_1uav_maneuver,5019,12.0,True,,CORRECT_RECOVERY,True,,19.93087972602813,11.0
gap_horizon_1uav_maneuver,5019,13.0,True,,CORRECT_RECOVERY,True,,24.868580172730976,12.0
gap_horizon_1uav_maneuver,5019,14.0,True,,CORRECT_RECOVERY,True,,34.83696061395543,13.0
gap_horizon_1uav_maneuver,5019,15.0,True,,CORRECT_RECOVERY,True,,42.54404472323121,14.0
gap_horizon_1uav_maneuver,5019,16.0,True,,CORRECT_RECOVERY,True,,54.743332508898774,15.0
gap_horizon_1uav_maneuver,5019,17.0,True,,CORRECT_RECOVERY,True,,67.36102885733769,16.0
gap_horizon_1uav_maneuver,5019,18.0,True,,CORRECT_RECOVERY,True,,79.22147229095485,17.0
gap_horizon_1uav_maneuver,5019,19.0,True,,CORRECT_RECOVERY,True,,98.26782641349223,18.0
gap_horizon_1uav_maneuver,5019,1.0,True,,CORRECT_RECOVERY,True,0.05595479847556035,,
gap_horizon_1uav_maneuver,5019,20.0,True,,CORRECT_RECOVERY,True,,114.32221588640571,19.0
gap_horizon_1uav_maneuver,5019,21.0,True,,CORRECT_RECOVERY,True,,133.05621635197576,20.0
gap_horizon_1uav_maneuver,5019,22.0,True,,CORRECT_RECOVERY,True,,136.000159401542,21.0
gap_horizon_1uav_maneuver,5019,23.0,True,,CORRECT_RECOVERY,True,,167.12011544833894,22.0
gap_horizon_1uav_maneuver,5019,24.0,True,,CORRECT_RECOVERY,True,,178.9889531042105,23.0
gap_horizon_1uav_maneuver,5019,25.0,True,,CORRECT_RECOVERY,True,,199.56949654414444,24.0
gap_horizon_1uav_maneuver,5019,26.0,True,,CORRECT_RECOVERY,True,,213.40571557134507,25.0
gap_horizon_1uav_maneuver,5019,27.0,True,,CORRECT_RECOVERY,True,,208.09109665629327,26.0
gap_horizon_1uav_maneuver,5019,28.0,True,,CORRECT_RECOVERY,True,,242.73132080693304,27.0
gap_horizon_1uav_maneuver,5019,29.0,True,,CORRECT_RECOVERY,True,,246.31652586710297,28.0
gap_horizon_1uav_maneuver,5019,2.0,True,,CORRECT_RECOVERY,True,,0.13572475987237906,1.0
gap_horizon_1uav_maneuver,5019,30.0,True,,CORRECT_RECOVERY,True,,260.74190697027626,29.0
gap_horizon_1uav_maneuver,5019,31.0,True,DELETED,NO_RECOVERY,True,,259.40545098126296,29.0
gap_horizon_1uav_maneuver,5019,32.0,True,DELETED,NO_RECOVERY,True,,255.13904431047015,29.0
gap_horizon_1uav_maneuver,5019,3.0,True,,CORRECT_RECOVERY,True,,0.49530764239270436,2.0
gap_horizon_1uav_maneuver,5019,4.0,True,,CORRECT_RECOVERY,True,,1.5173754237412447,3.0
gap_horizon_1uav_maneuver,5019,5.0,True,,CORRECT_RECOVERY,True,,1.5247072495339997,4.0
gap_horizon_1uav_maneuver,5019,6.0,True,,CORRECT_RECOVERY,True,,1.617853608416475,5.0
gap_horizon_1uav_maneuver,5019,7.0,True,,CORRECT_RECOVERY,True,,4.031381235168319,6.0
gap_horizon_1uav_maneuver,5019,8.0,True,,CORRECT_RECOVERY,True,,6.118477908965823,7.0
gap_horizon_1uav_maneuver,5019,9.0,True,,CORRECT_RECOVERY,True,,6.922329486519647,8.0
gap_horizon_1uav_maneuver,5020,10.0,True,,CORRECT_RECOVERY,True,,8.733533677834956,9.0
gap_horizon_1uav_maneuver,5020,11.0,True,,CORRECT_RECOVERY,True,,16.26560388518925,10.0
gap_horizon_1uav_maneuver,5020,12.0,True,,CORRECT_RECOVERY,True,,19.254463091447303,11.0
gap_horizon_1uav_maneuver,5020,13.0,True,,CORRECT_RECOVERY,True,,26.889382081841738,12.0
gap_horizon_1uav_maneuver,5020,14.0,True,,CORRECT_RECOVERY,True,,35.40640087528589,13.0
gap_horizon_1uav_maneuver,5020,15.0,True,,CORRECT_RECOVERY,True,,43.01257467290896,14.0
gap_horizon_1uav_maneuver,5020,16.0,True,,CORRECT_RECOVERY,True,,54.46467636179356,15.0
gap_horizon_1uav_maneuver,5020,17.0,True,,CORRECT_RECOVERY,True,,68.3569146579635,16.0
gap_horizon_1uav_maneuver,5020,18.0,True,,CORRECT_RECOVERY,True,,81.43342648270716,17.0
gap_horizon_1uav_maneuver,5020,19.0,True,,CORRECT_RECOVERY,True,,97.23936822935295,18.0
gap_horizon_1uav_maneuver,5020,1.0,True,,CORRECT_RECOVERY,True,0.30899210698977714,,
gap_horizon_1uav_maneuver,5020,20.0,True,,CORRECT_RECOVERY,True,,111.52072441946271,19.0
gap_horizon_1uav_maneuver,5020,21.0,True,,CORRECT_RECOVERY,True,,128.64720724305667,20.0
gap_horizon_1uav_maneuver,5020,22.0,True,,CORRECT_RECOVERY,True,,150.41824567510378,21.0
gap_horizon_1uav_maneuver,5020,23.0,True,,CORRECT_RECOVERY,True,,166.87204749206984,22.0
gap_horizon_1uav_maneuver,5020,24.0,True,,CORRECT_RECOVERY,True,,186.01232634593157,23.0
gap_horizon_1uav_maneuver,5020,25.0,True,,CORRECT_RECOVERY,True,,199.1931733463719,24.0
gap_horizon_1uav_maneuver,5020,26.0,True,,CORRECT_RECOVERY,True,,191.25163248399951,25.0
gap_horizon_1uav_maneuver,5020,27.0,True,,CORRECT_RECOVERY,True,,231.30593860934178,26.0
gap_horizon_1uav_maneuver,5020,28.0,True,,CORRECT_RECOVERY,True,,242.0308356376274,27.0
gap_horizon_1uav_maneuver,5020,29.0,True,,CORRECT_RECOVERY,True,,250.25353321026387,28.0
gap_horizon_1uav_maneuver,5020,2.0,True,,CORRECT_RECOVERY,True,,0.17624492321119015,1.0
gap_horizon_1uav_maneuver,5020,30.0,True,,CORRECT_RECOVERY,True,,255.64254156282553,29.0
gap_horizon_1uav_maneuver,5020,31.0,True,DELETED,NO_RECOVERY,True,,260.277036394609,29.0
gap_horizon_1uav_maneuver,5020,32.0,True,DELETED,NO_RECOVERY,True,,260.1296333702698,29.0
gap_horizon_1uav_maneuver,5020,3.0,True,,CORRECT_RECOVERY,True,,0.43788069847739136,2.0
gap_horizon_1uav_maneuver,5020,4.0,True,,CORRECT_RECOVERY,True,,2.2937417676576084,3.0
gap_horizon_1uav_maneuver,5020,5.0,True,,CORRECT_RECOVERY,True,,0.478990293702374,4.0
gap_horizon_1uav_maneuver,5020,6.0,True,,CORRECT_RECOVERY,True,,4.026348201718214,5.0
gap_horizon_1uav_maneuver,5020,7.0,True,,CORRECT_RECOVERY,True,,2.1889754801613472,6.0
gap_horizon_1uav_maneuver,5020,8.0,True,,CORRECT_RECOVERY,True,,7.877820695931317,7.0
gap_horizon_1uav_maneuver,5020,9.0,True,,CORRECT_RECOVERY,True,,8.158133427257553,8.0
gap_horizon_1uav_straight,5001,10.0,True,,CORRECT_RECOVERY,True,,8.618399393438539,9.0
gap_horizon_1uav_straight,5001,11.0,True,,CORRECT_RECOVERY,True,,13.05207979264306,10.0
gap_horizon_1uav_straight,5001,12.0,True,,CORRECT_RECOVERY,True,,19.086450275258564,11.0
gap_horizon_1uav_straight,5001,13.0,True,,CORRECT_RECOVERY,True,,25.22381391088999,12.0
gap_horizon_1uav_straight,5001,14.0,True,,CORRECT_RECOVERY,True,,35.80483373512347,13.0
gap_horizon_1uav_straight,5001,15.0,True,,CORRECT_RECOVERY,True,,43.31484758572269,14.0
gap_horizon_1uav_straight,5001,16.0,True,,CORRECT_RECOVERY,True,,56.65568049190845,15.0
gap_horizon_1uav_straight,5001,17.0,True,,CORRECT_RECOVERY,True,,67.92481207189556,16.0
gap_horizon_1uav_straight,5001,18.0,True,,CORRECT_RECOVERY,True,,81.92761499197464,17.0
gap_horizon_1uav_straight,5001,19.0,True,,CORRECT_RECOVERY,True,,97.45076701158027,18.0
gap_horizon_1uav_straight,5001,1.0,True,,CORRECT_RECOVERY,True,0.33523490653887605,,
gap_horizon_1uav_straight,5001,20.0,True,,CORRECT_RECOVERY,True,,111.75544586713424,19.0
gap_horizon_1uav_straight,5001,21.0,True,,CORRECT_RECOVERY,True,,129.81602829716718,20.0
gap_horizon_1uav_straight,5001,22.0,True,,CORRECT_RECOVERY,True,,149.52068582622533,21.0
gap_horizon_1uav_straight,5001,23.0,True,,CORRECT_RECOVERY,True,,168.21346009073716,22.0
gap_horizon_1uav_straight,5001,24.0,True,,CORRECT_RECOVERY,True,,182.9938075850804,23.0
gap_horizon_1uav_straight,5001,25.0,True,,CORRECT_RECOVERY,True,,199.31293417278374,24.0
gap_horizon_1uav_straight,5001,26.0,True,,CORRECT_RECOVERY,True,,214.17286339438655,25.0
gap_horizon_1uav_straight,5001,27.0,True,,CORRECT_RECOVERY,True,,229.65130907571185,26.0
gap_horizon_1uav_straight,5001,28.0,True,,CORRECT_RECOVERY,True,,242.9579848852324,27.0
gap_horizon_1uav_straight,5001,29.0,True,,CORRECT_RECOVERY,True,,252.54400738512814,28.0
gap_horizon_1uav_straight,5001,2.0,True,,CORRECT_RECOVERY,True,,0.22266266770569132,1.0
gap_horizon_1uav_straight,5001,30.0,True,,CORRECT_RECOVERY,True,,262.3174181955595,29.0
gap_horizon_1uav_straight,5001,31.0,True,DELETED,NO_RECOVERY,True,,258.36910645663886,29.0
gap_horizon_1uav_straight,5001,32.0,True,DELETED,NO_RECOVERY,True,,258.2757301092218,29.0
gap_horizon_1uav_straight,5001,3.0,True,,CORRECT_RECOVERY,True,,0.519030197158039,2.0
gap_horizon_1uav_straight,5001,4.0,True,,CORRECT_RECOVERY,True,,0.5391648184070302,3.0
gap_horizon_1uav_straight,5001,5.0,True,,CORRECT_RECOVERY,True,,3.285810489325166,4.0
gap_horizon_1uav_straight,5001,6.0,True,,CORRECT_RECOVERY,True,,2.6778286575212547,5.0
gap_horizon_1uav_straight,5001,7.0,True,,CORRECT_RECOVERY,True,,3.0007369244789754,6.0
gap_horizon_1uav_straight,5001,8.0,True,,CORRECT_RECOVERY,True,,3.6294601857746835,7.0
gap_horizon_1uav_straight,5001,9.0,True,,CORRECT_RECOVERY,True,,7.684008190692531,8.0
gap_horizon_1uav_straight,5002,10.0,True,,CORRECT_RECOVERY,True,,9.799274009340472,9.0
gap_horizon_1uav_straight,5002,11.0,True,,CORRECT_RECOVERY,True,,14.211973912648931,10.0
gap_horizon_1uav_straight,5002,12.0,True,,CORRECT_RECOVERY,True,,20.979905766158996,11.0
gap_horizon_1uav_straight,5002,13.0,True,,CORRECT_RECOVERY,True,,27.804216404154115,12.0
gap_horizon_1uav_straight,5002,14.0,True,,CORRECT_RECOVERY,True,,35.34220701229458,13.0
gap_horizon_1uav_straight,5002,15.0,True,,CORRECT_RECOVERY,True,,41.79459168583959,14.0
gap_horizon_1uav_straight,5002,16.0,True,,CORRECT_RECOVERY,True,,55.40549491496249,15.0
gap_horizon_1uav_straight,5002,17.0,True,,CORRECT_RECOVERY,True,,65.92061898670747,16.0
gap_horizon_1uav_straight,5002,18.0,True,,CORRECT_RECOVERY,True,,80.27211220886737,17.0
gap_horizon_1uav_straight,5002,19.0,True,,CORRECT_RECOVERY,True,,95.79118804676237,18.0
gap_horizon_1uav_straight,5002,1.0,True,,CORRECT_RECOVERY,True,0.10296851268305324,,
gap_horizon_1uav_straight,5002,20.0,True,,CORRECT_RECOVERY,True,,114.74582844075978,19.0
gap_horizon_1uav_straight,5002,21.0,True,,CORRECT_RECOVERY,True,,130.822609142125,20.0
gap_horizon_1uav_straight,5002,22.0,True,,CORRECT_RECOVERY,True,,148.73870257643367,21.0
gap_horizon_1uav_straight,5002,23.0,True,,CORRECT_RECOVERY,True,,165.86854893350997,22.0
gap_horizon_1uav_straight,5002,24.0,True,,CORRECT_RECOVERY,True,,183.37016427603226,23.0
gap_horizon_1uav_straight,5002,25.0,True,,CORRECT_RECOVERY,True,,201.71316208884943,24.0
gap_horizon_1uav_straight,5002,26.0,True,,CORRECT_RECOVERY,True,,216.1103212753595,25.0
gap_horizon_1uav_straight,5002,27.0,True,,CORRECT_RECOVERY,True,,229.08857989805963,26.0
gap_horizon_1uav_straight,5002,28.0,True,,CORRECT_RECOVERY,True,,235.18835775614298,27.0
gap_horizon_1uav_straight,5002,29.0,True,,CORRECT_RECOVERY,True,,244.4646996286349,28.0
gap_horizon_1uav_straight,5002,2.0,True,,CORRECT_RECOVERY,True,,0.3305037407982818,1.0
gap_horizon_1uav_straight,5002,30.0,True,,CORRECT_RECOVERY,True,,261.9163191452767,29.0
gap_horizon_1uav_straight,5002,31.0,True,DELETED,NO_RECOVERY,True,,257.75029151773504,29.0
gap_horizon_1uav_straight,5002,32.0,True,DELETED,NO_RECOVERY,True,,262.46107943291327,29.0
gap_horizon_1uav_straight,5002,3.0,True,,CORRECT_RECOVERY,True,,0.2596864667429424,2.0
gap_horizon_1uav_straight,5002,4.0,True,,CORRECT_RECOVERY,True,,1.3685949183312272,3.0
gap_horizon_1uav_straight,5002,5.0,True,,CORRECT_RECOVERY,True,,1.5662530920612718,4.0
gap_horizon_1uav_straight,5002,6.0,True,,CORRECT_RECOVERY,True,,0.7384469747542312,5.0
gap_horizon_1uav_straight,5002,7.0,True,,CORRECT_RECOVERY,True,,3.6084106629450106,6.0
gap_horizon_1uav_straight,5002,8.0,True,,CORRECT_RECOVERY,True,,3.6913584226314495,7.0
gap_horizon_1uav_straight,5002,9.0,True,,CORRECT_RECOVERY,True,,6.7311218318042805,8.0
gap_horizon_1uav_straight,5003,10.0,True,,CORRECT_RECOVERY,True,,9.151922834191536,9.0
gap_horizon_1uav_straight,5003,11.0,True,,CORRECT_RECOVERY,True,,20.275945223758043,10.0
gap_horizon_1uav_straight,5003,12.0,True,,CORRECT_RECOVERY,True,,18.62947265270021,11.0
gap_horizon_1uav_straight,5003,13.0,True,,CORRECT_RECOVERY,True,,25.790501802012713,12.0
gap_horizon_1uav_straight,5003,14.0,True,,CORRECT_RECOVERY,True,,39.18981799796653,13.0
gap_horizon_1uav_straight,5003,15.0,True,,CORRECT_RECOVERY,True,,45.43271057722439,14.0
gap_horizon_1uav_straight,5003,16.0,True,,CORRECT_RECOVERY,True,,54.904504523886274,15.0
gap_horizon_1uav_straight,5003,17.0,True,,CORRECT_RECOVERY,True,,68.84129311809005,16.0
gap_horizon_1uav_straight,5003,18.0,True,,CORRECT_RECOVERY,True,,81.96065572224077,17.0
gap_horizon_1uav_straight,5003,19.0,True,,CORRECT_RECOVERY,True,,96.93807242725282,18.0
gap_horizon_1uav_straight,5003,1.0,True,,CORRECT_RECOVERY,True,0.3354439767001849,,
gap_horizon_1uav_straight,5003,20.0,True,,CORRECT_RECOVERY,True,,114.46830067063325,19.0
gap_horizon_1uav_straight,5003,21.0,True,,CORRECT_RECOVERY,True,,133.44212069967654,20.0
gap_horizon_1uav_straight,5003,22.0,True,,CORRECT_RECOVERY,True,,148.77824353805832,21.0
gap_horizon_1uav_straight,5003,23.0,True,,CORRECT_RECOVERY,True,,166.04235506184818,22.0
gap_horizon_1uav_straight,5003,24.0,True,,CORRECT_RECOVERY,True,,185.75909975209328,23.0
gap_horizon_1uav_straight,5003,25.0,True,,CORRECT_RECOVERY,True,,201.66230324395434,24.0
gap_horizon_1uav_straight,5003,26.0,True,,CORRECT_RECOVERY,True,,217.4359815230294,25.0
gap_horizon_1uav_straight,5003,27.0,True,,CORRECT_RECOVERY,True,,229.10366164581248,26.0
gap_horizon_1uav_straight,5003,28.0,True,,CORRECT_RECOVERY,True,,243.05245014028858,27.0
gap_horizon_1uav_straight,5003,29.0,True,,CORRECT_RECOVERY,True,,251.03343547889318,28.0
gap_horizon_1uav_straight,5003,2.0,True,,CORRECT_RECOVERY,True,,0.2245203748364402,1.0
gap_horizon_1uav_straight,5003,30.0,True,,CORRECT_RECOVERY,True,,261.02594801956593,29.0
gap_horizon_1uav_straight,5003,31.0,True,DELETED,NO_RECOVERY,True,,260.5448202039426,29.0
gap_horizon_1uav_straight,5003,32.0,True,DELETED,NO_RECOVERY,True,,262.1673723722612,29.0
gap_horizon_1uav_straight,5003,3.0,True,,CORRECT_RECOVERY,True,,0.359567230642835,2.0
gap_horizon_1uav_straight,5003,4.0,True,,CORRECT_RECOVERY,True,,1.3899140978745017,3.0
gap_horizon_1uav_straight,5003,5.0,True,,CORRECT_RECOVERY,True,,0.8842597067513132,4.0
gap_horizon_1uav_straight,5003,6.0,True,,CORRECT_RECOVERY,True,,4.957797593709357,5.0
gap_horizon_1uav_straight,5003,7.0,True,,CORRECT_RECOVERY,True,,4.9561267532779185,6.0
gap_horizon_1uav_straight,5003,8.0,True,,CORRECT_RECOVERY,True,,1.0866542712438172,7.0
gap_horizon_1uav_straight,5003,9.0,True,,CORRECT_RECOVERY,True,,5.3024549418648075,8.0
gap_horizon_1uav_straight,5004,10.0,True,,CORRECT_RECOVERY,True,,9.620550922009466,9.0
gap_horizon_1uav_straight,5004,11.0,True,,CORRECT_RECOVERY,True,,14.646411423674424,10.0
gap_horizon_1uav_straight,5004,12.0,True,,CORRECT_RECOVERY,True,,18.41225381338373,11.0
gap_horizon_1uav_straight,5004,13.0,True,,CORRECT_RECOVERY,True,,26.420679305889234,12.0
gap_horizon_1uav_straight,5004,14.0,True,,CORRECT_RECOVERY,True,,33.76658311550694,13.0
gap_horizon_1uav_straight,5004,15.0,True,,CORRECT_RECOVERY,True,,48.66986932922578,14.0
gap_horizon_1uav_straight,5004,16.0,True,,CORRECT_RECOVERY,True,,56.09818093139067,15.0
gap_horizon_1uav_straight,5004,17.0,True,,CORRECT_RECOVERY,True,,66.97371019164551,16.0
gap_horizon_1uav_straight,5004,18.0,True,,CORRECT_RECOVERY,True,,79.95416175192742,17.0
gap_horizon_1uav_straight,5004,19.0,True,,CORRECT_RECOVERY,True,,96.96167489699438,18.0
gap_horizon_1uav_straight,5004,1.0,True,,CORRECT_RECOVERY,True,0.3309855388331274,,
gap_horizon_1uav_straight,5004,20.0,True,,CORRECT_RECOVERY,True,,113.37709882953119,19.0
gap_horizon_1uav_straight,5004,21.0,True,,CORRECT_RECOVERY,True,,130.91044359638443,20.0
gap_horizon_1uav_straight,5004,22.0,True,,CORRECT_RECOVERY,True,,148.75439614100085,21.0
gap_horizon_1uav_straight,5004,23.0,True,,CORRECT_RECOVERY,True,,163.94920303608785,22.0
gap_horizon_1uav_straight,5004,24.0,True,,CORRECT_RECOVERY,True,,180.24566870343438,23.0
gap_horizon_1uav_straight,5004,25.0,True,,CORRECT_RECOVERY,True,,193.91780244397722,24.0
gap_horizon_1uav_straight,5004,26.0,True,,CORRECT_RECOVERY,True,,216.31064343077156,25.0
gap_horizon_1uav_straight,5004,27.0,True,,CORRECT_RECOVERY,True,,229.63364103985143,26.0
gap_horizon_1uav_straight,5004,28.0,True,,CORRECT_RECOVERY,True,,241.0395350471434,27.0
gap_horizon_1uav_straight,5004,29.0,True,,CORRECT_RECOVERY,True,,253.2122529239827,28.0
gap_horizon_1uav_straight,5004,2.0,True,,CORRECT_RECOVERY,True,,0.2572189146521989,1.0
gap_horizon_1uav_straight,5004,30.0,True,,CORRECT_RECOVERY,True,,261.58405278874494,29.0
gap_horizon_1uav_straight,5004,31.0,True,DELETED,NO_RECOVERY,True,,259.24463164425424,29.0
gap_horizon_1uav_straight,5004,32.0,True,DELETED,NO_RECOVERY,True,,261.2394826850873,29.0
gap_horizon_1uav_straight,5004,3.0,True,,CORRECT_RECOVERY,True,,0.627085625401759,2.0
gap_horizon_1uav_straight,5004,4.0,True,,CORRECT_RECOVERY,True,,0.3058236296593056,3.0
gap_horizon_1uav_straight,5004,5.0,True,,CORRECT_RECOVERY,True,,1.4587601383085786,4.0
gap_horizon_1uav_straight,5004,6.0,True,,CORRECT_RECOVERY,True,,5.310293903909146,5.0
gap_horizon_1uav_straight,5004,7.0,True,,CORRECT_RECOVERY,True,,3.094404993694354,6.0
gap_horizon_1uav_straight,5004,8.0,True,,CORRECT_RECOVERY,True,,4.658994561913831,7.0
gap_horizon_1uav_straight,5004,9.0,True,,CORRECT_RECOVERY,True,,15.3042295429488,8.0
gap_horizon_1uav_straight,5005,10.0,True,,CORRECT_RECOVERY,True,,7.7905813824590995,9.0
gap_horizon_1uav_straight,5005,11.0,True,,CORRECT_RECOVERY,True,,18.211119190791848,10.0
gap_horizon_1uav_straight,5005,12.0,True,,CORRECT_RECOVERY,True,,25.232146032125495,11.0
gap_horizon_1uav_straight,5005,13.0,True,,CORRECT_RECOVERY,True,,27.218668109205773,12.0
gap_horizon_1uav_straight,5005,14.0,True,,CORRECT_RECOVERY,True,,33.72082812857881,13.0
gap_horizon_1uav_straight,5005,15.0,True,,CORRECT_RECOVERY,True,,44.74427200061046,14.0
gap_horizon_1uav_straight,5005,16.0,True,,CORRECT_RECOVERY,True,,58.32323208242109,15.0
gap_horizon_1uav_straight,5005,17.0,True,,CORRECT_RECOVERY,True,,69.3251289217919,16.0
gap_horizon_1uav_straight,5005,18.0,True,,CORRECT_RECOVERY,True,,83.98211904919575,17.0
gap_horizon_1uav_straight,5005,19.0,True,,CORRECT_RECOVERY,True,,97.80958778239278,18.0
gap_horizon_1uav_straight,5005,1.0,True,,CORRECT_RECOVERY,True,0.18885505216501008,,
gap_horizon_1uav_straight,5005,20.0,True,,CORRECT_RECOVERY,True,,113.43871942493364,19.0
gap_horizon_1uav_straight,5005,21.0,True,,CORRECT_RECOVERY,True,,131.79082465782713,20.0
gap_horizon_1uav_straight,5005,22.0,True,,CORRECT_RECOVERY,True,,149.02288508027831,21.0
gap_horizon_1uav_straight,5005,23.0,True,,CORRECT_RECOVERY,True,,166.96281335687053,22.0
gap_horizon_1uav_straight,5005,24.0,True,,CORRECT_RECOVERY,True,,185.2642198086323,23.0
gap_horizon_1uav_straight,5005,25.0,True,,CORRECT_RECOVERY,True,,200.42939849985484,24.0
gap_horizon_1uav_straight,5005,26.0,True,,CORRECT_RECOVERY,True,,216.4234948719209,25.0
gap_horizon_1uav_straight,5005,27.0,True,,CORRECT_RECOVERY,True,,230.70491361496374,26.0
gap_horizon_1uav_straight,5005,28.0,True,,CORRECT_RECOVERY,True,,244.1038181134749,27.0
gap_horizon_1uav_straight,5005,29.0,True,,CORRECT_RECOVERY,True,,248.11761249390753,28.0
gap_horizon_1uav_straight,5005,2.0,True,,CORRECT_RECOVERY,True,,0.3218838618125065,1.0
gap_horizon_1uav_straight,5005,30.0,True,,CORRECT_RECOVERY,True,,259.74147672994,29.0
gap_horizon_1uav_straight,5005,31.0,True,DELETED,NO_RECOVERY,True,,261.2934918108816,29.0
gap_horizon_1uav_straight,5005,32.0,True,DELETED,NO_RECOVERY,True,,258.3672270606712,29.0
gap_horizon_1uav_straight,5005,3.0,True,,CORRECT_RECOVERY,True,,0.4809869066352503,2.0
gap_horizon_1uav_straight,5005,4.0,True,,CORRECT_RECOVERY,True,,1.206082687290761,3.0
gap_horizon_1uav_straight,5005,5.0,True,,CORRECT_RECOVERY,True,,0.7470379182506374,4.0
gap_horizon_1uav_straight,5005,6.0,True,,CORRECT_RECOVERY,True,,4.283809008415036,5.0
gap_horizon_1uav_straight,5005,7.0,True,,CORRECT_RECOVERY,True,,1.9191787123912347,6.0
gap_horizon_1uav_straight,5005,8.0,True,,CORRECT_RECOVERY,True,,5.358250452323245,7.0
gap_horizon_1uav_straight,5005,9.0,True,,CORRECT_RECOVERY,True,,5.686217156725006,8.0
gap_horizon_1uav_straight,5006,10.0,True,,CORRECT_RECOVERY,True,,9.92859206682443,9.0
gap_horizon_1uav_straight,5006,11.0,True,,CORRECT_RECOVERY,True,,14.9877191844657,10.0
gap_horizon_1uav_straight,5006,12.0,True,,CORRECT_RECOVERY,True,,18.30929320984651,11.0
gap_horizon_1uav_straight,5006,13.0,True,,CORRECT_RECOVERY,True,,26.844879976285483,12.0
gap_horizon_1uav_straight,5006,14.0,True,,CORRECT_RECOVERY,True,,35.32107239983164,13.0
gap_horizon_1uav_straight,5006,15.0,True,,CORRECT_RECOVERY,True,,44.720730477919375,14.0
gap_horizon_1uav_straight,5006,16.0,True,,CORRECT_RECOVERY,True,,57.16752006378716,15.0
gap_horizon_1uav_straight,5006,17.0,True,,CORRECT_RECOVERY,True,,68.95411354822654,16.0
gap_horizon_1uav_straight,5006,18.0,True,,CORRECT_RECOVERY,True,,82.79215788739918,17.0
gap_horizon_1uav_straight,5006,19.0,True,,CORRECT_RECOVERY,True,,96.44833076773416,18.0
gap_horizon_1uav_straight,5006,1.0,True,,CORRECT_RECOVERY,True,0.4305247537692679,,
gap_horizon_1uav_straight,5006,20.0,True,,CORRECT_RECOVERY,True,,111.54202364919324,19.0
gap_horizon_1uav_straight,5006,21.0,True,,CORRECT_RECOVERY,True,,131.25656809471747,20.0
gap_horizon_1uav_straight,5006,22.0,True,,CORRECT_RECOVERY,True,,148.36739519241144,21.0
gap_horizon_1uav_straight,5006,23.0,True,,CORRECT_RECOVERY,True,,166.89816600714192,22.0
gap_horizon_1uav_straight,5006,24.0,True,,CORRECT_RECOVERY,True,,183.05683592191752,23.0
gap_horizon_1uav_straight,5006,25.0,True,,CORRECT_RECOVERY,True,,198.24396827923596,24.0
gap_horizon_1uav_straight,5006,26.0,True,,CORRECT_RECOVERY,True,,204.53287073324722,25.0
gap_horizon_1uav_straight,5006,27.0,True,,CORRECT_RECOVERY,True,,230.40408742190027,26.0
gap_horizon_1uav_straight,5006,28.0,True,,CORRECT_RECOVERY,True,,242.23886265065633,27.0
gap_horizon_1uav_straight,5006,29.0,True,,CORRECT_RECOVERY,True,,243.7445407354366,28.0
gap_horizon_1uav_straight,5006,2.0,True,,CORRECT_RECOVERY,True,,0.527387134673959,1.0
gap_horizon_1uav_straight,5006,30.0,True,,CORRECT_RECOVERY,True,,261.0534564087986,29.0
gap_horizon_1uav_straight,5006,31.0,True,DELETED,NO_RECOVERY,True,,254.44303257033243,29.0
gap_horizon_1uav_straight,5006,32.0,True,DELETED,NO_RECOVERY,True,,262.052460530742,29.0
gap_horizon_1uav_straight,5006,3.0,True,,CORRECT_RECOVERY,True,,0.38889739154100716,2.0
gap_horizon_1uav_straight,5006,4.0,True,,CORRECT_RECOVERY,True,,1.8982691066727106,3.0
gap_horizon_1uav_straight,5006,5.0,True,,CORRECT_RECOVERY,True,,2.922401771175863,4.0
gap_horizon_1uav_straight,5006,6.0,True,,CORRECT_RECOVERY,True,,2.2928373346310864,5.0
gap_horizon_1uav_straight,5006,7.0,True,,CORRECT_RECOVERY,True,,4.598019438455308,6.0
gap_horizon_1uav_straight,5006,8.0,True,,CORRECT_RECOVERY,True,,8.14110156563837,7.0
gap_horizon_1uav_straight,5006,9.0,True,,CORRECT_RECOVERY,True,,6.389423919382244,8.0
gap_horizon_1uav_straight,5007,10.0,True,,CORRECT_RECOVERY,True,,8.947915100804924,9.0
gap_horizon_1uav_straight,5007,11.0,True,,CORRECT_RECOVERY,True,,13.587218004837446,10.0
gap_horizon_1uav_straight,5007,12.0,True,,CORRECT_RECOVERY,True,,18.135908108506133,11.0
gap_horizon_1uav_straight,5007,13.0,True,,CORRECT_RECOVERY,True,,24.29557852811989,12.0
gap_horizon_1uav_straight,5007,14.0,True,,CORRECT_RECOVERY,True,,31.715939170435917,13.0
gap_horizon_1uav_straight,5007,15.0,True,,CORRECT_RECOVERY,True,,44.68910651815484,14.0
gap_horizon_1uav_straight,5007,16.0,True,,CORRECT_RECOVERY,True,,53.76717952584941,15.0
gap_horizon_1uav_straight,5007,17.0,True,,CORRECT_RECOVERY,True,,69.18437829381554,16.0
gap_horizon_1uav_straight,5007,18.0,True,,CORRECT_RECOVERY,True,,82.77678056753174,17.0
gap_horizon_1uav_straight,5007,19.0,True,,CORRECT_RECOVERY,True,,96.60580177420786,18.0
gap_horizon_1uav_straight,5007,1.0,True,,CORRECT_RECOVERY,True,0.23178423596489536,,
gap_horizon_1uav_straight,5007,20.0,True,,CORRECT_RECOVERY,True,,114.39711204950132,19.0
gap_horizon_1uav_straight,5007,21.0,True,,CORRECT_RECOVERY,True,,132.04088058415635,20.0
gap_horizon_1uav_straight,5007,22.0,True,,CORRECT_RECOVERY,True,,150.88137936125713,21.0
gap_horizon_1uav_straight,5007,23.0,True,,CORRECT_RECOVERY,True,,166.88302878044547,22.0
gap_horizon_1uav_straight,5007,24.0,True,,CORRECT_RECOVERY,True,,184.19608650883958,23.0
gap_horizon_1uav_straight,5007,25.0,True,,CORRECT_RECOVERY,True,,201.0074449989075,24.0
gap_horizon_1uav_straight,5007,26.0,True,,CORRECT_RECOVERY,True,,216.4628705672134,25.0
gap_horizon_1uav_straight,5007,27.0,True,,CORRECT_RECOVERY,True,,227.13958626478504,26.0
gap_horizon_1uav_straight,5007,28.0,True,,CORRECT_RECOVERY,True,,242.34140219007514,27.0
gap_horizon_1uav_straight,5007,29.0,True,,CORRECT_RECOVERY,True,,253.99540124041965,28.0
gap_horizon_1uav_straight,5007,2.0,True,,CORRECT_RECOVERY,True,,0.1924841345826128,1.0
gap_horizon_1uav_straight,5007,30.0,True,,CORRECT_RECOVERY,True,,259.3833621256449,29.0
gap_horizon_1uav_straight,5007,31.0,True,DELETED,NO_RECOVERY,True,,260.8483087836007,29.0
gap_horizon_1uav_straight,5007,32.0,True,DELETED,NO_RECOVERY,True,,261.9981354822671,29.0
gap_horizon_1uav_straight,5007,3.0,True,,CORRECT_RECOVERY,True,,0.9586866926090739,2.0
gap_horizon_1uav_straight,5007,4.0,True,,CORRECT_RECOVERY,True,,0.5381226891315092,3.0
gap_horizon_1uav_straight,5007,5.0,True,,CORRECT_RECOVERY,True,,2.7184769757257494,4.0
gap_horizon_1uav_straight,5007,6.0,True,,CORRECT_RECOVERY,True,,0.7861523065852211,5.0
gap_horizon_1uav_straight,5007,7.0,True,,CORRECT_RECOVERY,True,,3.2584011590932858,6.0
gap_horizon_1uav_straight,5007,8.0,True,,CORRECT_RECOVERY,True,,4.918807231968767,7.0
gap_horizon_1uav_straight,5007,9.0,True,,CORRECT_RECOVERY,True,,7.209763812983319,8.0
gap_horizon_1uav_straight,5008,10.0,True,,CORRECT_RECOVERY,True,,7.775131545997014,9.0
gap_horizon_1uav_straight,5008,11.0,True,,CORRECT_RECOVERY,True,,14.190949151147407,10.0
gap_horizon_1uav_straight,5008,12.0,True,,CORRECT_RECOVERY,True,,24.67046528116031,11.0
gap_horizon_1uav_straight,5008,13.0,True,,CORRECT_RECOVERY,True,,27.249066937425916,12.0
gap_horizon_1uav_straight,5008,14.0,True,,CORRECT_RECOVERY,True,,34.21899887992338,13.0
gap_horizon_1uav_straight,5008,15.0,True,,CORRECT_RECOVERY,True,,43.92856837587545,14.0
gap_horizon_1uav_straight,5008,16.0,True,,CORRECT_RECOVERY,True,,52.516535275266385,15.0
gap_horizon_1uav_straight,5008,17.0,True,,CORRECT_RECOVERY,True,,65.92000259836847,16.0
gap_horizon_1uav_straight,5008,18.0,True,,CORRECT_RECOVERY,True,,80.47378754634332,17.0
gap_horizon_1uav_straight,5008,19.0,True,,CORRECT_RECOVERY,True,,95.36915075331811,18.0
gap_horizon_1uav_straight,5008,1.0,True,,CORRECT_RECOVERY,True,0.09090313730046405,,
gap_horizon_1uav_straight,5008,20.0,True,,CORRECT_RECOVERY,True,,113.88245101500776,19.0
gap_horizon_1uav_straight,5008,21.0,True,,CORRECT_RECOVERY,True,,131.94459186504804,20.0
gap_horizon_1uav_straight,5008,22.0,True,,CORRECT_RECOVERY,True,,148.87501741009228,21.0
gap_horizon_1uav_straight,5008,23.0,True,,CORRECT_RECOVERY,True,,165.34112424027563,22.0
gap_horizon_1uav_straight,5008,24.0,True,,CORRECT_RECOVERY,True,,180.70870502663197,23.0
gap_horizon_1uav_straight,5008,25.0,True,,CORRECT_RECOVERY,True,,199.05091109406672,24.0
gap_horizon_1uav_straight,5008,26.0,True,,CORRECT_RECOVERY,True,,216.6697749276555,25.0
gap_horizon_1uav_straight,5008,27.0,True,,CORRECT_RECOVERY,True,,230.07198290092055,26.0
gap_horizon_1uav_straight,5008,28.0,True,,CORRECT_RECOVERY,True,,243.02566100032627,27.0
gap_horizon_1uav_straight,5008,29.0,True,,CORRECT_RECOVERY,True,,252.29295550258797,28.0
gap_horizon_1uav_straight,5008,2.0,True,,CORRECT_RECOVERY,True,,0.5031654536006576,1.0
gap_horizon_1uav_straight,5008,30.0,True,,CORRECT_RECOVERY,True,,261.964338658988,29.0
gap_horizon_1uav_straight,5008,31.0,True,DELETED,NO_RECOVERY,True,,262.70099905045566,29.0
gap_horizon_1uav_straight,5008,32.0,True,DELETED,NO_RECOVERY,True,,261.14366741891274,29.0
gap_horizon_1uav_straight,5008,3.0,True,,CORRECT_RECOVERY,True,,1.2832784508060768,2.0
gap_horizon_1uav_straight,5008,4.0,True,,CORRECT_RECOVERY,True,,0.6777467262777823,3.0
gap_horizon_1uav_straight,5008,5.0,True,,CORRECT_RECOVERY,True,,2.8018613834764072,4.0
gap_horizon_1uav_straight,5008,6.0,True,,CORRECT_RECOVERY,True,,0.9498604167923014,5.0
gap_horizon_1uav_straight,5008,7.0,True,,CORRECT_RECOVERY,True,,2.291278631474426,6.0
gap_horizon_1uav_straight,5008,8.0,True,,CORRECT_RECOVERY,True,,3.895879760894133,7.0
gap_horizon_1uav_straight,5008,9.0,True,,CORRECT_RECOVERY,True,,10.780427228417098,8.0
gap_horizon_1uav_straight,5009,10.0,True,,CORRECT_RECOVERY,True,,9.950166722614597,9.0
gap_horizon_1uav_straight,5009,11.0,True,,CORRECT_RECOVERY,True,,14.246996801740513,10.0
gap_horizon_1uav_straight,5009,12.0,True,,CORRECT_RECOVERY,True,,19.116474860333142,11.0
gap_horizon_1uav_straight,5009,13.0,True,,CORRECT_RECOVERY,True,,24.697132159324752,12.0
gap_horizon_1uav_straight,5009,14.0,True,,CORRECT_RECOVERY,True,,35.9410081066322,13.0
gap_horizon_1uav_straight,5009,15.0,True,,CORRECT_RECOVERY,True,,43.58671395850122,14.0
gap_horizon_1uav_straight,5009,16.0,True,,CORRECT_RECOVERY,True,,55.673716681952314,15.0
gap_horizon_1uav_straight,5009,17.0,True,,CORRECT_RECOVERY,True,,68.5419507474211,16.0
gap_horizon_1uav_straight,5009,18.0,True,,CORRECT_RECOVERY,True,,81.89965828106611,17.0
gap_horizon_1uav_straight,5009,19.0,True,,CORRECT_RECOVERY,True,,97.43826026689186,18.0
gap_horizon_1uav_straight,5009,1.0,True,,CORRECT_RECOVERY,True,0.12211978261133817,,
gap_horizon_1uav_straight,5009,20.0,True,,CORRECT_RECOVERY,True,,112.38412498338862,19.0
gap_horizon_1uav_straight,5009,21.0,True,,CORRECT_RECOVERY,True,,129.30003173631903,20.0
gap_horizon_1uav_straight,5009,22.0,True,,CORRECT_RECOVERY,True,,145.89565422727293,21.0
gap_horizon_1uav_straight,5009,23.0,True,,CORRECT_RECOVERY,True,,165.3225584914045,22.0
gap_horizon_1uav_straight,5009,24.0,True,,CORRECT_RECOVERY,True,,182.7763360977903,23.0
gap_horizon_1uav_straight,5009,25.0,True,,CORRECT_RECOVERY,True,,199.59335454537685,24.0
gap_horizon_1uav_straight,5009,26.0,True,,CORRECT_RECOVERY,True,,216.51009122480448,25.0
gap_horizon_1uav_straight,5009,27.0,True,,CORRECT_RECOVERY,True,,230.22141049526996,26.0
gap_horizon_1uav_straight,5009,28.0,True,,CORRECT_RECOVERY,True,,242.40928110801786,27.0
gap_horizon_1uav_straight,5009,29.0,True,,CORRECT_RECOVERY,True,,241.38628072277595,28.0
gap_horizon_1uav_straight,5009,2.0,True,,CORRECT_RECOVERY,True,,0.411901113442986,1.0
gap_horizon_1uav_straight,5009,30.0,True,,CORRECT_RECOVERY,True,,258.27174806787093,29.0
gap_horizon_1uav_straight,5009,31.0,True,DELETED,NO_RECOVERY,True,,258.2180491062722,29.0
gap_horizon_1uav_straight,5009,32.0,True,DELETED,NO_RECOVERY,True,,262.9595818053489,29.0
gap_horizon_1uav_straight,5009,3.0,True,,CORRECT_RECOVERY,True,,0.7226521941565711,2.0
gap_horizon_1uav_straight,5009,4.0,True,,CORRECT_RECOVERY,True,,0.8235959410535613,3.0
gap_horizon_1uav_straight,5009,5.0,True,,CORRECT_RECOVERY,True,,2.230171717591943,4.0
gap_horizon_1uav_straight,5009,6.0,True,,CORRECT_RECOVERY,True,,2.376359155929905,5.0
gap_horizon_1uav_straight,5009,7.0,True,,CORRECT_RECOVERY,True,,2.181432366707392,6.0
gap_horizon_1uav_straight,5009,8.0,True,,CORRECT_RECOVERY,True,,4.607441136239976,7.0
gap_horizon_1uav_straight,5009,9.0,True,,CORRECT_RECOVERY,True,,6.73306884361745,8.0
gap_horizon_1uav_straight,5010,10.0,True,,CORRECT_RECOVERY,True,,7.955241447145917,9.0
gap_horizon_1uav_straight,5010,11.0,True,,CORRECT_RECOVERY,True,,13.738067012875653,10.0
gap_horizon_1uav_straight,5010,12.0,True,,CORRECT_RECOVERY,True,,17.22444056358928,11.0
gap_horizon_1uav_straight,5010,13.0,True,,CORRECT_RECOVERY,True,,26.546721867735748,12.0
gap_horizon_1uav_straight,5010,14.0,True,,CORRECT_RECOVERY,True,,33.31293354766327,13.0
gap_horizon_1uav_straight,5010,15.0,True,,CORRECT_RECOVERY,True,,42.29180154524611,14.0
gap_horizon_1uav_straight,5010,16.0,True,,CORRECT_RECOVERY,True,,54.15024270851329,15.0
gap_horizon_1uav_straight,5010,17.0,True,,CORRECT_RECOVERY,True,,66.58730223747472,16.0
gap_horizon_1uav_straight,5010,18.0,True,,CORRECT_RECOVERY,True,,81.39338604535617,17.0
gap_horizon_1uav_straight,5010,19.0,True,,CORRECT_RECOVERY,True,,96.04347415116709,18.0
gap_horizon_1uav_straight,5010,1.0,True,,CORRECT_RECOVERY,True,0.11834163715146394,,
gap_horizon_1uav_straight,5010,20.0,True,,CORRECT_RECOVERY,True,,112.18822201257245,19.0
gap_horizon_1uav_straight,5010,21.0,True,,CORRECT_RECOVERY,True,,130.10334688564657,20.0
gap_horizon_1uav_straight,5010,22.0,True,,CORRECT_RECOVERY,True,,145.79393862933836,21.0
gap_horizon_1uav_straight,5010,23.0,True,,CORRECT_RECOVERY,True,,164.4208616033335,22.0
gap_horizon_1uav_straight,5010,24.0,True,,CORRECT_RECOVERY,True,,180.9241533220421,23.0
gap_horizon_1uav_straight,5010,25.0,True,,CORRECT_RECOVERY,True,,198.85896245271664,24.0
gap_horizon_1uav_straight,5010,26.0,True,,CORRECT_RECOVERY,True,,206.1080554017655,25.0
gap_horizon_1uav_straight,5010,27.0,True,,CORRECT_RECOVERY,True,,230.89725542323524,26.0
gap_horizon_1uav_straight,5010,28.0,True,,CORRECT_RECOVERY,True,,242.30347839040454,27.0
gap_horizon_1uav_straight,5010,29.0,True,,CORRECT_RECOVERY,True,,250.89812050392814,28.0
gap_horizon_1uav_straight,5010,2.0,True,,CORRECT_RECOVERY,True,,0.2705315058059647,1.0
gap_horizon_1uav_straight,5010,30.0,True,,CORRECT_RECOVERY,True,,262.0158869696534,29.0
gap_horizon_1uav_straight,5010,31.0,True,DELETED,NO_RECOVERY,True,,261.6279465162206,29.0
gap_horizon_1uav_straight,5010,32.0,True,DELETED,NO_RECOVERY,True,,261.29022887061456,29.0
gap_horizon_1uav_straight,5010,3.0,True,,CORRECT_RECOVERY,True,,0.22701986716424688,2.0
gap_horizon_1uav_straight,5010,4.0,True,,CORRECT_RECOVERY,True,,0.20697613412394256,3.0
gap_horizon_1uav_straight,5010,5.0,True,,CORRECT_RECOVERY,True,,1.650524309215252,4.0
gap_horizon_1uav_straight,5010,6.0,True,,CORRECT_RECOVERY,True,,3.625319989432741,5.0
gap_horizon_1uav_straight,5010,7.0,True,,CORRECT_RECOVERY,True,,5.5089051064865275,6.0
gap_horizon_1uav_straight,5010,8.0,True,,CORRECT_RECOVERY,True,,3.466612246683161,7.0
gap_horizon_1uav_straight,5010,9.0,True,,CORRECT_RECOVERY,True,,7.376888828144312,8.0
gap_horizon_1uav_straight,5011,10.0,True,,CORRECT_RECOVERY,True,,18.187719993729587,9.0
gap_horizon_1uav_straight,5011,11.0,True,,CORRECT_RECOVERY,True,,15.121974352855666,10.0
gap_horizon_1uav_straight,5011,12.0,True,,CORRECT_RECOVERY,True,,18.397196302483533,11.0
gap_horizon_1uav_straight,5011,13.0,True,,CORRECT_RECOVERY,True,,31.00647691074639,12.0
gap_horizon_1uav_straight,5011,14.0,True,,CORRECT_RECOVERY,True,,34.57186642266115,13.0
gap_horizon_1uav_straight,5011,15.0,True,,CORRECT_RECOVERY,True,,47.234589021420895,14.0
gap_horizon_1uav_straight,5011,16.0,True,,CORRECT_RECOVERY,True,,59.338874283844014,15.0
gap_horizon_1uav_straight,5011,17.0,True,,CORRECT_RECOVERY,True,,67.71464017062328,16.0
gap_horizon_1uav_straight,5011,18.0,True,,CORRECT_RECOVERY,True,,81.12114011968912,17.0
gap_horizon_1uav_straight,5011,19.0,True,,CORRECT_RECOVERY,True,,98.42065158318647,18.0
gap_horizon_1uav_straight,5011,1.0,True,,CORRECT_RECOVERY,True,0.3253997339216317,,
gap_horizon_1uav_straight,5011,20.0,True,,CORRECT_RECOVERY,True,,114.76857731306009,19.0
gap_horizon_1uav_straight,5011,21.0,True,,CORRECT_RECOVERY,True,,131.03881140885647,20.0
gap_horizon_1uav_straight,5011,22.0,True,,CORRECT_RECOVERY,True,,148.32995589858191,21.0
gap_horizon_1uav_straight,5011,23.0,True,,CORRECT_RECOVERY,True,,165.07461515605604,22.0
gap_horizon_1uav_straight,5011,24.0,True,,CORRECT_RECOVERY,True,,183.0177644135922,23.0
gap_horizon_1uav_straight,5011,25.0,True,,CORRECT_RECOVERY,True,,200.8239288487886,24.0
gap_horizon_1uav_straight,5011,26.0,True,,CORRECT_RECOVERY,True,,213.82589061001207,25.0
gap_horizon_1uav_straight,5011,27.0,True,,CORRECT_RECOVERY,True,,229.13082092787224,26.0
gap_horizon_1uav_straight,5011,28.0,True,,CORRECT_RECOVERY,True,,239.1068047352017,27.0
gap_horizon_1uav_straight,5011,29.0,True,,CORRECT_RECOVERY,True,,254.32475893968055,28.0
gap_horizon_1uav_straight,5011,2.0,True,,CORRECT_RECOVERY,True,,0.4763242067730405,1.0
gap_horizon_1uav_straight,5011,30.0,True,,CORRECT_RECOVERY,True,,258.0490350923173,29.0
gap_horizon_1uav_straight,5011,31.0,True,DELETED,NO_RECOVERY,True,,261.0609082839354,29.0
gap_horizon_1uav_straight,5011,32.0,True,DELETED,NO_RECOVERY,True,,260.3644299076524,29.0
gap_horizon_1uav_straight,5011,3.0,True,,CORRECT_RECOVERY,True,,1.2168156172012277,2.0
gap_horizon_1uav_straight,5011,4.0,True,,CORRECT_RECOVERY,True,,0.9299189803220437,3.0
gap_horizon_1uav_straight,5011,5.0,True,,CORRECT_RECOVERY,True,,4.130601225124371,4.0
gap_horizon_1uav_straight,5011,6.0,True,,CORRECT_RECOVERY,True,,3.1268212665842157,5.0
gap_horizon_1uav_straight,5011,7.0,True,,CORRECT_RECOVERY,True,,7.237546190362401,6.0
gap_horizon_1uav_straight,5011,8.0,True,,CORRECT_RECOVERY,True,,5.327533747357818,7.0
gap_horizon_1uav_straight,5011,9.0,True,,CORRECT_RECOVERY,True,,10.235239569810153,8.0
gap_horizon_1uav_straight,5012,10.0,True,,CORRECT_RECOVERY,True,,12.585041521771323,9.0
gap_horizon_1uav_straight,5012,11.0,True,,CORRECT_RECOVERY,True,,15.554482383297866,10.0
gap_horizon_1uav_straight,5012,12.0,True,,CORRECT_RECOVERY,True,,20.272338880894615,11.0
gap_horizon_1uav_straight,5012,13.0,True,,CORRECT_RECOVERY,True,,24.17436223709193,12.0
gap_horizon_1uav_straight,5012,14.0,True,,CORRECT_RECOVERY,True,,32.63257499247454,13.0
gap_horizon_1uav_straight,5012,15.0,True,,CORRECT_RECOVERY,True,,42.364244039792005,14.0
gap_horizon_1uav_straight,5012,16.0,True,,CORRECT_RECOVERY,True,,55.50463438312338,15.0
gap_horizon_1uav_straight,5012,17.0,True,,CORRECT_RECOVERY,True,,68.23052348573015,16.0
gap_horizon_1uav_straight,5012,18.0,True,,CORRECT_RECOVERY,True,,87.90785137995191,17.0
gap_horizon_1uav_straight,5012,19.0,True,,CORRECT_RECOVERY,True,,96.76292413148914,18.0
gap_horizon_1uav_straight,5012,1.0,True,,CORRECT_RECOVERY,True,0.10461502273838219,,
gap_horizon_1uav_straight,5012,20.0,True,,CORRECT_RECOVERY,True,,111.60768041453656,19.0
gap_horizon_1uav_straight,5012,21.0,True,,CORRECT_RECOVERY,True,,131.33604149704448,20.0
gap_horizon_1uav_straight,5012,22.0,True,,CORRECT_RECOVERY,True,,149.11922948733354,21.0
gap_horizon_1uav_straight,5012,23.0,True,,CORRECT_RECOVERY,True,,165.34612982631805,22.0
gap_horizon_1uav_straight,5012,24.0,True,,CORRECT_RECOVERY,True,,184.15701225717353,23.0
gap_horizon_1uav_straight,5012,25.0,True,,CORRECT_RECOVERY,True,,199.7486219523701,24.0
gap_horizon_1uav_straight,5012,26.0,True,,CORRECT_RECOVERY,True,,212.6337983244674,25.0
gap_horizon_1uav_straight,5012,27.0,True,,CORRECT_RECOVERY,True,,229.4151484385686,26.0
gap_horizon_1uav_straight,5012,28.0,True,,CORRECT_RECOVERY,True,,242.83796930679435,27.0
gap_horizon_1uav_straight,5012,29.0,True,,CORRECT_RECOVERY,True,,252.50354412978547,28.0
gap_horizon_1uav_straight,5012,2.0,True,,CORRECT_RECOVERY,True,,0.5369841745519142,1.0
gap_horizon_1uav_straight,5012,30.0,True,,CORRECT_RECOVERY,True,,261.800969435098,29.0
gap_horizon_1uav_straight,5012,31.0,True,DELETED,NO_RECOVERY,True,,261.7797244014785,29.0
gap_horizon_1uav_straight,5012,32.0,True,DELETED,NO_RECOVERY,True,,261.4623375495728,29.0
gap_horizon_1uav_straight,5012,3.0,True,,CORRECT_RECOVERY,True,,1.213948074472945,2.0
gap_horizon_1uav_straight,5012,4.0,True,,CORRECT_RECOVERY,True,,0.7476405913901979,3.0
gap_horizon_1uav_straight,5012,5.0,True,,CORRECT_RECOVERY,True,,0.9437318192759963,4.0
gap_horizon_1uav_straight,5012,6.0,True,,CORRECT_RECOVERY,True,,2.3811647204371793,5.0
gap_horizon_1uav_straight,5012,7.0,True,,CORRECT_RECOVERY,True,,2.2641275442428013,6.0
gap_horizon_1uav_straight,5012,8.0,True,,CORRECT_RECOVERY,True,,3.254566919501678,7.0
gap_horizon_1uav_straight,5012,9.0,True,,CORRECT_RECOVERY,True,,6.13784679646754,8.0
gap_horizon_1uav_straight,5013,10.0,True,,CORRECT_RECOVERY,True,,9.787570444651395,9.0
gap_horizon_1uav_straight,5013,11.0,True,,CORRECT_RECOVERY,True,,12.686483049481172,10.0
gap_horizon_1uav_straight,5013,12.0,True,,CORRECT_RECOVERY,True,,18.007103643372215,11.0
gap_horizon_1uav_straight,5013,13.0,True,,CORRECT_RECOVERY,True,,26.08035978406985,12.0
gap_horizon_1uav_straight,5013,14.0,True,,CORRECT_RECOVERY,True,,31.240485568366232,13.0
gap_horizon_1uav_straight,5013,15.0,True,,CORRECT_RECOVERY,True,,41.76306459008685,14.0
gap_horizon_1uav_straight,5013,16.0,True,,CORRECT_RECOVERY,True,,54.476161318351345,15.0
gap_horizon_1uav_straight,5013,17.0,True,,CORRECT_RECOVERY,True,,74.7195197257486,16.0
gap_horizon_1uav_straight,5013,18.0,True,,CORRECT_RECOVERY,True,,81.86499290327934,17.0
gap_horizon_1uav_straight,5013,19.0,True,,CORRECT_RECOVERY,True,,97.6967324124718,18.0
gap_horizon_1uav_straight,5013,1.0,True,,CORRECT_RECOVERY,True,0.38695749817310576,,
gap_horizon_1uav_straight,5013,20.0,True,,CORRECT_RECOVERY,True,,112.70994258127716,19.0
gap_horizon_1uav_straight,5013,21.0,True,,CORRECT_RECOVERY,True,,131.39117587084996,20.0
gap_horizon_1uav_straight,5013,22.0,True,,CORRECT_RECOVERY,True,,146.963887784876,21.0
gap_horizon_1uav_straight,5013,23.0,True,,CORRECT_RECOVERY,True,,165.16741476903783,22.0
gap_horizon_1uav_straight,5013,24.0,True,,CORRECT_RECOVERY,True,,183.15409040105865,23.0
gap_horizon_1uav_straight,5013,25.0,True,,CORRECT_RECOVERY,True,,199.91265568621313,24.0
gap_horizon_1uav_straight,5013,26.0,True,,CORRECT_RECOVERY,True,,215.29754197049562,25.0
gap_horizon_1uav_straight,5013,27.0,True,,CORRECT_RECOVERY,True,,227.86033122983162,26.0
gap_horizon_1uav_straight,5013,28.0,True,,CORRECT_RECOVERY,True,,240.87528714386102,27.0
gap_horizon_1uav_straight,5013,29.0,True,,CORRECT_RECOVERY,True,,249.58935782443172,28.0
gap_horizon_1uav_straight,5013,2.0,True,,CORRECT_RECOVERY,True,,0.5179541479776096,1.0
gap_horizon_1uav_straight,5013,30.0,True,,CORRECT_RECOVERY,True,,259.2425635381407,29.0
gap_horizon_1uav_straight,5013,31.0,True,DELETED,NO_RECOVERY,True,,261.9258071465748,29.0
gap_horizon_1uav_straight,5013,32.0,True,DELETED,NO_RECOVERY,True,,261.2505756703083,29.0
gap_horizon_1uav_straight,5013,3.0,True,,CORRECT_RECOVERY,True,,0.7369351377463106,2.0
gap_horizon_1uav_straight,5013,4.0,True,,CORRECT_RECOVERY,True,,0.21629526828744294,3.0
gap_horizon_1uav_straight,5013,5.0,True,,CORRECT_RECOVERY,True,,0.649546400594247,4.0
gap_horizon_1uav_straight,5013,6.0,True,,CORRECT_RECOVERY,True,,1.9038057311897139,5.0
gap_horizon_1uav_straight,5013,7.0,True,,CORRECT_RECOVERY,True,,5.9580293022703685,6.0
gap_horizon_1uav_straight,5013,8.0,True,,CORRECT_RECOVERY,True,,3.1731330462073943,7.0
gap_horizon_1uav_straight,5013,9.0,True,,CORRECT_RECOVERY,True,,6.7765726529026145,8.0
gap_horizon_1uav_straight,5014,10.0,True,,CORRECT_RECOVERY,True,,14.257861801646992,9.0
gap_horizon_1uav_straight,5014,11.0,True,,CORRECT_RECOVERY,True,,15.755243690315801,10.0
gap_horizon_1uav_straight,5014,12.0,True,,CORRECT_RECOVERY,True,,19.467716202349486,11.0
gap_horizon_1uav_straight,5014,13.0,True,,CORRECT_RECOVERY,True,,25.059125228436447,12.0
gap_horizon_1uav_straight,5014,14.0,True,,CORRECT_RECOVERY,True,,35.83914320235692,13.0
gap_horizon_1uav_straight,5014,15.0,True,,CORRECT_RECOVERY,True,,45.44088693586521,14.0
gap_horizon_1uav_straight,5014,16.0,True,,CORRECT_RECOVERY,True,,57.805741122297306,15.0
gap_horizon_1uav_straight,5014,17.0,True,,CORRECT_RECOVERY,True,,66.28719012839474,16.0
gap_horizon_1uav_straight,5014,18.0,True,,CORRECT_RECOVERY,True,,83.04824887421755,17.0
gap_horizon_1uav_straight,5014,19.0,True,,CORRECT_RECOVERY,True,,96.98966375458069,18.0
gap_horizon_1uav_straight,5014,1.0,True,,CORRECT_RECOVERY,True,0.15193323916363521,,
gap_horizon_1uav_straight,5014,20.0,True,,CORRECT_RECOVERY,True,,112.744856026648,19.0
gap_horizon_1uav_straight,5014,21.0,True,,CORRECT_RECOVERY,True,,130.26546291313645,20.0
gap_horizon_1uav_straight,5014,22.0,True,,CORRECT_RECOVERY,True,,148.9452565788402,21.0
gap_horizon_1uav_straight,5014,23.0,True,,CORRECT_RECOVERY,True,,165.21769462964113,22.0
gap_horizon_1uav_straight,5014,24.0,True,,CORRECT_RECOVERY,True,,179.91426490474254,23.0
gap_horizon_1uav_straight,5014,25.0,True,,CORRECT_RECOVERY,True,,199.6837183815968,24.0
gap_horizon_1uav_straight,5014,26.0,True,,CORRECT_RECOVERY,True,,216.2958320855003,25.0
gap_horizon_1uav_straight,5014,27.0,True,,CORRECT_RECOVERY,True,,227.57175253916563,26.0
gap_horizon_1uav_straight,5014,28.0,True,,CORRECT_RECOVERY,True,,234.53585395237386,27.0
gap_horizon_1uav_straight,5014,29.0,True,,CORRECT_RECOVERY,True,,252.7684056894387,28.0
gap_horizon_1uav_straight,5014,2.0,True,,CORRECT_RECOVERY,True,,0.21925427529489747,1.0
gap_horizon_1uav_straight,5014,30.0,True,,CORRECT_RECOVERY,True,,262.5050494196861,29.0
gap_horizon_1uav_straight,5014,31.0,True,DELETED,NO_RECOVERY,True,,261.5519495866878,29.0
gap_horizon_1uav_straight,5014,32.0,True,DELETED,NO_RECOVERY,True,,259.69515058924566,29.0
gap_horizon_1uav_straight,5014,3.0,True,,CORRECT_RECOVERY,True,,0.4734807771652675,2.0
gap_horizon_1uav_straight,5014,4.0,True,,CORRECT_RECOVERY,True,,1.0049399500709455,3.0
gap_horizon_1uav_straight,5014,5.0,True,,CORRECT_RECOVERY,True,,1.042586496543333,4.0
gap_horizon_1uav_straight,5014,6.0,True,,CORRECT_RECOVERY,True,,1.7191405162414142,5.0
gap_horizon_1uav_straight,5014,7.0,True,,CORRECT_RECOVERY,True,,2.1339098541435457,6.0
gap_horizon_1uav_straight,5014,8.0,True,,CORRECT_RECOVERY,True,,4.101309752121082,7.0
gap_horizon_1uav_straight,5014,9.0,True,,CORRECT_RECOVERY,True,,7.132953039649147,8.0
gap_horizon_1uav_straight,5015,10.0,True,,CORRECT_RECOVERY,True,,11.409449366684024,9.0
gap_horizon_1uav_straight,5015,11.0,True,,CORRECT_RECOVERY,True,,15.307159414891908,10.0
gap_horizon_1uav_straight,5015,12.0,True,,CORRECT_RECOVERY,True,,22.008353689238458,11.0
gap_horizon_1uav_straight,5015,13.0,True,,CORRECT_RECOVERY,True,,38.66683750490727,12.0
gap_horizon_1uav_straight,5015,14.0,True,,CORRECT_RECOVERY,True,,32.6871079888299,13.0
gap_horizon_1uav_straight,5015,15.0,True,,CORRECT_RECOVERY,True,,43.4429684081354,14.0
gap_horizon_1uav_straight,5015,16.0,True,,CORRECT_RECOVERY,True,,58.62988319396059,15.0
gap_horizon_1uav_straight,5015,17.0,True,,CORRECT_RECOVERY,True,,66.54234198315473,16.0
gap_horizon_1uav_straight,5015,18.0,True,,CORRECT_RECOVERY,True,,81.41351451635103,17.0
gap_horizon_1uav_straight,5015,19.0,True,,CORRECT_RECOVERY,True,,98.11773017019787,18.0
gap_horizon_1uav_straight,5015,1.0,True,,CORRECT_RECOVERY,True,0.3096888256888953,,
gap_horizon_1uav_straight,5015,20.0,True,,CORRECT_RECOVERY,True,,112.79008677358496,19.0
gap_horizon_1uav_straight,5015,21.0,True,,CORRECT_RECOVERY,True,,130.44486528927945,20.0
gap_horizon_1uav_straight,5015,22.0,True,,CORRECT_RECOVERY,True,,148.48999596826175,21.0
gap_horizon_1uav_straight,5015,23.0,True,,CORRECT_RECOVERY,True,,166.27644854517374,22.0
gap_horizon_1uav_straight,5015,24.0,True,,CORRECT_RECOVERY,True,,184.0240584151277,23.0
gap_horizon_1uav_straight,5015,25.0,True,,CORRECT_RECOVERY,True,,200.31772605476897,24.0
gap_horizon_1uav_straight,5015,26.0,True,,CORRECT_RECOVERY,True,,210.86333865362198,25.0
gap_horizon_1uav_straight,5015,27.0,True,,CORRECT_RECOVERY,True,,230.17058894387006,26.0
gap_horizon_1uav_straight,5015,28.0,True,,CORRECT_RECOVERY,True,,239.02005026386516,27.0
gap_horizon_1uav_straight,5015,29.0,True,,CORRECT_RECOVERY,True,,253.60849634236607,28.0
gap_horizon_1uav_straight,5015,2.0,True,,CORRECT_RECOVERY,True,,0.6299399716387586,1.0
gap_horizon_1uav_straight,5015,30.0,True,,CORRECT_RECOVERY,True,,255.7833716933293,29.0
gap_horizon_1uav_straight,5015,31.0,True,DELETED,NO_RECOVERY,True,,253.6768092754099,29.0
gap_horizon_1uav_straight,5015,32.0,True,DELETED,NO_RECOVERY,True,,260.28855702430826,29.0
gap_horizon_1uav_straight,5015,3.0,True,,CORRECT_RECOVERY,True,,1.6064662397156724,2.0
gap_horizon_1uav_straight,5015,4.0,True,,CORRECT_RECOVERY,True,,0.7113526518854801,3.0
gap_horizon_1uav_straight,5015,5.0,True,,CORRECT_RECOVERY,True,,2.6239113887495664,4.0
gap_horizon_1uav_straight,5015,6.0,True,,CORRECT_RECOVERY,True,,1.8470364745701404,5.0
gap_horizon_1uav_straight,5015,7.0,True,,CORRECT_RECOVERY,True,,2.6879264879873612,6.0
gap_horizon_1uav_straight,5015,8.0,True,,CORRECT_RECOVERY,True,,5.451113366005094,7.0
gap_horizon_1uav_straight,5015,9.0,True,,CORRECT_RECOVERY,True,,7.126060337459402,8.0
gap_horizon_1uav_straight,5016,10.0,True,,CORRECT_RECOVERY,True,,8.167059852400651,9.0
gap_horizon_1uav_straight,5016,11.0,True,,CORRECT_RECOVERY,True,,14.649761907166491,10.0
gap_horizon_1uav_straight,5016,12.0,True,,CORRECT_RECOVERY,True,,17.5452524079035,11.0
gap_horizon_1uav_straight,5016,13.0,True,,CORRECT_RECOVERY,True,,28.576270593473907,12.0
gap_horizon_1uav_straight,5016,14.0,True,,CORRECT_RECOVERY,True,,35.16404109399546,13.0
gap_horizon_1uav_straight,5016,15.0,True,,CORRECT_RECOVERY,True,,44.120443953291435,14.0
gap_horizon_1uav_straight,5016,16.0,True,,CORRECT_RECOVERY,True,,53.87634168226364,15.0
gap_horizon_1uav_straight,5016,17.0,True,,CORRECT_RECOVERY,True,,68.14076557830649,16.0
gap_horizon_1uav_straight,5016,18.0,True,,CORRECT_RECOVERY,True,,82.27113986817764,17.0
gap_horizon_1uav_straight,5016,19.0,True,,CORRECT_RECOVERY,True,,96.72699632138686,18.0
gap_horizon_1uav_straight,5016,1.0,True,,CORRECT_RECOVERY,True,0.2108931663752903,,
gap_horizon_1uav_straight,5016,20.0,True,,CORRECT_RECOVERY,True,,113.94060270473544,19.0
gap_horizon_1uav_straight,5016,21.0,True,,CORRECT_RECOVERY,True,,129.5794804225642,20.0
gap_horizon_1uav_straight,5016,22.0,True,,CORRECT_RECOVERY,True,,149.4555409131996,21.0
gap_horizon_1uav_straight,5016,23.0,True,,CORRECT_RECOVERY,True,,165.64509089317937,22.0
gap_horizon_1uav_straight,5016,24.0,True,,CORRECT_RECOVERY,True,,184.06751706150135,23.0
gap_horizon_1uav_straight,5016,25.0,True,,CORRECT_RECOVERY,True,,200.2972846236813,24.0
gap_horizon_1uav_straight,5016,26.0,True,,CORRECT_RECOVERY,True,,216.5182320151738,25.0
gap_horizon_1uav_straight,5016,27.0,True,,CORRECT_RECOVERY,True,,229.6438816497288,26.0
gap_horizon_1uav_straight,5016,28.0,True,,CORRECT_RECOVERY,True,,242.06649519233315,27.0
gap_horizon_1uav_straight,5016,29.0,True,,CORRECT_RECOVERY,True,,253.48299650604622,28.0
gap_horizon_1uav_straight,5016,2.0,True,,CORRECT_RECOVERY,True,,0.3706389928616281,1.0
gap_horizon_1uav_straight,5016,30.0,True,,CORRECT_RECOVERY,True,,259.028020737727,29.0
gap_horizon_1uav_straight,5016,31.0,True,DELETED,NO_RECOVERY,True,,259.56327406327574,29.0
gap_horizon_1uav_straight,5016,32.0,True,DELETED,NO_RECOVERY,True,,260.85302805620614,29.0
gap_horizon_1uav_straight,5016,3.0,True,,CORRECT_RECOVERY,True,,0.7090948611526813,2.0
gap_horizon_1uav_straight,5016,4.0,True,,CORRECT_RECOVERY,True,,0.5102864392458919,3.0
gap_horizon_1uav_straight,5016,5.0,True,,CORRECT_RECOVERY,True,,0.671339901021319,4.0
gap_horizon_1uav_straight,5016,6.0,True,,CORRECT_RECOVERY,True,,3.8378332466354155,5.0
gap_horizon_1uav_straight,5016,7.0,True,,CORRECT_RECOVERY,True,,2.672461283951228,6.0
gap_horizon_1uav_straight,5016,8.0,True,,CORRECT_RECOVERY,True,,7.468642368007398,7.0
gap_horizon_1uav_straight,5016,9.0,True,,CORRECT_RECOVERY,True,,10.13863731840345,8.0
gap_horizon_1uav_straight,5017,10.0,True,,CORRECT_RECOVERY,True,,9.757605639775038,9.0
gap_horizon_1uav_straight,5017,11.0,True,,CORRECT_RECOVERY,True,,20.598697212783204,10.0
gap_horizon_1uav_straight,5017,12.0,True,,CORRECT_RECOVERY,True,,20.81923776059355,11.0
gap_horizon_1uav_straight,5017,13.0,True,,CORRECT_RECOVERY,True,,25.188161747970746,12.0
gap_horizon_1uav_straight,5017,14.0,True,,CORRECT_RECOVERY,True,,35.091073451588024,13.0
gap_horizon_1uav_straight,5017,15.0,True,,CORRECT_RECOVERY,True,,43.03053114906342,14.0
gap_horizon_1uav_straight,5017,16.0,True,,CORRECT_RECOVERY,True,,54.378835198769416,15.0
gap_horizon_1uav_straight,5017,17.0,True,,CORRECT_RECOVERY,True,,68.08637612578843,16.0
gap_horizon_1uav_straight,5017,18.0,True,,CORRECT_RECOVERY,True,,82.12992441711505,17.0
gap_horizon_1uav_straight,5017,19.0,True,,CORRECT_RECOVERY,True,,97.6070584964635,18.0
gap_horizon_1uav_straight,5017,1.0,True,,CORRECT_RECOVERY,True,0.06722210550727446,,
gap_horizon_1uav_straight,5017,20.0,True,,CORRECT_RECOVERY,True,,113.26124974825055,19.0
gap_horizon_1uav_straight,5017,21.0,True,,CORRECT_RECOVERY,True,,130.5641835359836,20.0
gap_horizon_1uav_straight,5017,22.0,True,,CORRECT_RECOVERY,True,,147.4807486326439,21.0
gap_horizon_1uav_straight,5017,23.0,True,,CORRECT_RECOVERY,True,,157.42662935605463,22.0
gap_horizon_1uav_straight,5017,24.0,True,,CORRECT_RECOVERY,True,,184.07008073343846,23.0
gap_horizon_1uav_straight,5017,25.0,True,,CORRECT_RECOVERY,True,,201.6703109392511,24.0
gap_horizon_1uav_straight,5017,26.0,True,,CORRECT_RECOVERY,True,,216.88701446913413,25.0
gap_horizon_1uav_straight,5017,27.0,True,,CORRECT_RECOVERY,True,,227.4539365050057,26.0
gap_horizon_1uav_straight,5017,28.0,True,,CORRECT_RECOVERY,True,,240.57870326835763,27.0
gap_horizon_1uav_straight,5017,29.0,True,,CORRECT_RECOVERY,True,,248.09843491822605,28.0
gap_horizon_1uav_straight,5017,2.0,True,,CORRECT_RECOVERY,True,,0.6111022195318213,1.0
gap_horizon_1uav_straight,5017,30.0,True,,CORRECT_RECOVERY,True,,260.5632708990882,29.0
gap_horizon_1uav_straight,5017,31.0,True,DELETED,NO_RECOVERY,True,,260.89376331003643,29.0
gap_horizon_1uav_straight,5017,32.0,True,DELETED,NO_RECOVERY,True,,256.14906791950307,29.0
gap_horizon_1uav_straight,5017,3.0,True,,CORRECT_RECOVERY,True,,0.5012480242903542,2.0
gap_horizon_1uav_straight,5017,4.0,True,,CORRECT_RECOVERY,True,,2.065078815392847,3.0
gap_horizon_1uav_straight,5017,5.0,True,,CORRECT_RECOVERY,True,,2.4134799298647245,4.0
gap_horizon_1uav_straight,5017,6.0,True,,CORRECT_RECOVERY,True,,2.5527128396805496,5.0
gap_horizon_1uav_straight,5017,7.0,True,,CORRECT_RECOVERY,True,,3.5962227945051537,6.0
gap_horizon_1uav_straight,5017,8.0,True,,CORRECT_RECOVERY,True,,6.944842810873887,7.0
gap_horizon_1uav_straight,5017,9.0,True,,CORRECT_RECOVERY,True,,5.670932440615691,8.0
gap_horizon_1uav_straight,5018,10.0,True,,CORRECT_RECOVERY,True,,13.172708977376512,9.0
gap_horizon_1uav_straight,5018,11.0,True,,CORRECT_RECOVERY,True,,14.006630718707049,10.0
gap_horizon_1uav_straight,5018,12.0,True,,CORRECT_RECOVERY,True,,23.098000554396542,11.0
gap_horizon_1uav_straight,5018,13.0,True,,CORRECT_RECOVERY,True,,27.885388045792965,12.0
gap_horizon_1uav_straight,5018,14.0,True,,CORRECT_RECOVERY,True,,32.31952981747345,13.0
gap_horizon_1uav_straight,5018,15.0,True,,CORRECT_RECOVERY,True,,45.17548146059681,14.0
gap_horizon_1uav_straight,5018,16.0,True,,CORRECT_RECOVERY,True,,56.11512866751785,15.0
gap_horizon_1uav_straight,5018,17.0,True,,CORRECT_RECOVERY,True,,67.59140287001016,16.0
gap_horizon_1uav_straight,5018,18.0,True,,CORRECT_RECOVERY,True,,80.99436130600503,17.0
gap_horizon_1uav_straight,5018,19.0,True,,CORRECT_RECOVERY,True,,97.57023382666623,18.0
gap_horizon_1uav_straight,5018,1.0,True,,CORRECT_RECOVERY,True,0.46864576671328767,,
gap_horizon_1uav_straight,5018,20.0,True,,CORRECT_RECOVERY,True,,114.77723219508292,19.0
gap_horizon_1uav_straight,5018,21.0,True,,CORRECT_RECOVERY,True,,129.5995348231973,20.0
gap_horizon_1uav_straight,5018,22.0,True,,CORRECT_RECOVERY,True,,144.90567120706606,21.0
gap_horizon_1uav_straight,5018,23.0,True,,CORRECT_RECOVERY,True,,165.4289525650917,22.0
gap_horizon_1uav_straight,5018,24.0,True,,CORRECT_RECOVERY,True,,183.97623781358666,23.0
gap_horizon_1uav_straight,5018,25.0,True,,CORRECT_RECOVERY,True,,200.89836481582063,24.0
gap_horizon_1uav_straight,5018,26.0,True,,CORRECT_RECOVERY,True,,216.21641147088877,25.0
gap_horizon_1uav_straight,5018,27.0,True,,CORRECT_RECOVERY,True,,229.37671908164356,26.0
gap_horizon_1uav_straight,5018,28.0,True,,CORRECT_RECOVERY,True,,242.14051661275954,27.0
gap_horizon_1uav_straight,5018,29.0,True,,CORRECT_RECOVERY,True,,252.46455972794152,28.0
gap_horizon_1uav_straight,5018,2.0,True,,CORRECT_RECOVERY,True,,0.5071484986131953,1.0
gap_horizon_1uav_straight,5018,30.0,True,,CORRECT_RECOVERY,True,,260.4136447552617,29.0
gap_horizon_1uav_straight,5018,31.0,True,DELETED,NO_RECOVERY,True,,261.38833589531686,29.0
gap_horizon_1uav_straight,5018,32.0,True,DELETED,NO_RECOVERY,True,,262.18384018073755,29.0
gap_horizon_1uav_straight,5018,3.0,True,,CORRECT_RECOVERY,True,,1.5561147544038985,2.0
gap_horizon_1uav_straight,5018,4.0,True,,CORRECT_RECOVERY,True,,1.1583799207568202,3.0
gap_horizon_1uav_straight,5018,5.0,True,,CORRECT_RECOVERY,True,,0.9896937977549413,4.0
gap_horizon_1uav_straight,5018,6.0,True,,CORRECT_RECOVERY,True,,2.852531818172667,5.0
gap_horizon_1uav_straight,5018,7.0,True,,CORRECT_RECOVERY,True,,3.107831622343321,6.0
gap_horizon_1uav_straight,5018,8.0,True,,CORRECT_RECOVERY,True,,7.468994835852941,7.0
gap_horizon_1uav_straight,5018,9.0,True,,CORRECT_RECOVERY,True,,10.192694668233953,8.0
gap_horizon_1uav_straight,5019,10.0,True,,CORRECT_RECOVERY,True,,8.532857152375337,9.0
gap_horizon_1uav_straight,5019,11.0,True,,CORRECT_RECOVERY,True,,15.101678311526506,10.0
gap_horizon_1uav_straight,5019,12.0,True,,CORRECT_RECOVERY,True,,16.91421142674337,11.0
gap_horizon_1uav_straight,5019,13.0,True,,CORRECT_RECOVERY,True,,24.14092564221366,12.0
gap_horizon_1uav_straight,5019,14.0,True,,CORRECT_RECOVERY,True,,34.30807534807492,13.0
gap_horizon_1uav_straight,5019,15.0,True,,CORRECT_RECOVERY,True,,42.292991419191225,14.0
gap_horizon_1uav_straight,5019,16.0,True,,CORRECT_RECOVERY,True,,55.05266265309094,15.0
gap_horizon_1uav_straight,5019,17.0,True,,CORRECT_RECOVERY,True,,66.05659464543108,16.0
gap_horizon_1uav_straight,5019,18.0,True,,CORRECT_RECOVERY,True,,83.23945580563202,17.0
gap_horizon_1uav_straight,5019,19.0,True,,CORRECT_RECOVERY,True,,97.76317263757363,18.0
gap_horizon_1uav_straight,5019,1.0,True,,CORRECT_RECOVERY,True,0.0607833077219481,,
gap_horizon_1uav_straight,5019,20.0,True,,CORRECT_RECOVERY,True,,112.67583821368746,19.0
gap_horizon_1uav_straight,5019,21.0,True,,CORRECT_RECOVERY,True,,131.2731896102339,20.0
gap_horizon_1uav_straight,5019,22.0,True,,CORRECT_RECOVERY,True,,148.42897978921593,21.0
gap_horizon_1uav_straight,5019,23.0,True,,CORRECT_RECOVERY,True,,165.43214943894952,22.0
gap_horizon_1uav_straight,5019,24.0,True,,CORRECT_RECOVERY,True,,184.32073872610866,23.0
gap_horizon_1uav_straight,5019,25.0,True,,CORRECT_RECOVERY,True,,202.39774414962824,24.0
gap_horizon_1uav_straight,5019,26.0,True,,CORRECT_RECOVERY,True,,216.4375811199945,25.0
gap_horizon_1uav_straight,5019,27.0,True,,CORRECT_RECOVERY,True,,225.7489269447016,26.0
gap_horizon_1uav_straight,5019,28.0,True,,CORRECT_RECOVERY,True,,235.7581626255146,27.0
gap_horizon_1uav_straight,5019,29.0,True,,CORRECT_RECOVERY,True,,253.50707506080605,28.0
gap_horizon_1uav_straight,5019,2.0,True,,CORRECT_RECOVERY,True,,0.17967713189726142,1.0
gap_horizon_1uav_straight,5019,30.0,True,,CORRECT_RECOVERY,True,,259.7038588624686,29.0
gap_horizon_1uav_straight,5019,31.0,True,DELETED,NO_RECOVERY,True,,261.60330413121704,29.0
gap_horizon_1uav_straight,5019,32.0,True,DELETED,NO_RECOVERY,True,,262.45091409705213,29.0
gap_horizon_1uav_straight,5019,3.0,True,,CORRECT_RECOVERY,True,,0.39040092673976884,2.0
gap_horizon_1uav_straight,5019,4.0,True,,CORRECT_RECOVERY,True,,0.8840598492808527,3.0
gap_horizon_1uav_straight,5019,5.0,True,,CORRECT_RECOVERY,True,,1.272685113676828,4.0
gap_horizon_1uav_straight,5019,6.0,True,,CORRECT_RECOVERY,True,,2.4656603431866535,5.0
gap_horizon_1uav_straight,5019,7.0,True,,CORRECT_RECOVERY,True,,2.8666624674030046,6.0
gap_horizon_1uav_straight,5019,8.0,True,,CORRECT_RECOVERY,True,,2.872650804165841,7.0
gap_horizon_1uav_straight,5019,9.0,True,,CORRECT_RECOVERY,True,,5.36058312422737,8.0
gap_horizon_1uav_straight,5020,10.0,True,,CORRECT_RECOVERY,True,,9.004321549713437,9.0
gap_horizon_1uav_straight,5020,11.0,True,,CORRECT_RECOVERY,True,,15.075068883920462,10.0
gap_horizon_1uav_straight,5020,12.0,True,,CORRECT_RECOVERY,True,,20.063850488953896,11.0
gap_horizon_1uav_straight,5020,13.0,True,,CORRECT_RECOVERY,True,,26.36394716466654,12.0
gap_horizon_1uav_straight,5020,14.0,True,,CORRECT_RECOVERY,True,,33.69843811585639,13.0
gap_horizon_1uav_straight,5020,15.0,True,,CORRECT_RECOVERY,True,,43.709264364087936,14.0
gap_horizon_1uav_straight,5020,16.0,True,,CORRECT_RECOVERY,True,,55.18733042037766,15.0
gap_horizon_1uav_straight,5020,17.0,True,,CORRECT_RECOVERY,True,,67.9202078120168,16.0
gap_horizon_1uav_straight,5020,18.0,True,,CORRECT_RECOVERY,True,,82.66315408208303,17.0
gap_horizon_1uav_straight,5020,19.0,True,,CORRECT_RECOVERY,True,,97.70728101912516,18.0
gap_horizon_1uav_straight,5020,1.0,True,,CORRECT_RECOVERY,True,0.34289992439180783,,
gap_horizon_1uav_straight,5020,20.0,True,,CORRECT_RECOVERY,True,,112.44558578512809,19.0
gap_horizon_1uav_straight,5020,21.0,True,,CORRECT_RECOVERY,True,,129.77691977389688,20.0
gap_horizon_1uav_straight,5020,22.0,True,,CORRECT_RECOVERY,True,,148.49651240560956,21.0
gap_horizon_1uav_straight,5020,23.0,True,,CORRECT_RECOVERY,True,,166.11316454538436,22.0
gap_horizon_1uav_straight,5020,24.0,True,,CORRECT_RECOVERY,True,,183.78802945799947,23.0
gap_horizon_1uav_straight,5020,25.0,True,,CORRECT_RECOVERY,True,,201.77477857161855,24.0
gap_horizon_1uav_straight,5020,26.0,True,,CORRECT_RECOVERY,True,,208.3557578021075,25.0
gap_horizon_1uav_straight,5020,27.0,True,,CORRECT_RECOVERY,True,,229.33154880012003,26.0
gap_horizon_1uav_straight,5020,28.0,True,,CORRECT_RECOVERY,True,,241.78963317854146,27.0
gap_horizon_1uav_straight,5020,29.0,True,,CORRECT_RECOVERY,True,,253.2307029570912,28.0
gap_horizon_1uav_straight,5020,2.0,True,,CORRECT_RECOVERY,True,,0.13972698440246178,1.0
gap_horizon_1uav_straight,5020,30.0,True,,CORRECT_RECOVERY,True,,260.8266870967954,29.0
gap_horizon_1uav_straight,5020,31.0,True,DELETED,NO_RECOVERY,True,,257.58593567007165,29.0
gap_horizon_1uav_straight,5020,32.0,True,DELETED,NO_RECOVERY,True,,261.5832076597546,29.0
gap_horizon_1uav_straight,5020,3.0,True,,CORRECT_RECOVERY,True,,0.9297247045689493,2.0
gap_horizon_1uav_straight,5020,4.0,True,,CORRECT_RECOVERY,True,,1.5128814860765352,3.0
gap_horizon_1uav_straight,5020,5.0,True,,CORRECT_RECOVERY,True,,0.6075047048924419,4.0
gap_horizon_1uav_straight,5020,6.0,True,,CORRECT_RECOVERY,True,,3.7863139184265555,5.0
gap_horizon_1uav_straight,5020,7.0,True,,CORRECT_RECOVERY,True,,3.977820714367536,6.0
gap_horizon_1uav_straight,5020,8.0,True,,CORRECT_RECOVERY,True,,2.4936157072411658,7.0
gap_horizon_1uav_straight,5020,9.0,True,,CORRECT_RECOVERY,True,,8.767061159156288,8.0
gap_horizon_2uav_crossing,5001,10.0,True,,CORRECT_RECOVERY,True,,9.755235252306582,9.0
gap_horizon_2uav_crossing,5001,11.0,True,,CORRECT_RECOVERY,True,,20.184548705318722,11.049999999999997
gap_horizon_2uav_crossing,5001,12.0,True,,CORRECT_RECOVERY,True,,14.584111762446545,11.900000000000006
gap_horizon_2uav_crossing,5001,13.0,True,,CORRECT_RECOVERY,True,,20.703334484180964,12.900000000000006
gap_horizon_2uav_crossing,5001,14.0,True,,CORRECT_RECOVERY,True,,25.51687833363544,13.900000000000006
gap_horizon_2uav_crossing,5001,15.0,True,,CORRECT_RECOVERY,True,,32.40957009946859,15.049999999999997
gap_horizon_2uav_crossing,5001,16.0,True,,CORRECT_RECOVERY,True,,40.89498947457536,16.0
gap_horizon_2uav_crossing,5001,17.0,True,,CORRECT_RECOVERY,True,,42.04094899443846,16.0
gap_horizon_2uav_crossing,5001,18.0,True,DELETED,NO_RECOVERY,False,,56.643776781779316,18.049999999999997
gap_horizon_2uav_crossing,5001,19.0,True,,CORRECT_RECOVERY,True,,66.81947215979343,19.050000000000004
gap_horizon_2uav_crossing,5001,1.0,True,,CORRECT_RECOVERY,True,0.4338743250874907,,
gap_horizon_2uav_crossing,5001,20.0,True,,CORRECT_RECOVERY,True,,74.91586901268832,20.050000000000004
gap_horizon_2uav_crossing,5001,21.0,True,,CORRECT_RECOVERY,True,,82.04653389553155,20.950000000000003
gap_horizon_2uav_crossing,5001,22.0,True,,CORRECT_RECOVERY,True,,91.9757482047525,22.050000000000004
gap_horizon_2uav_crossing,5001,23.0,True,,CORRECT_RECOVERY,True,,100.7498618453997,23.0
gap_horizon_2uav_crossing,5001,24.0,True,,CORRECT_RECOVERY,True,,107.81203170941964,24.0
gap_horizon_2uav_crossing,5001,25.0,True,,CORRECT_RECOVERY,True,,115.53233931921173,25.050000000000004
gap_horizon_2uav_crossing,5001,26.0,True,,CORRECT_RECOVERY,True,,119.60192624044231,26.0
gap_horizon_2uav_crossing,5001,27.0,True,,CORRECT_RECOVERY,True,,129.0466033129254,27.0
gap_horizon_2uav_crossing,5001,28.0,True,,CORRECT_RECOVERY,True,,132.5960650480166,27.950000000000003
gap_horizon_2uav_crossing,5001,29.0,True,,CORRECT_RECOVERY,True,,136.54548303767612,29.049999999999997
gap_horizon_2uav_crossing,5001,2.0,True,,CORRECT_RECOVERY,True,,0.578540025866813,1.9500000000000028
gap_horizon_2uav_crossing,5001,30.0,True,DELETED,NO_RECOVERY,False,,136.27440492133584,29.0
gap_horizon_2uav_crossing,5001,31.0,True,DELETED,NO_RECOVERY,True,,139.75126232652818,30.049999999999997
gap_horizon_2uav_crossing,5001,32.0,True,DELETED,NO_RECOVERY,True,,135.02524625573767,28.000000000000007
gap_horizon_2uav_crossing,5001,3.0,True,,CORRECT_RECOVERY,True,,0.7255082018895584,3.049999999999997
gap_horizon_2uav_crossing,5001,4.0,True,,CORRECT_RECOVERY,True,,1.0898882277131632,4.049999999999997
gap_horizon_2uav_crossing,5001,5.0,True,,CORRECT_RECOVERY,True,,0.8976611879896607,5.0
gap_horizon_2uav_crossing,5001,6.0,True,,CORRECT_RECOVERY,True,,2.4524477316753273,6.049999999999997
gap_horizon_2uav_crossing,5001,7.0,True,,CORRECT_RECOVERY,True,,4.202110025624632,6.900000000000006
gap_horizon_2uav_crossing,5001,8.0,True,,CORRECT_RECOVERY,True,,5.573170667942655,8.049999999999997
gap_horizon_2uav_crossing,5001,9.0,True,,CORRECT_RECOVERY,True,,7.399532557265139,9.049999999999997
gap_horizon_2uav_crossing,5002,10.0,True,,CORRECT_RECOVERY,True,,10.035510640137932,10.0
gap_horizon_2uav_crossing,5002,11.0,True,,CORRECT_RECOVERY,True,,5.637762465372992,8.950000000000003
gap_horizon_2uav_crossing,5002,12.0,True,,CORRECT_RECOVERY,True,,17.30979333900305,11.950000000000017
gap_horizon_2uav_crossing,5002,13.0,True,,CORRECT_RECOVERY,True,,19.104333429183054,13.0
gap_horizon_2uav_crossing,5002,14.0,True,,CORRECT_RECOVERY,True,,13.155858627086452,11.935714285714297
gap_horizon_2uav_crossing,5002,15.0,True,,CORRECT_RECOVERY,True,,35.84515295181438,14.92857142857143
gap_horizon_2uav_crossing,5002,16.0,True,,CORRECT_RECOVERY,True,,25.59573897243157,13.992857142857154
gap_horizon_2uav_crossing,5002,17.0,True,,CORRECT_RECOVERY,True,,45.556870755076154,16.950000000000003
gap_horizon_2uav_crossing,5002,18.0,True,,CORRECT_RECOVERY,True,,53.831097660616585,18.050000000000004
gap_horizon_2uav_crossing,5002,19.0,True,,CORRECT_RECOVERY,True,,55.247800645194026,18.05000000000001
gap_horizon_2uav_crossing,5002,1.0,True,,CORRECT_RECOVERY,True,0.4185438841214384,0.39766968024837807,1.0
gap_horizon_2uav_crossing,5002,20.0,True,,CORRECT_RECOVERY,True,,54.009702706795274,17.950000000000003
gap_horizon_2uav_crossing,5002,21.0,True,,CORRECT_RECOVERY,True,,64.90202182298317,18.935714285714297
gap_horizon_2uav_crossing,5002,22.0,True,,CORRECT_RECOVERY,True,,70.97978163816602,19.950000000000003
gap_horizon_2uav_crossing,5002,23.0,True,,CORRECT_RECOVERY,True,,81.27570521853379,20.992857142857154
gap_horizon_2uav_crossing,5002,24.0,True,,CORRECT_RECOVERY,True,,89.98530441130177,21.950000000000003
gap_horizon_2uav_crossing,5002,25.0,True,,CORRECT_RECOVERY,True,,111.69474173889684,24.950000000000003
gap_horizon_2uav_crossing,5002,26.0,True,,CORRECT_RECOVERY,True,,121.24156108813212,26.049999999999997
gap_horizon_2uav_crossing,5002,27.0,True,DELETED,NO_RECOVERY,True,,114.9237901965412,24.964285714285722
gap_horizon_2uav_crossing,5002,28.0,True,,NO_RECOVERY,False,,118.50059386228521,25.950000000000003
gap_horizon_2uav_crossing,5002,29.0,True,DELETED,NO_RECOVERY,False,,127.77115912740227,26.935714285714297
gap_horizon_2uav_crossing,5002,2.0,True,,CORRECT_RECOVERY,True,,0.33658073243527364,2.0
gap_horizon_2uav_crossing,5002,30.0,True,DELETED,NO_RECOVERY,False,,138.2197585524651,30.000000000000007
gap_horizon_2uav_crossing,5002,31.0,True,DELETED,NO_RECOVERY,True,,136.67056563551986,28.98333333333334
gap_horizon_2uav_crossing,5002,32.0,True,DELETED,NO_RECOVERY,True,,136.2674598896668,28.992857142857154
gap_horizon_2uav_crossing,5002,3.0,True,,CORRECT_RECOVERY,True,,0.8967415229171152,3.0
gap_horizon_2uav_crossing,5002,4.0,True,,CORRECT_RECOVERY,True,,1.6222543669068845,4.0
gap_horizon_2uav_crossing,5002,5.0,True,,CORRECT_RECOVERY,True,,1.7704595416713378,5.0
gap_horizon_2uav_crossing,5002,6.0,True,,CORRECT_RECOVERY,True,,3.546831570182557,6.0
gap_horizon_2uav_crossing,5002,7.0,True,,CORRECT_RECOVERY,True,,3.1302120498456047,7.0
gap_horizon_2uav_crossing,5002,8.0,True,,CORRECT_RECOVERY,True,,4.020726125143981,7.050000000000011
gap_horizon_2uav_crossing,5002,9.0,True,,CORRECT_RECOVERY,True,,8.544423051431657,9.0
gap_horizon_2uav_crossing,5003,10.0,True,,CORRECT_RECOVERY,True,,8.733866071551597,9.0
gap_horizon_2uav_crossing,5003,11.0,True,,CORRECT_RECOVERY,True,,13.302049503566325,10.900000000000006
gap_horizon_2uav_crossing,5003,12.0,True,DELETED,CORRECT_RECOVERY,True,,14.78060758330025,11.0
gap_horizon_2uav_crossing,5003,13.0,True,,CORRECT_RECOVERY,True,,27.0038513755057,13.049999999999983
gap_horizon_2uav_crossing,5003,14.0,True,,CORRECT_RECOVERY,True,,21.499220954808486,12.900000000000006
gap_horizon_2uav_crossing,5003,15.0,True,,CORRECT_RECOVERY,True,,27.979683643433308,13.900000000000006
gap_horizon_2uav_crossing,5003,16.0,True,,CORRECT_RECOVERY,True,,34.9086904814916,14.900000000000006
gap_horizon_2uav_crossing,5003,17.0,True,,CORRECT_RECOVERY,True,,39.80170273202723,15.900000000000006
gap_horizon_2uav_crossing,5003,18.0,True,,CORRECT_RECOVERY,True,,48.177949520750964,16.900000000000006
gap_horizon_2uav_crossing,5003,19.0,True,,CORRECT_RECOVERY,True,,58.16233135561441,18.0
gap_horizon_2uav_crossing,5003,1.0,True,,CORRECT_RECOVERY,True,0.18989187433340513,,
gap_horizon_2uav_crossing,5003,20.0,True,,CORRECT_RECOVERY,True,,71.30853593545295,19.950000000000003
gap_horizon_2uav_crossing,5003,21.0,True,,CORRECT_RECOVERY,True,,82.95220523508777,21.04999999999999
gap_horizon_2uav_crossing,5003,22.0,True,,CORRECT_RECOVERY,True,,80.1710319756818,21.0
gap_horizon_2uav_crossing,5003,23.0,True,,CORRECT_RECOVERY,True,,101.83348253159748,23.04999999999999
gap_horizon_2uav_crossing,5003,24.0,True,,CORRECT_RECOVERY,True,,107.75584396853358,23.950000000000003
gap_horizon_2uav_crossing,5003,25.0,True,,CORRECT_RECOVERY,True,,109.65099756549597,24.0
gap_horizon_2uav_crossing,5003,26.0,True,,CORRECT_RECOVERY,True,,118.33526031118136,26.0
gap_horizon_2uav_crossing,5003,27.0,True,DELETED,NO_RECOVERY,False,,129.7534321046292,27.04999999999999
gap_horizon_2uav_crossing,5003,28.0,True,DELETED,NO_RECOVERY,False,,132.8736443291934,27.950000000000003
gap_horizon_2uav_crossing,5003,29.0,True,DELETED,NO_RECOVERY,False,,136.9767700727531,28.950000000000003
gap_horizon_2uav_crossing,5003,2.0,True,,CORRECT_RECOVERY,True,,0.3769872722379358,0.9000000000000057
gap_horizon_2uav_crossing,5003,30.0,True,DELETED,NO_RECOVERY,False,,133.37872683107653,29.0
gap_horizon_2uav_crossing,5003,31.0,True,DELETED,NO_RECOVERY,True,,137.7960993509876,30.050000000000004
gap_horizon_2uav_crossing,5003,32.0,True,DELETED,NO_RECOVERY,True,,134.61102447532974,30.099999999999987
gap_horizon_2uav_crossing,5003,3.0,True,,CORRECT_RECOVERY,True,,0.4551222573359004,1.9000000000000057
gap_horizon_2uav_crossing,5003,4.0,True,,CORRECT_RECOVERY,True,,0.772524825488244,2.9000000000000057
gap_horizon_2uav_crossing,5003,5.0,True,,CORRECT_RECOVERY,True,,0.3055897493595858,4.0
gap_horizon_2uav_crossing,5003,6.0,True,,CORRECT_RECOVERY,True,,2.710310811533326,4.900000000000006
gap_horizon_2uav_crossing,5003,7.0,True,,CORRECT_RECOVERY,True,,10.773755916307813,6.0
gap_horizon_2uav_crossing,5003,8.0,True,,CORRECT_RECOVERY,True,,5.754011833904408,7.0
gap_horizon_2uav_crossing,5003,9.0,True,,CORRECT_RECOVERY,True,,11.46738270507439,8.950000000000017
gap_horizon_2uav_crossing,5004,10.0,True,,CORRECT_RECOVERY,True,,5.945278886901176,8.957142857142856
gap_horizon_2uav_crossing,5004,11.0,True,,CORRECT_RECOVERY,True,,4.901471529416868,8.085714285714289
gap_horizon_2uav_crossing,5004,12.0,True,,CORRECT_RECOVERY,True,,14.324254394733705,10.957142857142856
gap_horizon_2uav_crossing,5004,13.0,True,,NO_RECOVERY,True,,10.925142001180111,10.085714285714289
gap_horizon_2uav_crossing,5004,14.0,True,,NO_RECOVERY,False,,20.527659429789303,12.957142857142856
gap_horizon_2uav_crossing,5004,15.0,True,,NO_RECOVERY,False,,28.45328221841154,13.971428571428575
gap_horizon_2uav_crossing,5004,16.0,True,,NO_RECOVERY,False,,24.13774608790417,13.085714285714289
gap_horizon_2uav_crossing,5004,17.0,True,,NO_RECOVERY,False,,49.301138342561615,16.950000000000003
gap_horizon_2uav_crossing,5004,18.0,True,,NO_RECOVERY,False,,36.69159436891868,15.085714285714289
gap_horizon_2uav_crossing,5004,19.0,True,,NO_RECOVERY,False,,55.934168955208406,17.957142857142856
gap_horizon_2uav_crossing,5004,1.0,True,,CORRECT_RECOVERY,True,0.39429888333565005,,
gap_horizon_2uav_crossing,5004,20.0,True,,NO_RECOVERY,False,,67.71158615099151,19.000000000000007
gap_horizon_2uav_crossing,5004,21.0,True,,NO_RECOVERY,False,,75.01165876687827,19.957142857142856
gap_horizon_2uav_crossing,5004,22.0,True,,NO_RECOVERY,True,,86.94561680792957,21.950000000000003
gap_horizon_2uav_crossing,5004,23.0,True,,CORRECT_RECOVERY,True,,100.84676198181312,23.000000000000007
gap_horizon_2uav_crossing,5004,24.0,True,,CORRECT_RECOVERY,True,,95.53014494534085,22.92857142857143
gap_horizon_2uav_crossing,5004,25.0,True,,CORRECT_RECOVERY,True,,106.2391675946077,23.957142857142856
gap_horizon_2uav_crossing,5004,26.0,True,,CORRECT_RECOVERY,True,,111.74190021503053,24.971428571428575
gap_horizon_2uav_crossing,5004,27.0,True,,CORRECT_RECOVERY,True,,120.78169234036808,25.957142857142856
gap_horizon_2uav_crossing,5004,28.0,True,,CORRECT_RECOVERY,True,,125.60861658001699,26.971428571428575
gap_horizon_2uav_crossing,5004,29.0,True,DELETED,NO_RECOVERY,True,,130.90272107902516,27.957142857142856
gap_horizon_2uav_crossing,5004,2.0,True,,CORRECT_RECOVERY,True,,0.3273357097650961,0.9714285714285751
gap_horizon_2uav_crossing,5004,30.0,True,DELETED,NO_RECOVERY,False,,133.3527934165873,28.957142857142856
gap_horizon_2uav_crossing,5004,31.0,True,DELETED,NO_RECOVERY,True,,131.9850839524292,28.98571428571428
gap_horizon_2uav_crossing,5004,32.0,True,DELETED,NO_RECOVERY,True,,135.43906148377863,28.957142857142856
gap_horizon_2uav_crossing,5004,3.0,True,,CORRECT_RECOVERY,True,,0.580994905976934,2.0
gap_horizon_2uav_crossing,5004,4.0,True,,CORRECT_RECOVERY,True,,0.6261685272134003,2.971428571428575
gap_horizon_2uav_crossing,5004,5.0,True,,CORRECT_RECOVERY,True,,0.7314152098353478,3.971428571428575
gap_horizon_2uav_crossing,5004,6.0,True,,CORRECT_RECOVERY,True,,3.1134846411249377,4.9571428571428555
gap_horizon_2uav_crossing,5004,7.0,True,,CORRECT_RECOVERY,True,,2.7361231436339115,7.0
gap_horizon_2uav_crossing,5004,8.0,True,,CORRECT_RECOVERY,True,,2.1046107880320206,6.971428571428575
gap_horizon_2uav_crossing,5004,9.0,True,,CORRECT_RECOVERY,True,,4.734878253075596,6.085714285714289
gap_horizon_2uav_crossing,5005,10.0,True,,CORRECT_RECOVERY,True,,11.554330167920181,10.042857142857144
gap_horizon_2uav_crossing,5005,11.0,True,,CORRECT_RECOVERY,True,,9.74367715051463,11.0
gap_horizon_2uav_crossing,5005,12.0,True,,CORRECT_RECOVERY,True,,26.70379142135529,11.050000000000011
gap_horizon_2uav_crossing,5005,13.0,True,,CORRECT_RECOVERY,True,,16.272841010459977,12.050000000000011
gap_horizon_2uav_crossing,5005,14.0,True,,CORRECT_RECOVERY,True,,27.109335637721777,14.049999999999997
gap_horizon_2uav_crossing,5005,15.0,True,,CORRECT_RECOVERY,True,,34.36839442249287,15.0
gap_horizon_2uav_crossing,5005,16.0,True,,CORRECT_RECOVERY,True,,39.16537182497607,16.050000000000004
gap_horizon_2uav_crossing,5005,17.0,True,,NO_RECOVERY,True,,42.42323839602573,16.05000000000001
gap_horizon_2uav_crossing,5005,18.0,True,,NO_RECOVERY,False,,48.720416841320855,16.950000000000003
gap_horizon_2uav_crossing,5005,19.0,True,,NO_RECOVERY,True,,68.90630544599271,19.050000000000004
gap_horizon_2uav_crossing,5005,1.0,True,,CORRECT_RECOVERY,True,0.4111209319787234,0.4111209319787234,1.0
gap_horizon_2uav_crossing,5005,20.0,True,,CORRECT_RECOVERY,True,,74.19250585107125,20.050000000000004
gap_horizon_2uav_crossing,5005,21.0,True,,CORRECT_RECOVERY,True,,84.15212816455927,21.050000000000004
gap_horizon_2uav_crossing,5005,22.0,True,,CORRECT_RECOVERY,True,,87.98087188160486,22.049999999999997
gap_horizon_2uav_crossing,5005,23.0,True,,CORRECT_RECOVERY,True,,89.30097707035775,21.957142857142863
gap_horizon_2uav_crossing,5005,24.0,True,,CORRECT_RECOVERY,True,,106.15056238200572,23.92857142857143
gap_horizon_2uav_crossing,5005,25.0,True,,CORRECT_RECOVERY,True,,113.82827786005375,25.01428571428572
gap_horizon_2uav_crossing,5005,26.0,True,,CORRECT_RECOVERY,True,,119.67045321045727,26.04285714285715
gap_horizon_2uav_crossing,5005,27.0,True,,CORRECT_RECOVERY,True,,127.4392491086096,27.01428571428572
gap_horizon_2uav_crossing,5005,28.0,True,,CORRECT_RECOVERY,True,,129.3180433466431,27.05000000000001
gap_horizon_2uav_crossing,5005,29.0,True,,CORRECT_RECOVERY,True,,132.5627508733379,27.950000000000003
gap_horizon_2uav_crossing,5005,2.0,True,,CORRECT_RECOVERY,True,,0.8346969183249542,2.0428571428571445
gap_horizon_2uav_crossing,5005,30.0,True,DELETED,NO_RECOVERY,False,,132.35303899195725,28.985714285714295
gap_horizon_2uav_crossing,5005,31.0,True,DELETED,NO_RECOVERY,True,,138.9567386724445,30.04285714285715
gap_horizon_2uav_crossing,5005,32.0,True,DELETED,NO_RECOVERY,True,,139.15469195067206,30.03333333333334
gap_horizon_2uav_crossing,5005,3.0,True,,CORRECT_RECOVERY,True,,0.6816481775311284,2.950000000000003
gap_horizon_2uav_crossing,5005,4.0,True,,CORRECT_RECOVERY,True,,0.4546981007999989,4.049999999999997
gap_horizon_2uav_crossing,5005,5.0,True,,CORRECT_RECOVERY,True,,1.4643725433191463,5.0
gap_horizon_2uav_crossing,5005,6.0,True,,CORRECT_RECOVERY,True,,2.3099914196613875,6.0
gap_horizon_2uav_crossing,5005,7.0,True,,CORRECT_RECOVERY,True,,4.135909181062928,7.0
gap_horizon_2uav_crossing,5005,8.0,True,,CORRECT_RECOVERY,True,,5.096799708067046,8.01428571428572
gap_horizon_2uav_crossing,5005,9.0,True,,CORRECT_RECOVERY,True,,9.472279361995627,9.0
gap_horizon_2uav_crossing,5006,10.0,True,,CORRECT_RECOVERY,True,,6.723030972957602,8.98333333333332
gap_horizon_2uav_crossing,5006,11.0,True,,CORRECT_RECOVERY,True,,10.208781258017954,9.933333333333323
gap_horizon_2uav_crossing,5006,12.0,True,,CORRECT_RECOVERY,True,,11.89024644571745,10.933333333333323
gap_horizon_2uav_crossing,5006,13.0,True,,CORRECT_RECOVERY,True,,16.504911597316713,11.99761904761904
gap_horizon_2uav_crossing,5006,14.0,True,,CORRECT_RECOVERY,True,,21.591568474901763,12.99761904761904
gap_horizon_2uav_crossing,5006,15.0,True,,NO_RECOVERY,False,,26.347529465122623,13.99761904761904
gap_horizon_2uav_crossing,5006,16.0,True,DELETED,NO_RECOVERY,False,,38.92995490584808,15.950000000000003
gap_horizon_2uav_crossing,5006,17.0,True,DELETED,NO_RECOVERY,False,,38.48686931942508,15.99761904761904
gap_horizon_2uav_crossing,5006,18.0,True,DELETED,NO_RECOVERY,False,,55.79580506711056,17.950000000000003
gap_horizon_2uav_crossing,5006,19.0,True,DELETED,NO_RECOVERY,False,,66.71909228269848,19.00714285714286
gap_horizon_2uav_crossing,5006,1.0,True,,CORRECT_RECOVERY,True,0.2526632343145929,,
gap_horizon_2uav_crossing,5006,20.0,True,DELETED,NO_RECOVERY,False,,69.3073963537036,19.099999999999994
gap_horizon_2uav_crossing,5006,21.0,True,,CORRECT_RECOVERY,True,,81.41095339447514,21.00714285714286
gap_horizon_2uav_crossing,5006,22.0,True,DELETED,NO_RECOVERY,False,,93.00632962850443,22.00714285714286
gap_horizon_2uav_crossing,5006,23.0,True,,CORRECT_RECOVERY,True,,96.41506226270636,23.049999999999997
gap_horizon_2uav_crossing,5006,24.0,True,,CORRECT_RECOVERY,True,,99.80155497651818,22.99761904761904
gap_horizon_2uav_crossing,5006,25.0,True,,CORRECT_RECOVERY,True,,115.17332218263198,25.000000000000007
gap_horizon_2uav_crossing,5006,26.0,True,,CORRECT_RECOVERY,True,,115.6311876114754,24.99761904761904
gap_horizon_2uav_crossing,5006,27.0,True,,CORRECT_RECOVERY,True,,118.91447055994608,26.949999999999996
gap_horizon_2uav_crossing,5006,28.0,True,DELETED,NO_RECOVERY,False,,127.10715471363083,26.99761904761904
gap_horizon_2uav_crossing,5006,29.0,True,DELETED,NO_RECOVERY,False,,133.11154833920006,28.099999999999994
gap_horizon_2uav_crossing,5006,2.0,True,,CORRECT_RECOVERY,True,,0.27586961238965535,1.0
gap_horizon_2uav_crossing,5006,30.0,True,DELETED,NO_RECOVERY,False,,134.97568279751684,28.98333333333332
gap_horizon_2uav_crossing,5006,31.0,True,DELETED,NO_RECOVERY,True,,137.9505694342702,29.950000000000003
gap_horizon_2uav_crossing,5006,32.0,True,DELETED,NO_RECOVERY,True,,136.776141425489,28.98333333333332
gap_horizon_2uav_crossing,5006,3.0,True,,CORRECT_RECOVERY,True,,0.38546912332169675,2.0
gap_horizon_2uav_crossing,5006,4.0,True,,CORRECT_RECOVERY,True,,0.706088613087572,2.9976190476190396
gap_horizon_2uav_crossing,5006,5.0,True,,CORRECT_RECOVERY,True,,0.4710266723004301,4.0
gap_horizon_2uav_crossing,5006,6.0,True,,CORRECT_RECOVERY,True,,1.8396895579810804,4.99761904761904
gap_horizon_2uav_crossing,5006,7.0,True,,CORRECT_RECOVERY,True,,2.089854987113444,6.0
gap_horizon_2uav_crossing,5006,8.0,True,,CORRECT_RECOVERY,True,,2.507508379518981,6.99761904761904
gap_horizon_2uav_crossing,5006,9.0,True,,CORRECT_RECOVERY,True,,4.21957068039792,7.99761904761904
gap_horizon_2uav_crossing,5007,10.0,True,,CORRECT_RECOVERY,True,,10.33344072041036,10.028571428571425
gap_horizon_2uav_crossing,5007,11.0,True,,CORRECT_RECOVERY,True,,14.792580792315519,11.085714285714289
gap_horizon_2uav_crossing,5007,12.0,True,,CORRECT_RECOVERY,True,,13.561474635061227,11.050000000000011
gap_horizon_2uav_crossing,5007,13.0,True,,CORRECT_RECOVERY,True,,17.179210985310945,11.900000000000006
gap_horizon_2uav_crossing,5007,14.0,True,,CORRECT_RECOVERY,True,,20.49356920356353,13.050000000000011
gap_horizon_2uav_crossing,5007,15.0,True,,CORRECT_RECOVERY,True,,32.70249026693524,15.028571428571425
gap_horizon_2uav_crossing,5007,16.0,True,,CORRECT_RECOVERY,True,,32.42546849986018,14.950000000000003
gap_horizon_2uav_crossing,5007,17.0,True,,NO_RECOVERY,True,,41.25714703329268,15.950000000000003
gap_horizon_2uav_crossing,5007,18.0,True,,NO_RECOVERY,False,,49.07574012198366,16.950000000000003
gap_horizon_2uav_crossing,5007,19.0,True,,NO_RECOVERY,False,,56.032549882516314,17.950000000000003
gap_horizon_2uav_crossing,5007,1.0,True,,CORRECT_RECOVERY,True,0.11486422996477175,,
gap_horizon_2uav_crossing,5007,20.0,True,,NO_RECOVERY,False,,67.07558692079267,19.05000000000001
gap_horizon_2uav_crossing,5007,21.0,True,,NO_RECOVERY,False,,83.64124555280374,21.035714285714285
gap_horizon_2uav_crossing,5007,22.0,True,,CORRECT_RECOVERY,True,,84.29049616033075,20.950000000000003
gap_horizon_2uav_crossing,5007,23.0,True,,CORRECT_RECOVERY,True,,93.54889176687999,21.950000000000003
gap_horizon_2uav_crossing,5007,24.0,True,,CORRECT_RECOVERY,True,,97.50133484907917,22.950000000000003
gap_horizon_2uav_crossing,5007,25.0,True,,CORRECT_RECOVERY,True,,104.20301819789681,24.05000000000001
gap_horizon_2uav_crossing,5007,26.0,True,,CORRECT_RECOVERY,True,,120.56517520792795,25.950000000000003
gap_horizon_2uav_crossing,5007,27.0,True,,CORRECT_RECOVERY,True,,128.65330077586952,27.035714285714285
gap_horizon_2uav_crossing,5007,28.0,True,DELETED,NO_RECOVERY,False,,132.1130003530504,28.035714285714285
gap_horizon_2uav_crossing,5007,29.0,True,DELETED,NO_RECOVERY,False,,131.44644512467138,28.05000000000001
gap_horizon_2uav_crossing,5007,2.0,True,,CORRECT_RECOVERY,True,,0.38227207896120274,2.0857142857142748
gap_horizon_2uav_crossing,5007,30.0,True,DELETED,NO_RECOVERY,False,,137.28324349493326,29.05000000000001
gap_horizon_2uav_crossing,5007,31.0,True,DELETED,NO_RECOVERY,True,,137.33336499469976,28.900000000000006
gap_horizon_2uav_crossing,5007,32.0,True,DELETED,NO_RECOVERY,True,,134.96879745725815,29.0
gap_horizon_2uav_crossing,5007,3.0,True,,CORRECT_RECOVERY,True,,0.4038241575112923,1.9000000000000057
gap_horizon_2uav_crossing,5007,4.0,True,,CORRECT_RECOVERY,True,,0.537677300892144,4.00238095238096
gap_horizon_2uav_crossing,5007,5.0,True,,CORRECT_RECOVERY,True,,1.0797808637959572,5.028571428571425
gap_horizon_2uav_crossing,5007,6.0,True,,CORRECT_RECOVERY,True,,2.408100702505925,6.0
gap_horizon_2uav_crossing,5007,7.0,True,,CORRECT_RECOVERY,True,,4.361636508801442,7.0
gap_horizon_2uav_crossing,5007,8.0,True,,CORRECT_RECOVERY,True,,2.8811033681715386,6.950000000000003
gap_horizon_2uav_crossing,5007,9.0,True,,CORRECT_RECOVERY,True,,5.570655697068115,9.085714285714289
gap_horizon_2uav_crossing,5008,10.0,True,,CORRECT_RECOVERY,True,,7.39330990305828,8.98571428571428
gap_horizon_2uav_crossing,5008,11.0,True,,CORRECT_RECOVERY,True,,12.453093579969645,11.028571428571425
gap_horizon_2uav_crossing,5008,12.0,True,,NO_RECOVERY,False,,12.644723579419862,11.950000000000003
gap_horizon_2uav_crossing,5008,13.0,True,,NO_RECOVERY,False,,15.359174156258609,11.935714285714283
gap_horizon_2uav_crossing,5008,14.0,True,,NO_RECOVERY,False,,19.987780154117445,12.98571428571428
gap_horizon_2uav_crossing,5008,15.0,True,,NO_RECOVERY,False,,30.705376030466798,14.950000000000003
gap_horizon_2uav_crossing,5008,16.0,True,DELETED,NO_RECOVERY,False,,38.814178362721265,15.950000000000003
gap_horizon_2uav_crossing,5008,17.0,True,DELETED,NO_RECOVERY,False,,49.45609800781635,17.035714285714285
gap_horizon_2uav_crossing,5008,18.0,True,DELETED,NO_RECOVERY,False,,56.760162157761755,18.035714285714285
gap_horizon_2uav_crossing,5008,19.0,True,DELETED,NO_RECOVERY,False,,63.775106203510425,18.950000000000003
gap_horizon_2uav_crossing,5008,1.0,True,,CORRECT_RECOVERY,True,0.2994781048142142,0.2994781048142142,1.0
gap_horizon_2uav_crossing,5008,20.0,True,DELETED,NO_RECOVERY,False,,65.4144626446804,19.95714285714287
gap_horizon_2uav_crossing,5008,21.0,True,DELETED,NO_RECOVERY,False,,82.90564667256446,21.035714285714285
gap_horizon_2uav_crossing,5008,22.0,True,,NO_RECOVERY,False,,78.7217315923771,20.942857142857143
gap_horizon_2uav_crossing,5008,23.0,True,,NO_RECOVERY,False,,98.64988457931183,23.0
gap_horizon_2uav_crossing,5008,24.0,True,,CORRECT_RECOVERY,True,,107.319010522136,23.950000000000003
gap_horizon_2uav_crossing,5008,25.0,True,,CORRECT_RECOVERY,True,,116.3496096809782,25.035714285714285
gap_horizon_2uav_crossing,5008,26.0,True,,CORRECT_RECOVERY,True,,122.10559172811672,26.035714285714285
gap_horizon_2uav_crossing,5008,27.0,True,,CORRECT_RECOVERY,True,,129.53305922701972,27.035714285714285
gap_horizon_2uav_crossing,5008,28.0,True,,CORRECT_RECOVERY,True,,131.6169494283618,28.035714285714285
gap_horizon_2uav_crossing,5008,29.0,True,,CORRECT_RECOVERY,True,,128.1929495382711,27.08571428571429
gap_horizon_2uav_crossing,5008,2.0,True,,CORRECT_RECOVERY,True,,0.4960200696307577,2.0
gap_horizon_2uav_crossing,5008,30.0,True,DELETED,NO_RECOVERY,False,,138.77169432295653,30.028571428571432
gap_horizon_2uav_crossing,5008,31.0,True,DELETED,NO_RECOVERY,True,,134.15510249701018,28.935714285714283
gap_horizon_2uav_crossing,5008,32.0,True,DELETED,NO_RECOVERY,True,,138.59728649187915,30.049999999999997
gap_horizon_2uav_crossing,5008,3.0,True,,CORRECT_RECOVERY,True,,0.5711438682682348,1.9857142857142804
gap_horizon_2uav_crossing,5008,4.0,True,,CORRECT_RECOVERY,True,,1.8126675774533243,4.0
gap_horizon_2uav_crossing,5008,5.0,True,,CORRECT_RECOVERY,True,,0.15437430629029536,5.0
gap_horizon_2uav_crossing,5008,6.0,True,,CORRECT_RECOVERY,True,,2.483088013519426,6.035714285714278
gap_horizon_2uav_crossing,5008,7.0,True,,CORRECT_RECOVERY,True,,2.407209638011895,5.98571428571428
gap_horizon_2uav_crossing,5008,8.0,True,,CORRECT_RECOVERY,True,,5.172371099002134,6.98571428571428
gap_horizon_2uav_crossing,5008,9.0,True,,CORRECT_RECOVERY,True,,4.755861304806318,9.035714285714278
gap_horizon_2uav_crossing,5009,10.0,True,,CORRECT_RECOVERY,True,,6.127810047722787,9.0
gap_horizon_2uav_crossing,5009,11.0,True,,CORRECT_RECOVERY,True,,8.208040654208592,10.0
gap_horizon_2uav_crossing,5009,12.0,True,,CORRECT_RECOVERY,True,,11.65729430467247,11.0
gap_horizon_2uav_crossing,5009,13.0,True,,CORRECT_RECOVERY,True,,19.5345320100892,13.0
gap_horizon_2uav_crossing,5009,14.0,True,,NO_RECOVERY,True,,23.936279780741167,14.0
gap_horizon_2uav_crossing,5009,15.0,True,,NO_RECOVERY,False,,30.392173348561712,15.0
gap_horizon_2uav_crossing,5009,16.0,True,,NO_RECOVERY,False,,30.531126682594103,15.0
gap_horizon_2uav_crossing,5009,17.0,True,DELETED,NO_RECOVERY,False,,45.37908792595976,17.01904761904762
gap_horizon_2uav_crossing,5009,18.0,True,DELETED,NO_RECOVERY,False,,53.24632685055995,18.0
gap_horizon_2uav_crossing,5009,19.0,True,DELETED,NO_RECOVERY,False,,55.502259510612255,18.0
gap_horizon_2uav_crossing,5009,1.0,True,,CORRECT_RECOVERY,True,0.15941911862415264,,
gap_horizon_2uav_crossing,5009,20.0,True,DELETED,NO_RECOVERY,False,,62.78576829168083,18.985714285714295
gap_horizon_2uav_crossing,5009,21.0,True,DELETED,NO_RECOVERY,False,,80.83609023850632,21.0
gap_horizon_2uav_crossing,5009,22.0,True,,CORRECT_RECOVERY,False,,79.66815691029235,21.0
gap_horizon_2uav_crossing,5009,23.0,True,DELETED,NO_RECOVERY,False,,88.70933248208166,22.0
gap_horizon_2uav_crossing,5009,24.0,True,DELETED,NO_RECOVERY,False,,98.47552650401505,23.0
gap_horizon_2uav_crossing,5009,25.0,True,DELETED,NO_RECOVERY,False,,106.25705889982103,24.0
gap_horizon_2uav_crossing,5009,26.0,True,,CORRECT_RECOVERY,True,,110.11914313758368,24.985714285714295
gap_horizon_2uav_crossing,5009,27.0,True,DELETED,NO_RECOVERY,False,,126.85352655762279,27.01904761904762
gap_horizon_2uav_crossing,5009,28.0,True,DELETED,NO_RECOVERY,False,,132.71485440989503,28.0
gap_horizon_2uav_crossing,5009,29.0,True,DELETED,NO_RECOVERY,False,,132.63514632676305,27.985714285714295
gap_horizon_2uav_crossing,5009,2.0,True,,CORRECT_RECOVERY,True,,0.4794680346169802,2.0
gap_horizon_2uav_crossing,5009,30.0,True,DELETED,NO_RECOVERY,False,,139.65140030410748,30.01904761904762
gap_horizon_2uav_crossing,5009,31.0,True,DELETED,NO_RECOVERY,False,,139.1271884498663,30.0
gap_horizon_2uav_crossing,5009,32.0,True,DELETED,NO_RECOVERY,True,,136.14401775734584,28.971428571428575
gap_horizon_2uav_crossing,5009,3.0,True,,CORRECT_RECOVERY,True,,0.49519806173371733,3.0
gap_horizon_2uav_crossing,5009,4.0,True,,CORRECT_RECOVERY,True,,3.6686652635266364,4.0
gap_horizon_2uav_crossing,5009,5.0,True,,CORRECT_RECOVERY,True,,0.9734052575565257,4.0
gap_horizon_2uav_crossing,5009,6.0,True,,CORRECT_RECOVERY,True,,1.8644760974053705,6.0
gap_horizon_2uav_crossing,5009,7.0,True,,CORRECT_RECOVERY,True,,3.885095554794904,7.0
gap_horizon_2uav_crossing,5009,8.0,True,,CORRECT_RECOVERY,True,,5.591065713849293,8.0
gap_horizon_2uav_crossing,5009,9.0,True,,CORRECT_RECOVERY,True,,6.4603753437653975,9.0
gap_horizon_2uav_crossing,5010,10.0,True,,CORRECT_RECOVERY,True,,7.464832986687605,10.0
gap_horizon_2uav_crossing,5010,11.0,True,,CORRECT_RECOVERY,True,,11.803279966099003,11.0
gap_horizon_2uav_crossing,5010,12.0,True,,CORRECT_RECOVERY,True,,13.650976693741713,12.0
gap_horizon_2uav_crossing,5010,13.0,True,,CORRECT_RECOVERY,True,,16.109522808276825,11.98571428571428
gap_horizon_2uav_crossing,5010,14.0,True,,CORRECT_RECOVERY,True,,25.09429888869184,14.0
gap_horizon_2uav_crossing,5010,15.0,True,,NO_RECOVERY,False,,25.57810579347244,13.98571428571428
gap_horizon_2uav_crossing,5010,16.0,True,,NO_RECOVERY,False,,31.16054932441853,14.98571428571428
gap_horizon_2uav_crossing,5010,17.0,True,DELETED,NO_RECOVERY,False,,40.18626054724777,15.98571428571428
gap_horizon_2uav_crossing,5010,18.0,True,DELETED,NO_RECOVERY,False,,47.79144638453931,16.971428571428575
gap_horizon_2uav_crossing,5010,19.0,True,DELETED,NO_RECOVERY,False,,54.222558909378336,17.98571428571428
gap_horizon_2uav_crossing,5010,1.0,True,,CORRECT_RECOVERY,True,0.27673055081433584,,
gap_horizon_2uav_crossing,5010,20.0,True,DELETED,NO_RECOVERY,False,,71.85360647148313,20.0
gap_horizon_2uav_crossing,5010,21.0,True,,NO_RECOVERY,False,,69.8046739558372,19.98571428571428
gap_horizon_2uav_crossing,5010,22.0,True,DELETED,NO_RECOVERY,False,,79.53933247038619,20.98571428571428
gap_horizon_2uav_crossing,5010,23.0,True,DELETED,NO_RECOVERY,False,,89.82451842520834,21.98571428571428
gap_horizon_2uav_crossing,5010,24.0,True,,CORRECT_RECOVERY,True,,95.85221062659255,22.971428571428575
gap_horizon_2uav_crossing,5010,25.0,True,DELETED,NO_RECOVERY,False,,107.79591353761839,23.98571428571428
gap_horizon_2uav_crossing,5010,26.0,True,DELETED,NO_RECOVERY,False,,113.2022952017344,24.98571428571428
gap_horizon_2uav_crossing,5010,27.0,True,DELETED,NO_RECOVERY,False,,127.18631811065956,27.01904761904762
gap_horizon_2uav_crossing,5010,28.0,True,DELETED,NO_RECOVERY,False,,132.38581532785437,28.0
gap_horizon_2uav_crossing,5010,29.0,True,DELETED,NO_RECOVERY,False,,129.7622679202079,27.971428571428575
gap_horizon_2uav_crossing,5010,2.0,True,,CORRECT_RECOVERY,True,,0.3066890267203752,0.9857142857142804
gap_horizon_2uav_crossing,5010,30.0,True,DELETED,NO_RECOVERY,False,,135.70342777175532,28.98571428571428
gap_horizon_2uav_crossing,5010,31.0,True,DELETED,NO_RECOVERY,False,,136.63951806298675,29.0
gap_horizon_2uav_crossing,5010,32.0,True,DELETED,NO_RECOVERY,True,,138.90059533566995,30.01428571428572
gap_horizon_2uav_crossing,5010,3.0,True,,CORRECT_RECOVERY,True,,1.1404789408498714,3.0
gap_horizon_2uav_crossing,5010,4.0,True,,CORRECT_RECOVERY,True,,1.2713254497397235,4.0
gap_horizon_2uav_crossing,5010,5.0,True,,CORRECT_RECOVERY,True,,2.7012435640698835,5.0
gap_horizon_2uav_crossing,5010,6.0,True,,CORRECT_RECOVERY,True,,3.637778412349319,6.0
gap_horizon_2uav_crossing,5010,7.0,True,,CORRECT_RECOVERY,True,,2.3586968427735795,5.98571428571428
gap_horizon_2uav_crossing,5010,8.0,True,,CORRECT_RECOVERY,True,,5.62747532245735,8.0
gap_horizon_2uav_crossing,5010,9.0,True,,CORRECT_RECOVERY,True,,8.49799958412155,9.0
gap_horizon_2uav_crossing,5011,10.0,True,,CORRECT_RECOVERY,True,,9.53947639874222,10.0
gap_horizon_2uav_crossing,5011,11.0,True,,CORRECT_RECOVERY,True,,11.841543706015521,11.01428571428572
gap_horizon_2uav_crossing,5011,12.0,True,,CORRECT_RECOVERY,True,,14.502450244059482,12.0
gap_horizon_2uav_crossing,5011,13.0,True,,CORRECT_RECOVERY,True,,19.039485912937725,13.01428571428572
gap_horizon_2uav_crossing,5011,14.0,True,,NO_RECOVERY,True,,24.48691956479247,14.01428571428572
gap_horizon_2uav_crossing,5011,15.0,True,DELETED,NO_RECOVERY,False,,31.303541901688277,15.01428571428572
gap_horizon_2uav_crossing,5011,16.0,True,DELETED,NO_RECOVERY,False,,30.726515694864233,14.971428571428575
gap_horizon_2uav_crossing,5011,17.0,True,DELETED,NO_RECOVERY,False,,47.07414551390366,17.0
gap_horizon_2uav_crossing,5011,18.0,True,DELETED,NO_RECOVERY,False,,53.69280834962396,18.03333333333334
gap_horizon_2uav_crossing,5011,19.0,True,DELETED,NO_RECOVERY,False,,63.06493750977321,19.01428571428572
gap_horizon_2uav_crossing,5011,1.0,True,,CORRECT_RECOVERY,True,0.24465172764226992,0.24465172764226992,1.0
gap_horizon_2uav_crossing,5011,20.0,True,DELETED,NO_RECOVERY,False,,71.2749435762287,20.0
gap_horizon_2uav_crossing,5011,21.0,True,DELETED,NO_RECOVERY,False,,81.54403382211177,21.0
gap_horizon_2uav_crossing,5011,22.0,True,DELETED,NO_RECOVERY,False,,87.44535298797089,22.03333333333334
gap_horizon_2uav_crossing,5011,23.0,True,DELETED,NO_RECOVERY,False,,98.06744772424646,23.0
gap_horizon_2uav_crossing,5011,24.0,True,DELETED,NO_RECOVERY,False,,104.72784605867233,24.0
gap_horizon_2uav_crossing,5011,25.0,True,DELETED,NO_RECOVERY,False,,113.82549183807991,25.03333333333334
gap_horizon_2uav_crossing,5011,26.0,True,DELETED,NO_RECOVERY,False,,114.66069920488479,24.971428571428575
gap_horizon_2uav_crossing,5011,27.0,True,DELETED,NO_RECOVERY,False,,126.72552831312241,27.01428571428572
gap_horizon_2uav_crossing,5011,28.0,True,DELETED,NO_RECOVERY,False,,126.17072273017071,26.971428571428575
gap_horizon_2uav_crossing,5011,29.0,True,DELETED,NO_RECOVERY,False,,135.70951448735295,29.03333333333334
gap_horizon_2uav_crossing,5011,2.0,True,,CORRECT_RECOVERY,True,,0.6250245574668216,2.0142857142857196
gap_horizon_2uav_crossing,5011,30.0,True,DELETED,NO_RECOVERY,False,,139.58227979874465,30.0
gap_horizon_2uav_crossing,5011,31.0,True,DELETED,NO_RECOVERY,False,,136.54801838853768,28.98571428571428
gap_horizon_2uav_crossing,5011,32.0,True,DELETED,NO_RECOVERY,True,,135.94971757963685,29.0
gap_horizon_2uav_crossing,5011,3.0,True,,CORRECT_RECOVERY,True,,0.8438957195706237,3.0
gap_horizon_2uav_crossing,5011,4.0,True,,CORRECT_RECOVERY,True,,2.2217867491733965,4.0
gap_horizon_2uav_crossing,5011,5.0,True,,CORRECT_RECOVERY,True,,2.086495418256283,5.01428571428572
gap_horizon_2uav_crossing,5011,6.0,True,,CORRECT_RECOVERY,True,,2.640321027294927,6.01428571428572
gap_horizon_2uav_crossing,5011,7.0,True,,CORRECT_RECOVERY,True,,3.2714325212723514,7.01428571428572
gap_horizon_2uav_crossing,5011,8.0,True,,CORRECT_RECOVERY,True,,3.8839120092972537,8.0
gap_horizon_2uav_crossing,5011,9.0,True,,CORRECT_RECOVERY,True,,6.2031025242020785,9.0
gap_horizon_2uav_crossing,5012,10.0,True,,CORRECT_RECOVERY,True,,8.119097412771332,10.01428571428572
gap_horizon_2uav_crossing,5012,11.0,True,,CORRECT_RECOVERY,True,,9.458140116932604,11.01428571428572
gap_horizon_2uav_crossing,5012,12.0,True,,CORRECT_RECOVERY,True,,19.27920873512878,12.0
gap_horizon_2uav_crossing,5012,13.0,True,,CORRECT_RECOVERY,True,,20.357364432910867,13.0
gap_horizon_2uav_crossing,5012,14.0,True,,CORRECT_RECOVERY,True,,24.10168922162563,14.01428571428572
gap_horizon_2uav_crossing,5012,15.0,True,DELETED,NO_RECOVERY,False,,32.07008940062096,15.0
gap_horizon_2uav_crossing,5012,16.0,True,DELETED,NO_RECOVERY,False,,38.7721228027266,16.0
gap_horizon_2uav_crossing,5012,17.0,True,,NO_RECOVERY,False,,47.844102584272136,17.0
gap_horizon_2uav_crossing,5012,18.0,True,,NO_RECOVERY,False,,54.2977295757298,18.0
gap_horizon_2uav_crossing,5012,19.0,True,DELETED,NO_RECOVERY,False,,61.7541776711046,19.0
gap_horizon_2uav_crossing,5012,1.0,True,,CORRECT_RECOVERY,True,0.32389186279487703,0.32389186279487703,1.0142857142857196
gap_horizon_2uav_crossing,5012,20.0,True,DELETED,NO_RECOVERY,False,,71.63714044998488,20.0
gap_horizon_2uav_crossing,5012,21.0,True,DELETED,NO_RECOVERY,False,,81.42462786104782,21.0
gap_horizon_2uav_crossing,5012,22.0,True,DELETED,NO_RECOVERY,False,,89.99827239050187,22.0
gap_horizon_2uav_crossing,5012,23.0,True,DELETED,NO_RECOVERY,False,,96.83234002085321,23.0
gap_horizon_2uav_crossing,5012,24.0,True,DELETED,NO_RECOVERY,False,,107.13594808292017,24.0
gap_horizon_2uav_crossing,5012,25.0,True,DELETED,NO_RECOVERY,False,,114.16839081096875,25.01428571428572
gap_horizon_2uav_crossing,5012,26.0,True,DELETED,NO_RECOVERY,False,,120.49707519040948,26.0
gap_horizon_2uav_crossing,5012,27.0,True,DELETED,NO_RECOVERY,False,,125.73652857825137,27.0
gap_horizon_2uav_crossing,5012,28.0,True,DELETED,NO_RECOVERY,False,,131.38629611924893,28.0
gap_horizon_2uav_crossing,5012,29.0,True,DELETED,NO_RECOVERY,False,,135.93571987703464,29.01428571428572
gap_horizon_2uav_crossing,5012,2.0,True,,CORRECT_RECOVERY,True,,0.5014545920771295,2.0142857142857196
gap_horizon_2uav_crossing,5012,30.0,True,DELETED,NO_RECOVERY,False,,139.88880979569208,30.0
gap_horizon_2uav_crossing,5012,31.0,True,DELETED,NO_RECOVERY,False,,135.54942114104082,29.0
gap_horizon_2uav_crossing,5012,32.0,True,DELETED,NO_RECOVERY,False,,139.95810310960837,30.0
gap_horizon_2uav_crossing,5012,3.0,True,,CORRECT_RECOVERY,True,,0.5385817418040673,3.0142857142857196
gap_horizon_2uav_crossing,5012,4.0,True,,CORRECT_RECOVERY,True,,1.8255858642560387,4.01428571428572
gap_horizon_2uav_crossing,5012,5.0,True,,CORRECT_RECOVERY,True,,2.3159402927342327,5.0
gap_horizon_2uav_crossing,5012,6.0,True,,CORRECT_RECOVERY,True,,0.7445817499477893,6.0
gap_horizon_2uav_crossing,5012,7.0,True,,CORRECT_RECOVERY,True,,3.89542268924712,7.01428571428572
gap_horizon_2uav_crossing,5012,8.0,True,,CORRECT_RECOVERY,True,,5.820717748154873,8.0
gap_horizon_2uav_crossing,5012,9.0,True,,CORRECT_RECOVERY,True,,11.25072719237185,9.01428571428572
gap_horizon_2uav_crossing,5013,10.0,True,,CORRECT_RECOVERY,True,,5.599921531419359,8.98571428571428
gap_horizon_2uav_crossing,5013,11.0,True,,CORRECT_RECOVERY,True,,11.129509818548255,11.0
gap_horizon_2uav_crossing,5013,12.0,True,,CORRECT_RECOVERY,True,,11.350574712226317,10.98571428571428
gap_horizon_2uav_crossing,5013,13.0,True,,CORRECT_RECOVERY,True,,16.375019794946766,11.98571428571428
gap_horizon_2uav_crossing,5013,14.0,True,DELETED,NO_RECOVERY,True,,25.10844843754702,14.0
gap_horizon_2uav_crossing,5013,15.0,True,DELETED,NO_RECOVERY,False,,26.596715093432785,13.98571428571428
gap_horizon_2uav_crossing,5013,16.0,True,,NO_RECOVERY,False,,32.0340060023144,14.98571428571428
gap_horizon_2uav_crossing,5013,17.0,True,,NO_RECOVERY,False,,38.485008766792205,15.98571428571428
gap_horizon_2uav_crossing,5013,18.0,True,DELETED,NO_RECOVERY,False,,54.43927601660503,18.01904761904762
gap_horizon_2uav_crossing,5013,19.0,True,DELETED,NO_RECOVERY,False,,55.021693402051454,17.971428571428575
gap_horizon_2uav_crossing,5013,1.0,True,,CORRECT_RECOVERY,True,0.1980437644948381,0.1980437644948381,1.0
gap_horizon_2uav_crossing,5013,20.0,True,DELETED,NO_RECOVERY,False,,63.15810317924628,18.98571428571428
gap_horizon_2uav_crossing,5013,21.0,True,DELETED,NO_RECOVERY,False,,73.48745811571803,19.971428571428575
gap_horizon_2uav_crossing,5013,22.0,True,DELETED,NO_RECOVERY,False,,81.60075852609869,20.98571428571428
gap_horizon_2uav_crossing,5013,23.0,True,DELETED,NO_RECOVERY,False,,98.19080215310647,23.01904761904762
gap_horizon_2uav_crossing,5013,24.0,True,DELETED,NO_RECOVERY,False,,97.81877185730173,22.98571428571428
gap_horizon_2uav_crossing,5013,25.0,True,,CORRECT_RECOVERY,False,,103.90321683744641,23.98571428571428
gap_horizon_2uav_crossing,5013,26.0,True,,CORRECT_RECOVERY,False,,112.95289110660161,26.01904761904762
gap_horizon_2uav_crossing,5013,27.0,True,DELETED,NO_RECOVERY,False,,120.93345051057986,25.98571428571428
gap_horizon_2uav_crossing,5013,28.0,True,DELETED,NO_RECOVERY,False,,127.26678094627975,26.98571428571428
gap_horizon_2uav_crossing,5013,29.0,True,DELETED,NO_RECOVERY,False,,132.3568443502706,27.971428571428575
gap_horizon_2uav_crossing,5013,2.0,True,,CORRECT_RECOVERY,True,,0.23308144372989137,0.9857142857142804
gap_horizon_2uav_crossing,5013,30.0,True,DELETED,NO_RECOVERY,False,,135.1579101705193,30.01904761904762
gap_horizon_2uav_crossing,5013,31.0,True,DELETED,NO_RECOVERY,False,,136.7292934549022,29.0
gap_horizon_2uav_crossing,5013,32.0,True,DELETED,NO_RECOVERY,True,,138.97333144986254,30.01428571428572
gap_horizon_2uav_crossing,5013,3.0,True,,CORRECT_RECOVERY,True,,0.5582870612601425,1.9857142857142804
gap_horizon_2uav_crossing,5013,4.0,True,,CORRECT_RECOVERY,True,,0.3178278055250589,2.9857142857142804
gap_horizon_2uav_crossing,5013,5.0,True,,CORRECT_RECOVERY,True,,0.9578382049462568,3.9857142857142804
gap_horizon_2uav_crossing,5013,6.0,True,,CORRECT_RECOVERY,True,,1.0599935314082247,6.0
gap_horizon_2uav_crossing,5013,7.0,True,,CORRECT_RECOVERY,True,,5.340574707695044,7.0
gap_horizon_2uav_crossing,5013,8.0,True,,CORRECT_RECOVERY,True,,3.6659866768519715,8.0
gap_horizon_2uav_crossing,5013,9.0,True,,CORRECT_RECOVERY,True,,7.514404131247314,9.0
gap_horizon_2uav_crossing,5014,10.0,True,,CORRECT_RECOVERY,True,,5.998164719508178,8.98571428571428
gap_horizon_2uav_crossing,5014,11.0,True,,NO_RECOVERY,True,,12.264949650390573,11.0
gap_horizon_2uav_crossing,5014,12.0,True,,CORRECT_RECOVERY,True,,21.070911421246937,12.0
gap_horizon_2uav_crossing,5014,13.0,True,,NO_RECOVERY,True,,20.95857044150419,13.0
gap_horizon_2uav_crossing,5014,14.0,True,,NO_RECOVERY,True,,28.37021080574786,14.0
gap_horizon_2uav_crossing,5014,15.0,True,,NO_RECOVERY,True,,32.03933044107212,15.0
gap_horizon_2uav_crossing,5014,16.0,True,DELETED,NO_RECOVERY,True,,31.641893546695766,14.98571428571428
gap_horizon_2uav_crossing,5014,17.0,True,DELETED,NO_RECOVERY,False,,38.84863331060141,15.98571428571428
gap_horizon_2uav_crossing,5014,18.0,True,DELETED,NO_RECOVERY,False,,55.46980035581845,18.0
gap_horizon_2uav_crossing,5014,19.0,True,DELETED,NO_RECOVERY,False,,54.634554842261906,17.98571428571428
gap_horizon_2uav_crossing,5014,1.0,True,,CORRECT_RECOVERY,True,0.3079230194452711,0.3079230194452711,1.0
gap_horizon_2uav_crossing,5014,20.0,True,DELETED,NO_RECOVERY,False,,70.92282917120777,20.01904761904762
gap_horizon_2uav_crossing,5014,21.0,True,DELETED,NO_RECOVERY,False,,71.21950247912228,19.98571428571428
gap_horizon_2uav_crossing,5014,22.0,True,DELETED,NO_RECOVERY,False,,80.51284515713911,20.98571428571428
gap_horizon_2uav_crossing,5014,23.0,True,DELETED,NO_RECOVERY,False,,90.0810084678655,21.98571428571428
gap_horizon_2uav_crossing,5014,24.0,True,DELETED,NO_RECOVERY,True,,95.2728766044473,22.98571428571428
gap_horizon_2uav_crossing,5014,25.0,True,DELETED,NO_RECOVERY,False,,106.69755016260639,23.98571428571428
gap_horizon_2uav_crossing,5014,26.0,True,,CORRECT_RECOVERY,False,,117.3115028496904,26.0
gap_horizon_2uav_crossing,5014,27.0,True,DELETED,NO_RECOVERY,False,,126.02810424106832,27.0
gap_horizon_2uav_crossing,5014,28.0,True,DELETED,NO_RECOVERY,False,,127.05457391832584,26.98571428571428
gap_horizon_2uav_crossing,5014,29.0,True,DELETED,NO_RECOVERY,False,,136.2994700924256,29.0
gap_horizon_2uav_crossing,5014,2.0,True,,CORRECT_RECOVERY,True,,0.37079148565588416,2.0
gap_horizon_2uav_crossing,5014,30.0,True,DELETED,NO_RECOVERY,False,,139.06915082283504,30.01904761904762
gap_horizon_2uav_crossing,5014,31.0,True,DELETED,NO_RECOVERY,False,,139.9164439068053,30.0
gap_horizon_2uav_crossing,5014,32.0,True,DELETED,NO_RECOVERY,True,,138.2110443765552,30.014285714285705
gap_horizon_2uav_crossing,5014,3.0,True,,CORRECT_RECOVERY,True,,0.4150422999001375,3.0
gap_horizon_2uav_crossing,5014,4.0,True,,CORRECT_RECOVERY,True,,0.4816150239428123,4.0
gap_horizon_2uav_crossing,5014,5.0,True,,CORRECT_RECOVERY,True,,1.149476109486358,3.9857142857142804
gap_horizon_2uav_crossing,5014,6.0,True,,CORRECT_RECOVERY,True,,1.0655760138035781,6.0
gap_horizon_2uav_crossing,5014,7.0,True,,CORRECT_RECOVERY,True,,2.574173486187243,5.98571428571428
gap_horizon_2uav_crossing,5014,8.0,True,,CORRECT_RECOVERY,True,,5.588773614337857,6.98571428571428
gap_horizon_2uav_crossing,5014,9.0,True,,CORRECT_RECOVERY,True,,4.8202687252490435,7.98571428571428
gap_horizon_2uav_crossing,5015,10.0,True,,CORRECT_RECOVERY,True,,9.972639714515893,10.0
gap_horizon_2uav_crossing,5015,11.0,True,,CORRECT_RECOVERY,True,,10.699843864577765,11.0
gap_horizon_2uav_crossing,5015,12.0,True,,CORRECT_RECOVERY,True,,15.89350847753029,12.0
gap_horizon_2uav_crossing,5015,13.0,True,,CORRECT_RECOVERY,True,,19.366642306352208,13.0
gap_horizon_2uav_crossing,5015,14.0,True,DELETED,NO_RECOVERY,True,,24.039209218540975,14.0
gap_horizon_2uav_crossing,5015,15.0,True,DELETED,NO_RECOVERY,False,,30.61895642218354,15.0
gap_horizon_2uav_crossing,5015,16.0,True,DELETED,NO_RECOVERY,False,,28.621406136741445,14.98571428571428
gap_horizon_2uav_crossing,5015,17.0,True,DELETED,NO_RECOVERY,False,,38.385292273824724,15.98571428571428
gap_horizon_2uav_crossing,5015,18.0,True,DELETED,NO_RECOVERY,False,,44.695198919396404,16.98571428571428
gap_horizon_2uav_crossing,5015,19.0,True,DELETED,NO_RECOVERY,False,,52.889441915774185,17.971428571428575
gap_horizon_2uav_crossing,5015,1.0,True,,CORRECT_RECOVERY,True,0.1583262823410081,0.1583262823410081,1.0
gap_horizon_2uav_crossing,5015,20.0,True,DELETED,NO_RECOVERY,False,,61.117542822423836,18.98571428571428
gap_horizon_2uav_crossing,5015,21.0,True,DELETED,NO_RECOVERY,False,,71.12674952180568,19.98571428571428
gap_horizon_2uav_crossing,5015,22.0,True,DELETED,NO_RECOVERY,False,,79.50015170698077,20.98571428571428
gap_horizon_2uav_crossing,5015,23.0,True,DELETED,NO_RECOVERY,False,,89.92940195343395,21.971428571428575
gap_horizon_2uav_crossing,5015,24.0,True,DELETED,NO_RECOVERY,False,,97.8764750503871,22.98571428571428
gap_horizon_2uav_crossing,5015,25.0,True,DELETED,NO_RECOVERY,False,,105.14356236264608,23.98571428571428
gap_horizon_2uav_crossing,5015,26.0,True,DELETED,NO_RECOVERY,False,,113.84505232280782,24.971428571428575
gap_horizon_2uav_crossing,5015,27.0,True,DELETED,NO_RECOVERY,False,,118.00923836397563,25.98571428571428
gap_horizon_2uav_crossing,5015,28.0,True,DELETED,NO_RECOVERY,False,,125.96879308640287,26.98571428571428
gap_horizon_2uav_crossing,5015,29.0,True,DELETED,NO_RECOVERY,False,,131.8600959767939,27.98571428571428
gap_horizon_2uav_crossing,5015,2.0,True,,CORRECT_RECOVERY,True,,0.640775854774247,2.0
gap_horizon_2uav_crossing,5015,30.0,True,DELETED,NO_RECOVERY,False,,136.150841991877,28.98571428571428
gap_horizon_2uav_crossing,5015,31.0,True,DELETED,NO_RECOVERY,False,,133.8104493909783,28.98571428571428
gap_horizon_2uav_crossing,5015,32.0,True,DELETED,NO_RECOVERY,False,,135.2236404812629,28.98571428571428
gap_horizon_2uav_crossing,5015,3.0,True,,CORRECT_RECOVERY,True,,2.3003389200283797,3.0
gap_horizon_2uav_crossing,5015,4.0,True,,CORRECT_RECOVERY,True,,0.6910913977287753,4.0
gap_horizon_2uav_crossing,5015,5.0,True,,CORRECT_RECOVERY,True,,1.4623995151132654,3.971428571428575
gap_horizon_2uav_crossing,5015,6.0,True,,CORRECT_RECOVERY,True,,2.0254032893013503,6.0
gap_horizon_2uav_crossing,5015,7.0,True,,CORRECT_RECOVERY,True,,1.832106521958744,7.0
gap_horizon_2uav_crossing,5015,8.0,True,,CORRECT_RECOVERY,True,,6.980657485996223,8.0
gap_horizon_2uav_crossing,5015,9.0,True,,CORRECT_RECOVERY,True,,7.271197604946328,9.0
gap_horizon_2uav_crossing,5016,10.0,True,,CORRECT_RECOVERY,True,,9.002876657017927,10.01428571428572
gap_horizon_2uav_crossing,5016,11.0,True,,CORRECT_RECOVERY,True,,10.068859321897033,11.01428571428572
gap_horizon_2uav_crossing,5016,12.0,True,,CORRECT_RECOVERY,True,,15.136549590626831,12.01428571428572
gap_horizon_2uav_crossing,5016,13.0,True,,CORRECT_RECOVERY,True,,19.17259611543272,13.01428571428572
gap_horizon_2uav_crossing,5016,14.0,True,,CORRECT_RECOVERY,True,,27.07906225807832,14.01428571428572
gap_horizon_2uav_crossing,5016,15.0,True,,NO_RECOVERY,True,,30.662361608099125,15.01428571428572
gap_horizon_2uav_crossing,5016,16.0,True,DELETED,NO_RECOVERY,False,,31.982469712043795,14.971428571428575
gap_horizon_2uav_crossing,5016,17.0,True,DELETED,NO_RECOVERY,False,,47.14532344186747,17.0
gap_horizon_2uav_crossing,5016,18.0,True,DELETED,NO_RECOVERY,False,,46.51858219330175,16.971428571428575
gap_horizon_2uav_crossing,5016,19.0,True,DELETED,NO_RECOVERY,False,,62.697885873261136,19.0
gap_horizon_2uav_crossing,5016,1.0,True,,CORRECT_RECOVERY,True,0.527705329505975,0.527705329505975,1.0142857142857196
gap_horizon_2uav_crossing,5016,20.0,True,DELETED,NO_RECOVERY,False,,61.390525861310685,18.971428571428575
gap_horizon_2uav_crossing,5016,21.0,True,DELETED,NO_RECOVERY,False,,80.23466176222917,21.0
gap_horizon_2uav_crossing,5016,22.0,True,DELETED,NO_RECOVERY,False,,79.49430568255704,20.971428571428575
gap_horizon_2uav_crossing,5016,23.0,True,DELETED,NO_RECOVERY,False,,97.93034533256322,23.0
gap_horizon_2uav_crossing,5016,24.0,True,DELETED,NO_RECOVERY,False,,105.87242064081588,24.0
gap_horizon_2uav_crossing,5016,25.0,True,DELETED,NO_RECOVERY,False,,109.38636405832213,25.0
gap_horizon_2uav_crossing,5016,26.0,True,DELETED,NO_RECOVERY,False,,120.51785483506268,26.0
gap_horizon_2uav_crossing,5016,27.0,True,DELETED,NO_RECOVERY,False,,120.31817401429863,25.971428571428575
gap_horizon_2uav_crossing,5016,28.0,True,DELETED,NO_RECOVERY,False,,125.12322852270867,26.971428571428575
gap_horizon_2uav_crossing,5016,29.0,True,DELETED,NO_RECOVERY,False,,132.02428490174296,27.971428571428575
gap_horizon_2uav_crossing,5016,2.0,True,,CORRECT_RECOVERY,True,,0.39866470323688097,2.0142857142857196
gap_horizon_2uav_crossing,5016,30.0,True,DELETED,NO_RECOVERY,False,,133.06203185436098,28.971428571428575
gap_horizon_2uav_crossing,5016,31.0,True,DELETED,NO_RECOVERY,False,,136.04749515982022,28.98571428571428
gap_horizon_2uav_crossing,5016,32.0,True,DELETED,NO_RECOVERY,False,,136.2280472875479,28.98571428571428
gap_horizon_2uav_crossing,5016,3.0,True,,CORRECT_RECOVERY,True,,0.973081918207756,3.0142857142857196
gap_horizon_2uav_crossing,5016,4.0,True,,CORRECT_RECOVERY,True,,0.6050145964744463,4.01428571428572
gap_horizon_2uav_crossing,5016,5.0,True,,CORRECT_RECOVERY,True,,1.100777101366514,5.0
gap_horizon_2uav_crossing,5016,6.0,True,,CORRECT_RECOVERY,True,,2.3018678463753632,6.01428571428572
gap_horizon_2uav_crossing,5016,7.0,True,,CORRECT_RECOVERY,True,,4.9175284043232645,7.01428571428572
gap_horizon_2uav_crossing,5016,8.0,True,,CORRECT_RECOVERY,True,,5.457460568973233,8.01428571428572
gap_horizon_2uav_crossing,5016,9.0,True,,CORRECT_RECOVERY,True,,6.520345474336645,9.01428571428572
gap_horizon_2uav_crossing,5017,10.0,True,,CORRECT_RECOVERY,True,,8.602411472774351,10.0
gap_horizon_2uav_crossing,5017,11.0,True,,CORRECT_RECOVERY,True,,10.972368832398557,11.0
gap_horizon_2uav_crossing,5017,12.0,True,,CORRECT_RECOVERY,True,,15.839293012441615,12.0
gap_horizon_2uav_crossing,5017,13.0,True,,CORRECT_RECOVERY,True,,26.2391397759963,13.0
gap_horizon_2uav_crossing,5017,14.0,True,,CORRECT_RECOVERY,True,,26.974775503826116,14.0
gap_horizon_2uav_crossing,5017,15.0,True,,CORRECT_RECOVERY,True,,33.560570851653175,15.0
gap_horizon_2uav_crossing,5017,16.0,True,DELETED,NO_RECOVERY,False,,32.62610375119027,14.98571428571428
gap_horizon_2uav_crossing,5017,17.0,True,DELETED,NO_RECOVERY,False,,38.7244898243641,15.971428571428575
gap_horizon_2uav_crossing,5017,18.0,True,DELETED,NO_RECOVERY,False,,53.51589795280069,18.028571428571432
gap_horizon_2uav_crossing,5017,19.0,True,DELETED,NO_RECOVERY,False,,54.01844724915625,17.98571428571428
gap_horizon_2uav_crossing,5017,1.0,True,,CORRECT_RECOVERY,True,0.18555163983506007,0.18555163983506007,1.0
gap_horizon_2uav_crossing,5017,20.0,True,DELETED,NO_RECOVERY,False,,61.69836014852402,18.98571428571428
gap_horizon_2uav_crossing,5017,21.0,True,DELETED,NO_RECOVERY,False,,71.41014874852063,19.98571428571428
gap_horizon_2uav_crossing,5017,22.0,True,,CORRECT_RECOVERY,False,,77.37637719075123,20.98571428571428
gap_horizon_2uav_crossing,5017,23.0,True,DELETED,NO_RECOVERY,False,,89.13404749786054,21.98571428571428
gap_horizon_2uav_crossing,5017,24.0,True,DELETED,NO_RECOVERY,False,,98.28985066525561,22.98571428571428
gap_horizon_2uav_crossing,5017,25.0,True,DELETED,NO_RECOVERY,False,,107.43347067307236,23.98571428571428
gap_horizon_2uav_crossing,5017,26.0,True,DELETED,NO_RECOVERY,False,,111.95034634861629,24.98571428571428
gap_horizon_2uav_crossing,5017,27.0,True,DELETED,NO_RECOVERY,False,,117.86867519757583,25.98571428571428
gap_horizon_2uav_crossing,5017,28.0,True,DELETED,NO_RECOVERY,False,,126.29869177084484,26.98571428571428
gap_horizon_2uav_crossing,5017,29.0,True,DELETED,NO_RECOVERY,False,,131.9455873344215,27.971428571428575
gap_horizon_2uav_crossing,5017,2.0,True,,CORRECT_RECOVERY,True,,0.4999387725469159,0.9857142857142804
gap_horizon_2uav_crossing,5017,30.0,True,DELETED,NO_RECOVERY,False,,136.02422860080685,28.971428571428575
gap_horizon_2uav_crossing,5017,31.0,True,DELETED,NO_RECOVERY,False,,132.8155546741431,28.985714285714295
gap_horizon_2uav_crossing,5017,32.0,True,DELETED,NO_RECOVERY,True,,133.0354394843563,28.94285714285715
gap_horizon_2uav_crossing,5017,3.0,True,,CORRECT_RECOVERY,True,,1.2380250847059597,3.028571428571425
gap_horizon_2uav_crossing,5017,4.0,True,,CORRECT_RECOVERY,True,,0.9411672122651008,2.971428571428575
gap_horizon_2uav_crossing,5017,5.0,True,,CORRECT_RECOVERY,True,,2.2259499199017476,5.0
gap_horizon_2uav_crossing,5017,6.0,True,,CORRECT_RECOVERY,True,,2.096074444784917,6.0
gap_horizon_2uav_crossing,5017,7.0,True,,CORRECT_RECOVERY,True,,2.7469437971575155,7.0
gap_horizon_2uav_crossing,5017,8.0,True,,CORRECT_RECOVERY,True,,5.490680552492556,8.0
gap_horizon_2uav_crossing,5017,9.0,True,,CORRECT_RECOVERY,True,,4.633318727090419,9.0
gap_horizon_2uav_crossing,5018,10.0,True,,CORRECT_RECOVERY,True,,7.25375068907308,8.98571428571428
gap_horizon_2uav_crossing,5018,11.0,True,,CORRECT_RECOVERY,True,,14.509232770944584,11.0
gap_horizon_2uav_crossing,5018,12.0,True,,CORRECT_RECOVERY,True,,12.519309745033885,10.98571428571428
gap_horizon_2uav_crossing,5018,13.0,True,,CORRECT_RECOVERY,True,,21.03977922507306,13.0
gap_horizon_2uav_crossing,5018,14.0,True,DELETED,NO_RECOVERY,False,,25.915271476002207,14.0
gap_horizon_2uav_crossing,5018,15.0,True,DELETED,NO_RECOVERY,False,,30.652347392792542,15.0
gap_horizon_2uav_crossing,5018,16.0,True,DELETED,NO_RECOVERY,False,,29.80014030876844,14.98571428571428
gap_horizon_2uav_crossing,5018,17.0,True,DELETED,NO_RECOVERY,False,,46.232068826392236,17.01904761904762
gap_horizon_2uav_crossing,5018,18.0,True,,NO_RECOVERY,False,,46.39448728173161,16.98571428571428
gap_horizon_2uav_crossing,5018,19.0,True,DELETED,NO_RECOVERY,False,,54.13290240344258,17.98571428571428
gap_horizon_2uav_crossing,5018,1.0,True,,CORRECT_RECOVERY,True,0.13346520137782375,0.13346520137782375,1.0
gap_horizon_2uav_crossing,5018,20.0,True,,NO_RECOVERY,False,,63.00604148456512,18.971428571428575
gap_horizon_2uav_crossing,5018,21.0,True,DELETED,NO_RECOVERY,False,,70.68804063397951,19.98571428571428
gap_horizon_2uav_crossing,5018,22.0,True,DELETED,NO_RECOVERY,False,,80.07508464955342,20.971428571428575
gap_horizon_2uav_crossing,5018,23.0,True,DELETED,NO_RECOVERY,False,,90.34359793082115,21.98571428571428
gap_horizon_2uav_crossing,5018,24.0,True,DELETED,NO_RECOVERY,False,,107.00672379664526,24.01904761904762
gap_horizon_2uav_crossing,5018,25.0,True,DELETED,NO_RECOVERY,False,,107.31154474480425,23.98571428571428
gap_horizon_2uav_crossing,5018,26.0,True,DELETED,NO_RECOVERY,False,,110.21041215190805,24.971428571428575
gap_horizon_2uav_crossing,5018,27.0,True,DELETED,NO_RECOVERY,False,,119.96376373038063,25.98571428571428
gap_horizon_2uav_crossing,5018,28.0,True,DELETED,NO_RECOVERY,False,,132.01934863728724,28.0
gap_horizon_2uav_crossing,5018,29.0,True,DELETED,NO_RECOVERY,False,,132.31545637418864,27.98571428571428
gap_horizon_2uav_crossing,5018,2.0,True,,CORRECT_RECOVERY,True,,0.5984308694671292,2.028571428571425
gap_horizon_2uav_crossing,5018,30.0,True,DELETED,NO_RECOVERY,False,,136.41393875125323,28.98571428571428
gap_horizon_2uav_crossing,5018,31.0,True,DELETED,NO_RECOVERY,True,,137.60948250243428,30.028571428571432
gap_horizon_2uav_crossing,5018,32.0,True,DELETED,NO_RECOVERY,True,,134.9809181438893,29.0
gap_horizon_2uav_crossing,5018,3.0,True,,CORRECT_RECOVERY,True,,0.6198481474451528,1.9857142857142804
gap_horizon_2uav_crossing,5018,4.0,True,,CORRECT_RECOVERY,True,,0.1999631009024812,2.971428571428575
gap_horizon_2uav_crossing,5018,5.0,True,,CORRECT_RECOVERY,True,,0.774788923123604,3.9857142857142804
gap_horizon_2uav_crossing,5018,6.0,True,,CORRECT_RECOVERY,True,,1.5257568024595098,4.971428571428575
gap_horizon_2uav_crossing,5018,7.0,True,,CORRECT_RECOVERY,True,,3.4830111737064198,7.0
gap_horizon_2uav_crossing,5018,8.0,True,,CORRECT_RECOVERY,True,,4.503437808536741,8.0
gap_horizon_2uav_crossing,5018,9.0,True,,CORRECT_RECOVERY,True,,3.7948348872840993,7.98571428571428
gap_horizon_2uav_crossing,5019,10.0,True,,CORRECT_RECOVERY,True,,7.911566194070134,10.0
gap_horizon_2uav_crossing,5019,11.0,True,,NO_RECOVERY,True,,8.425378756075071,9.98571428571428
gap_horizon_2uav_crossing,5019,12.0,True,,NO_RECOVERY,False,,10.604315807007227,10.98571428571428
gap_horizon_2uav_crossing,5019,13.0,True,,NO_RECOVERY,False,,14.437326142262938,11.98571428571428
gap_horizon_2uav_crossing,5019,14.0,True,,NO_RECOVERY,False,,19.925553468169042,12.98571428571428
gap_horizon_2uav_crossing,5019,15.0,True,,NO_RECOVERY,False,,30.588994921239195,15.0
gap_horizon_2uav_crossing,5019,16.0,True,,NO_RECOVERY,False,,32.75891506556439,14.98571428571428
gap_horizon_2uav_crossing,5019,17.0,True,DELETED,NO_RECOVERY,False,,44.76377707501004,17.035714285714285
gap_horizon_2uav_crossing,5019,18.0,True,DELETED,NO_RECOVERY,False,,45.83945533637044,16.98571428571428
gap_horizon_2uav_crossing,5019,19.0,True,DELETED,NO_RECOVERY,False,,63.284363432245684,19.01904761904762
gap_horizon_2uav_crossing,5019,1.0,True,,CORRECT_RECOVERY,True,0.2681749662832276,0.2681749662832276,1.0
gap_horizon_2uav_crossing,5019,20.0,True,DELETED,NO_RECOVERY,False,,71.48984880829778,20.01904761904762
gap_horizon_2uav_crossing,5019,21.0,True,DELETED,NO_RECOVERY,False,,71.34148084753656,19.971428571428575
gap_horizon_2uav_crossing,5019,22.0,True,,NO_RECOVERY,False,,78.66322191277521,20.98571428571428
gap_horizon_2uav_crossing,5019,23.0,True,DELETED,NO_RECOVERY,False,,88.72294070088175,21.971428571428575
gap_horizon_2uav_crossing,5019,24.0,True,DELETED,NO_RECOVERY,False,,96.93458917214463,22.971428571428575
gap_horizon_2uav_crossing,5019,25.0,True,,CORRECT_RECOVERY,True,,102.66064750072982,23.971428571428575
gap_horizon_2uav_crossing,5019,26.0,True,DELETED,NO_RECOVERY,False,,121.73954089871232,26.028571428571432
gap_horizon_2uav_crossing,5019,27.0,True,DELETED,NO_RECOVERY,False,,121.58722984393843,25.98571428571428
gap_horizon_2uav_crossing,5019,28.0,True,DELETED,NO_RECOVERY,False,,123.74521886308274,26.971428571428575
gap_horizon_2uav_crossing,5019,29.0,True,DELETED,NO_RECOVERY,False,,129.6671237769732,27.98571428571428
gap_horizon_2uav_crossing,5019,2.0,True,,CORRECT_RECOVERY,True,,0.575629350616959,2.0
gap_horizon_2uav_crossing,5019,30.0,True,DELETED,NO_RECOVERY,False,,135.72869902052057,30.0
gap_horizon_2uav_crossing,5019,31.0,True,DELETED,NO_RECOVERY,True,,132.8990304683808,28.98571428571428
gap_horizon_2uav_crossing,5019,32.0,True,DELETED,NO_RECOVERY,True,,135.82489101553452,28.971428571428575
gap_horizon_2uav_crossing,5019,3.0,True,,CORRECT_RECOVERY,True,,0.9021077853415671,3.0
gap_horizon_2uav_crossing,5019,4.0,True,,CORRECT_RECOVERY,True,,1.0808497964827948,4.0
gap_horizon_2uav_crossing,5019,5.0,True,,CORRECT_RECOVERY,True,,1.3610876978637245,3.9857142857142804
gap_horizon_2uav_crossing,5019,6.0,True,,CORRECT_RECOVERY,True,,2.0805535885674535,6.0
gap_horizon_2uav_crossing,5019,7.0,True,,CORRECT_RECOVERY,True,,4.350455935595352,7.0
gap_horizon_2uav_crossing,5019,8.0,True,,CORRECT_RECOVERY,True,,5.824759721823231,8.0
gap_horizon_2uav_crossing,5019,9.0,True,,CORRECT_RECOVERY,True,,5.207326668072149,9.0
gap_horizon_2uav_crossing,5020,10.0,True,,CORRECT_RECOVERY,True,,10.122071252895985,10.01428571428572
gap_horizon_2uav_crossing,5020,11.0,True,,CORRECT_RECOVERY,True,,14.846909946206086,11.0
gap_horizon_2uav_crossing,5020,12.0,True,,CORRECT_RECOVERY,True,,14.629671479762496,12.01428571428572
gap_horizon_2uav_crossing,5020,13.0,True,,CORRECT_RECOVERY,True,,20.468611164926887,13.0
gap_horizon_2uav_crossing,5020,14.0,True,,CORRECT_RECOVERY,True,,25.302551314390428,14.01428571428572
gap_horizon_2uav_crossing,5020,15.0,True,,NO_RECOVERY,False,,31.48849804484464,15.01428571428572
gap_horizon_2uav_crossing,5020,16.0,True,,NO_RECOVERY,False,,39.777557150718444,16.0
gap_horizon_2uav_crossing,5020,17.0,True,,NO_RECOVERY,False,,47.5433705063126,17.04285714285715
gap_horizon_2uav_crossing,5020,18.0,True,DELETED,NO_RECOVERY,False,,53.50026851720441,18.0
gap_horizon_2uav_crossing,5020,19.0,True,,NO_RECOVERY,False,,63.85066390589938,19.03333333333334
gap_horizon_2uav_crossing,5020,1.0,True,,CORRECT_RECOVERY,True,0.18288798618627056,0.18288798618627056,1.0142857142857196
gap_horizon_2uav_crossing,5020,20.0,True,DELETED,NO_RECOVERY,False,,62.29805978136704,18.971428571428575
gap_horizon_2uav_crossing,5020,21.0,True,DELETED,NO_RECOVERY,False,,80.61901287799267,21.0
gap_horizon_2uav_crossing,5020,22.0,True,DELETED,NO_RECOVERY,False,,80.16793068398397,20.971428571428575
gap_horizon_2uav_crossing,5020,23.0,True,DELETED,NO_RECOVERY,False,,90.18676735255215,21.971428571428575
gap_horizon_2uav_crossing,5020,24.0,True,DELETED,NO_RECOVERY,False,,107.71428161066527,24.0
gap_horizon_2uav_crossing,5020,25.0,True,DELETED,NO_RECOVERY,False,,112.03434729220099,25.0
gap_horizon_2uav_crossing,5020,26.0,True,DELETED,NO_RECOVERY,False,,121.65000121272588,26.03333333333334
gap_horizon_2uav_crossing,5020,27.0,True,DELETED,NO_RECOVERY,False,,120.84304230923449,25.971428571428575
gap_horizon_2uav_crossing,5020,28.0,True,DELETED,NO_RECOVERY,False,,132.08389865765562,28.0
gap_horizon_2uav_crossing,5020,29.0,True,DELETED,NO_RECOVERY,False,,136.41588364505023,29.0
gap_horizon_2uav_crossing,5020,2.0,True,,CORRECT_RECOVERY,True,,0.3232643880466018,2.0142857142857196
gap_horizon_2uav_crossing,5020,30.0,True,DELETED,NO_RECOVERY,False,,134.08969573735624,28.971428571428575
gap_horizon_2uav_crossing,5020,31.0,True,DELETED,NO_RECOVERY,False,,136.0558578925567,28.971428571428575
gap_horizon_2uav_crossing,5020,32.0,True,DELETED,NO_RECOVERY,True,,134.86158891054436,28.98571428571428
gap_horizon_2uav_crossing,5020,3.0,True,,CORRECT_RECOVERY,True,,0.5796054629689776,3.0142857142857196
gap_horizon_2uav_crossing,5020,4.0,True,,CORRECT_RECOVERY,True,,1.166044550139653,4.01428571428572
gap_horizon_2uav_crossing,5020,5.0,True,,CORRECT_RECOVERY,True,,1.6082584267931392,5.01428571428572
gap_horizon_2uav_crossing,5020,6.0,True,,CORRECT_RECOVERY,True,,1.9499952570649195,6.01428571428572
gap_horizon_2uav_crossing,5020,7.0,True,,CORRECT_RECOVERY,True,,2.8880963982086003,6.950000000000003
gap_horizon_2uav_crossing,5020,8.0,True,,CORRECT_RECOVERY,True,,4.508345606755279,8.01428571428572
gap_horizon_2uav_crossing,5020,9.0,True,,CORRECT_RECOVERY,True,,4.622258055011947,9.01428571428572
gap_horizon_5uav_dense_crossing,5001,10.0,True,,NO_RECOVERY,False,,5.028765419253917,8.0
gap_horizon_5uav_dense_crossing,5001,1.0,True,,CORRECT_RECOVERY,True,0.4058639223766089,0.4058639223766089,1.0
gap_horizon_5uav_dense_crossing,5001,20.0,True,,NO_RECOVERY,False,,67.6565466739555,18.985714285714288
gap_horizon_5uav_dense_crossing,5001,2.0,True,,NO_RECOVERY,False,0.7698888139999952,0.6734655305534349,1.0
gap_horizon_5uav_dense_crossing,5001,32.0,True,DELETED,NO_RECOVERY,True,,149.36089982811035,28.971428571428575
gap_horizon_5uav_dense_crossing,5001,3.0,True,,NO_RECOVERY,False,,0.2775853661007402,1.0
gap_horizon_5uav_dense_crossing,5001,4.0,True,,NO_RECOVERY,False,,0.5211925957906643,2.0
gap_horizon_5uav_dense_crossing,5001,5.0,True,,NO_RECOVERY,False,,0.5029099395822018,3.0
gap_horizon_5uav_dense_crossing,5002,10.0,True,,NO_RECOVERY,False,,4.499087435571445,8.0
gap_horizon_5uav_dense_crossing,5002,1.0,True,,CORRECT_RECOVERY,True,0.31529819021910205,0.31529819021910205,1.0
gap_horizon_5uav_dense_crossing,5002,20.0,True,,NO_RECOVERY,False,,69.00416171755401,18.971428571428575
gap_horizon_5uav_dense_crossing,5002,2.0,True,,CORRECT_RECOVERY,True,0.6643285324189301,0.6643285324189301,2.0
gap_horizon_5uav_dense_crossing,5002,32.0,True,DELETED,NO_RECOVERY,True,,147.003836126469,28.985714285714288
gap_horizon_5uav_dense_crossing,5002,3.0,True,,NO_RECOVERY,False,,0.5754900837179385,2.0
gap_horizon_5uav_dense_crossing,5002,4.0,True,,NO_RECOVERY,False,,1.0408880963487595,2.0
gap_horizon_5uav_dense_crossing,5002,5.0,True,,NO_RECOVERY,False,,0.8199429786860793,3.0
gap_horizon_5uav_dense_crossing,5003,10.0,True,,NO_RECOVERY,False,,10.313512367754893,9.0
gap_horizon_5uav_dense_crossing,5003,1.0,True,,CORRECT_RECOVERY,True,0.36240418988209294,0.36240418988209294,1.0
gap_horizon_5uav_dense_crossing,5003,20.0,True,,NO_RECOVERY,False,,69.36312413259188,18.985714285714288
gap_horizon_5uav_dense_crossing,5003,2.0,True,,CORRECT_RECOVERY,True,0.3755490227814078,0.3755490227814078,2.0
gap_horizon_5uav_dense_crossing,5003,32.0,True,DELETED,NO_RECOVERY,False,,151.325510302291,28.985714285714288
gap_horizon_5uav_dense_crossing,5003,3.0,True,,CORRECT_RECOVERY,True,,1.2159770615878427,3.0
gap_horizon_5uav_dense_crossing,5003,4.0,True,,NO_RECOVERY,False,,0.4534677502611568,3.0
gap_horizon_5uav_dense_crossing,5003,5.0,True,,NO_RECOVERY,False,,0.9962180849583325,4.0
gap_horizon_5uav_dense_crossing,5004,10.0,True,,NO_RECOVERY,False,,2.459733060591137,7.0
gap_horizon_5uav_dense_crossing,5004,1.0,True,,CORRECT_RECOVERY,True,0.4050157375346357,0.4050157375346357,1.0
gap_horizon_5uav_dense_crossing,5004,20.0,True,DELETED,NO_RECOVERY,False,,82.18796511061686,20.0
gap_horizon_5uav_dense_crossing,5004,2.0,True,,CORRECT_RECOVERY,True,0.6212487578797787,0.6212487578797787,2.0
gap_horizon_5uav_dense_crossing,5004,32.0,True,DELETED,NO_RECOVERY,True,,150.35147936740444,30.0
gap_horizon_5uav_dense_crossing,5004,3.0,True,,NO_RECOVERY,True,,0.5605012612758831,3.0
gap_horizon_5uav_dense_crossing,5004,4.0,True,,NO_RECOVERY,False,,1.1885396884998172,3.0
gap_horizon_5uav_dense_crossing,5004,5.0,True,,NO_RECOVERY,False,,1.1085531536214606,3.0
gap_horizon_5uav_dense_crossing,5005,10.0,True,,NO_RECOVERY,False,,7.811002511965222,8.0
gap_horizon_5uav_dense_crossing,5005,1.0,True,,CORRECT_RECOVERY,True,0.39904611197540546,0.39904611197540546,1.0
gap_horizon_5uav_dense_crossing,5005,20.0,True,,NO_RECOVERY,False,,51.283843781883384,17.0
gap_horizon_5uav_dense_crossing,5005,2.0,True,,NO_RECOVERY,False,7.9316250499112115,7.9316250499112115,2.0
gap_horizon_5uav_dense_crossing,5005,32.0,True,DELETED,NO_RECOVERY,False,,151.94372827422214,28.971428571428575
gap_horizon_5uav_dense_crossing,5005,3.0,True,,NO_RECOVERY,False,,0.4212188685021027,2.0
gap_horizon_5uav_dense_crossing,5005,4.0,True,,NO_RECOVERY,False,,0.8498410069917924,3.0
gap_horizon_5uav_dense_crossing,5005,5.0,True,,NO_RECOVERY,False,,1.0791727065021206,3.0
gap_horizon_5uav_dense_crossing,5006,10.0,True,,NO_RECOVERY,False,,4.35713650772102,8.0
gap_horizon_5uav_dense_crossing,5006,1.0,True,,CORRECT_RECOVERY,True,0.5977317982248102,0.5977317982248102,1.0
gap_horizon_5uav_dense_crossing,5006,20.0,True,,NO_RECOVERY,False,,79.3181443600953,20.0
gap_horizon_5uav_dense_crossing,5006,2.0,True,,CORRECT_RECOVERY,True,0.9676286590045525,0.9676286590045525,2.0
gap_horizon_5uav_dense_crossing,5006,32.0,True,DELETED,NO_RECOVERY,True,,150.4446573061859,28.971428571428575
gap_horizon_5uav_dense_crossing,5006,3.0,True,,CORRECT_RECOVERY,True,,0.7408639785854444,3.0
gap_horizon_5uav_dense_crossing,5006,4.0,True,,NO_RECOVERY,False,,0.5525121380513482,3.0
gap_horizon_5uav_dense_crossing,5006,5.0,True,,NO_RECOVERY,False,,1.2203834345661626,4.0
gap_horizon_5uav_dense_crossing,5007,10.0,True,,NO_RECOVERY,False,,12.71007216191804,9.0
gap_horizon_5uav_dense_crossing,5007,1.0,True,,CORRECT_RECOVERY,True,0.1883771954740653,0.1883771954740653,1.0
gap_horizon_5uav_dense_crossing,5007,20.0,True,,NO_RECOVERY,False,,68.97143748956911,18.985714285714288
gap_horizon_5uav_dense_crossing,5007,2.0,True,,NO_RECOVERY,True,0.5048149362388806,0.5048149362388806,2.0
gap_horizon_5uav_dense_crossing,5007,32.0,True,DELETED,NO_RECOVERY,True,,150.83097624956994,28.985714285714288
gap_horizon_5uav_dense_crossing,5007,3.0,True,,NO_RECOVERY,True,,0.7023856498140267,3.0
gap_horizon_5uav_dense_crossing,5007,4.0,True,,NO_RECOVERY,True,,2.4222027025436725,4.0
gap_horizon_5uav_dense_crossing,5007,5.0,True,,NO_RECOVERY,False,,0.6891158750331043,4.0
gap_horizon_5uav_dense_crossing,5008,10.0,True,,NO_RECOVERY,False,,6.095358705830757,8.0
gap_horizon_5uav_dense_crossing,5008,1.0,True,,CORRECT_RECOVERY,True,0.4259723789323786,0.4259723789323786,1.0
gap_horizon_5uav_dense_crossing,5008,20.0,True,,NO_RECOVERY,False,,70.00019923590413,18.985714285714288
gap_horizon_5uav_dense_crossing,5008,2.0,True,,CORRECT_RECOVERY,True,0.42053523842255247,0.42053523842255247,2.0
gap_horizon_5uav_dense_crossing,5008,32.0,True,DELETED,NO_RECOVERY,True,,149.9161685544364,28.985714285714288
gap_horizon_5uav_dense_crossing,5008,3.0,True,,NO_RECOVERY,False,,0.5224114189114508,2.0
gap_horizon_5uav_dense_crossing,5008,4.0,True,,NO_RECOVERY,False,,0.6962575590959863,3.0
gap_horizon_5uav_dense_crossing,5008,5.0,True,,NO_RECOVERY,False,,1.498037159572163,4.0
gap_horizon_5uav_dense_crossing,5009,10.0,True,,NO_RECOVERY,False,,5.04752689106791,8.0
gap_horizon_5uav_dense_crossing,5009,1.0,True,,NO_RECOVERY,False,0.48519943872061166,,
gap_horizon_5uav_dense_crossing,5009,20.0,True,DELETED,NO_RECOVERY,False,,78.5563805659162,20.0
gap_horizon_5uav_dense_crossing,5009,2.0,True,,NO_RECOVERY,False,0.7156897844142264,0.48516759038388974,1.0
gap_horizon_5uav_dense_crossing,5009,32.0,True,DELETED,NO_RECOVERY,True,,148.64932681357874,28.985714285714288
gap_horizon_5uav_dense_crossing,5009,3.0,True,,NO_RECOVERY,False,,0.2818247958864326,2.0
gap_horizon_5uav_dense_crossing,5009,4.0,True,,NO_RECOVERY,False,,0.30982105019560136,2.0
gap_horizon_5uav_dense_crossing,5009,5.0,True,,NO_RECOVERY,False,,0.8872914472782093,3.0
gap_horizon_5uav_dense_crossing,5010,10.0,True,,NO_RECOVERY,False,,5.447363196022871,8.0
gap_horizon_5uav_dense_crossing,5010,1.0,True,,CORRECT_RECOVERY,True,0.08143742242489087,0.08143742242489087,1.0
gap_horizon_5uav_dense_crossing,5010,20.0,True,,NO_RECOVERY,False,,69.0625822024148,18.985714285714288
gap_horizon_5uav_dense_crossing,5010,2.0,True,,CORRECT_RECOVERY,True,0.42283641540305156,0.42283641540305156,2.0
gap_horizon_5uav_dense_crossing,5010,32.0,True,DELETED,NO_RECOVERY,True,,150.14601148844903,28.971428571428575
gap_horizon_5uav_dense_crossing,5010,3.0,True,,NO_RECOVERY,False,,0.21098289221214692,2.0
gap_horizon_5uav_dense_crossing,5010,4.0,True,,NO_RECOVERY,False,,0.9026116854562801,3.0
gap_horizon_5uav_dense_crossing,5010,5.0,True,,NO_RECOVERY,False,,0.4006821039341294,4.0
gap_horizon_5uav_dense_crossing,5011,10.0,True,,NO_RECOVERY,False,,5.6518768032059405,7.0
gap_horizon_5uav_dense_crossing,5011,1.0,True,,CORRECT_RECOVERY,True,0.43708421758163335,0.43708421758163335,1.0
gap_horizon_5uav_dense_crossing,5011,20.0,True,DELETED,NO_RECOVERY,False,,70.39164695419954,18.971428571428575
gap_horizon_5uav_dense_crossing,5011,2.0,True,,NO_RECOVERY,False,0.41772629413846224,,
gap_horizon_5uav_dense_crossing,5011,32.0,True,DELETED,NO_RECOVERY,True,,149.10179207504478,28.971428571428575
gap_horizon_5uav_dense_crossing,5011,3.0,True,,NO_RECOVERY,False,,0.70270922718609,1.0
gap_horizon_5uav_dense_crossing,5011,4.0,True,,NO_RECOVERY,False,,0.5217782688875515,2.0
gap_horizon_5uav_dense_crossing,5011,5.0,True,,NO_RECOVERY,False,,1.2443709551429851,3.0
gap_horizon_5uav_dense_crossing,5012,10.0,True,,NO_RECOVERY,False,,11.961218144758549,8.0
gap_horizon_5uav_dense_crossing,5012,1.0,True,,NO_RECOVERY,False,4.278837163863596,,
gap_horizon_5uav_dense_crossing,5012,20.0,True,,NO_RECOVERY,False,,68.15154367280391,18.985714285714288
gap_horizon_5uav_dense_crossing,5012,2.0,True,,CORRECT_RECOVERY,True,0.36109490997327626,0.36109490997327626,2.0
gap_horizon_5uav_dense_crossing,5012,32.0,True,DELETED,NO_RECOVERY,False,,151.46945131099687,28.985714285714288
gap_horizon_5uav_dense_crossing,5012,3.0,True,,NO_RECOVERY,False,,0.38573004731797017,2.0
gap_horizon_5uav_dense_crossing,5012,4.0,True,,NO_RECOVERY,False,,0.8170920018899627,3.0
gap_horizon_5uav_dense_crossing,5012,5.0,True,,NO_RECOVERY,False,,1.0058374298044275,4.0
gap_horizon_5uav_dense_crossing,5013,10.0,True,,NO_RECOVERY,False,,7.514652449275462,8.0
gap_horizon_5uav_dense_crossing,5013,1.0,True,,CORRECT_RECOVERY,True,0.3983863396247373,0.3983863396247373,1.0
gap_horizon_5uav_dense_crossing,5013,20.0,True,,NO_RECOVERY,False,,69.62529731008595,18.971428571428575
gap_horizon_5uav_dense_crossing,5013,2.0,True,,CORRECT_RECOVERY,True,0.5088986834511049,0.39378112235691576,0.9714285714285751
gap_horizon_5uav_dense_crossing,5013,32.0,True,DELETED,NO_RECOVERY,True,,148.34351932333402,28.971428571428575
gap_horizon_5uav_dense_crossing,5013,3.0,True,,CORRECT_RECOVERY,True,,1.447240957428945,3.0
gap_horizon_5uav_dense_crossing,5013,4.0,True,,NO_RECOVERY,False,,0.7943655808463314,3.0
gap_horizon_5uav_dense_crossing,5013,5.0,True,,NO_RECOVERY,False,,1.2570178483912875,3.0
gap_horizon_5uav_dense_crossing,5014,10.0,True,,NO_RECOVERY,False,,3.016272409626437,7.0
gap_horizon_5uav_dense_crossing,5014,1.0,True,,CORRECT_RECOVERY,True,0.4851524006086157,0.4851524006086157,1.0
gap_horizon_5uav_dense_crossing,5014,20.0,True,,NO_RECOVERY,False,,69.8438100723839,18.971428571428575
gap_horizon_5uav_dense_crossing,5014,2.0,True,,NO_RECOVERY,True,0.5426428871193467,0.18626972205889725,1.0
gap_horizon_5uav_dense_crossing,5014,32.0,True,DELETED,NO_RECOVERY,True,,149.03145097603135,28.971428571428575
gap_horizon_5uav_dense_crossing,5014,3.0,True,,NO_RECOVERY,False,,1.1118779346953405,2.0
gap_horizon_5uav_dense_crossing,5014,4.0,True,,NO_RECOVERY,False,,0.5524697752127924,3.0
gap_horizon_5uav_dense_crossing,5014,5.0,True,,NO_RECOVERY,False,,0.740071547811847,2.971428571428575
gap_horizon_5uav_dense_crossing,5015,10.0,True,,NO_RECOVERY,False,,5.342593277763838,8.0
gap_horizon_5uav_dense_crossing,5015,1.0,True,,CORRECT_RECOVERY,True,0.5236164165286582,0.5236164165286582,1.0
gap_horizon_5uav_dense_crossing,5015,20.0,True,DELETED,NO_RECOVERY,False,,80.14752155347917,20.0
gap_horizon_5uav_dense_crossing,5015,2.0,True,,NO_RECOVERY,True,0.49820888615225384,0.49820888615225384,2.0
gap_horizon_5uav_dense_crossing,5015,32.0,True,DELETED,NO_RECOVERY,True,,148.66123655706804,28.971428571428575
gap_horizon_5uav_dense_crossing,5015,3.0,True,,NO_RECOVERY,False,,0.5475563368538426,2.0
gap_horizon_5uav_dense_crossing,5015,4.0,True,,NO_RECOVERY,False,,0.6682825776679956,2.0
gap_horizon_5uav_dense_crossing,5015,5.0,True,,NO_RECOVERY,False,,1.2109762307392717,3.0
gap_horizon_5uav_dense_crossing,5016,10.0,True,,NO_RECOVERY,False,,3.1956911151893714,7.0
gap_horizon_5uav_dense_crossing,5016,1.0,True,,CORRECT_RECOVERY,True,0.7786118140181805,0.7786118140181805,1.0
gap_horizon_5uav_dense_crossing,5016,20.0,True,,NO_RECOVERY,False,,68.84720098635921,18.985714285714288
gap_horizon_5uav_dense_crossing,5016,2.0,True,,CORRECT_RECOVERY,True,0.28595926206736133,0.28595926206736133,2.0
gap_horizon_5uav_dense_crossing,5016,32.0,True,DELETED,NO_RECOVERY,True,,149.73059500207637,28.971428571428575
gap_horizon_5uav_dense_crossing,5016,3.0,True,,NO_RECOVERY,False,,0.7053712025148019,2.0
gap_horizon_5uav_dense_crossing,5016,4.0,True,,NO_RECOVERY,False,,0.7045177678780589,3.0
gap_horizon_5uav_dense_crossing,5016,5.0,True,,NO_RECOVERY,False,,1.362731689762168,4.0
gap_horizon_5uav_dense_crossing,5017,10.0,True,,NO_RECOVERY,False,,4.963619452396403,8.0
gap_horizon_5uav_dense_crossing,5017,1.0,True,,CORRECT_RECOVERY,True,0.2827592436392258,0.2827592436392258,1.0
gap_horizon_5uav_dense_crossing,5017,20.0,True,DELETED,NO_RECOVERY,False,,80.86735596888353,20.0
gap_horizon_5uav_dense_crossing,5017,2.0,True,,CORRECT_RECOVERY,True,0.5897846877978428,0.5897846877978428,2.0
gap_horizon_5uav_dense_crossing,5017,32.0,True,DELETED,NO_RECOVERY,True,,150.45779802141982,28.971428571428575
gap_horizon_5uav_dense_crossing,5017,3.0,True,,NO_RECOVERY,False,,0.8673742857817651,2.0
gap_horizon_5uav_dense_crossing,5017,4.0,True,,NO_RECOVERY,False,,0.808080289429253,3.0
gap_horizon_5uav_dense_crossing,5017,5.0,True,,NO_RECOVERY,False,,0.7577321893935869,4.0
gap_horizon_5uav_dense_crossing,5018,10.0,True,,NO_RECOVERY,False,,4.727535929469748,8.0
gap_horizon_5uav_dense_crossing,5018,1.0,True,,CORRECT_RECOVERY,True,0.278411028004842,0.278411028004842,1.028571428571425
gap_horizon_5uav_dense_crossing,5018,20.0,True,,NO_RECOVERY,False,,69.35627362087045,18.985714285714288
gap_horizon_5uav_dense_crossing,5018,2.0,True,,NO_RECOVERY,False,0.2748019150774995,0.1777831559812614,1.0
gap_horizon_5uav_dense_crossing,5018,32.0,True,DELETED,NO_RECOVERY,True,,144.23607495206554,28.971428571428575
gap_horizon_5uav_dense_crossing,5018,3.0,True,,NO_RECOVERY,False,,0.7652651207276823,2.0
gap_horizon_5uav_dense_crossing,5018,4.0,True,,NO_RECOVERY,False,,1.0241105717507357,3.0
gap_horizon_5uav_dense_crossing,5018,5.0,True,,NO_RECOVERY,False,,1.1195940219847542,3.0
gap_horizon_5uav_dense_crossing,5019,10.0,True,,NO_RECOVERY,False,,5.107011914481495,8.0
gap_horizon_5uav_dense_crossing,5019,1.0,True,,NO_RECOVERY,True,0.686228695784684,0.686228695784684,1.0
gap_horizon_5uav_dense_crossing,5019,20.0,True,,NO_RECOVERY,False,,70.70987018082256,19.0
gap_horizon_5uav_dense_crossing,5019,2.0,True,,NO_RECOVERY,False,0.8107578729317625,,
gap_horizon_5uav_dense_crossing,5019,32.0,True,DELETED,NO_RECOVERY,True,,153.58908188300757,30.0
gap_horizon_5uav_dense_crossing,5019,3.0,True,,NO_RECOVERY,False,,0.8072041899906737,1.0
gap_horizon_5uav_dense_crossing,5019,4.0,True,,NO_RECOVERY,False,,0.5634360873888795,2.0
gap_horizon_5uav_dense_crossing,5019,5.0,True,,NO_RECOVERY,False,,1.2806945207459524,3.0
gap_horizon_5uav_dense_crossing,5020,10.0,True,,NO_RECOVERY,False,,4.2541373346305305,8.0
gap_horizon_5uav_dense_crossing,5020,1.0,True,,CORRECT_RECOVERY,True,0.4324234808299653,0.4324234808299653,1.0
gap_horizon_5uav_dense_crossing,5020,20.0,True,DELETED,NO_RECOVERY,False,,80.39041584334326,20.0
gap_horizon_5uav_dense_crossing,5020,2.0,True,,NO_RECOVERY,True,0.8832793346266201,0.8832793346266201,2.0
gap_horizon_5uav_dense_crossing,5020,32.0,True,DELETED,NO_RECOVERY,True,,155.51559280308697,30.0
gap_horizon_5uav_dense_crossing,5020,3.0,True,,NO_RECOVERY,False,,0.6997474515753064,2.0
gap_horizon_5uav_dense_crossing,5020,4.0,True,,NO_RECOVERY,False,,0.3886578979495796,3.0
gap_horizon_5uav_dense_crossing,5020,5.0,True,,NO_RECOVERY,False,,1.1732223821647059,4.0
