scenario,seed,gap_s,config_hash,derived_input_sha256,reconciliation_outcome,pre_gap_final_id,post_gap_final_id,post_gap_majority_target,number_of_segments,number_of_gtm_candidates,number_of_gtm_assignments,number_of_reconciliations,number_of_reconstructed_epochs,recon_num_samples,recon_mean_position_error_m,recon_max_position_error_m
gap_horizon_1uav_maneuver,5001,10.0,ab638f3173d91cafb7ed29de974aa01634768e8d4c1ede7d519c0693ee4eaebc,ff918ebea2dc1620a5f1199a9c228a8238acea187da001f8ded661adb6770285,NO_RECONCILIATION,10,2,uav_1,21,441,16,16,169,10,8.587750246291739,11.500258016270793
gap_horizon_1uav_maneuver,5001,11.0,ab638f3173d91cafb7ed29de974aa01634768e8d4c1ede7d519c0693ee4eaebc,b82bf7b1ebb77b0fb7d3219633d1a1f3904c965d8e21c6cafbaa8673a7ecbbf5,NO_RECONCILIATION,10,2,uav_1,21,441,16,16,170,11,4.644504560338015,7.906678773766636
gap_horizon_1uav_maneuver,5001,12.0,ab638f3173d91cafb7ed29de974aa01634768e8d4c1ede7d519c0693ee4eaebc,8c15e7282c7faf2322f263a868c53442b4a3fd10f257547069dca5ba9276bbf0,CORRECT_RECONCILIATION,0,0,uav_1,19,361,14,14,131,12,2.7011083229814297,3.3275161760622427
gap_horizon_1uav_maneuver,5001,13.0,ab638f3173d91cafb7ed29de974aa01634768e8d4c1ede7d519c0693ee4eaebc,0ee109bf2a78cfe6fec8eaf8d4277e3b5e579382607cb682e7a99c0083ff4b1b,NO_RECONCILIATION,1,0,uav_1,18,324,13,13,132,,,
gap_horizon_1uav_maneuver,5001,14.0,ab638f3173d91cafb7ed29de974aa01634768e8d4c1ede7d519c0693ee4eaebc,73fa697034c3ca23a5c78742798a1a3daaf1ec750dbefb990da6669709239c5b,CORRECT_RECONCILIATION,1,1,uav_1,18,324,13,13,128,14,2.0510682636227844,3.3148494567096476
gap_horizon_1uav_maneuver,5001,15.0,ab638f3173d91cafb7ed29de974aa01634768e8d4c1ede7d519c0693ee4eaebc,b6ad743b6f3b3186c9f903f78b607d7ab6157e7f873ad0bf86bf9975c6d7adda,NO_RECONCILIATION,1,0,uav_1,18,324,13,13,132,,,
gap_horizon_1uav_maneuver,5001,16.0,ab638f3173d91cafb7ed29de974aa01634768e8d4c1ede7d519c0693ee4eaebc,8901f1740a606008926738b29d86987ce3e745c47af22063700b1305841dbcd0,NO_RECONCILIATION,1,0,uav_1,18,324,13,13,132,,,
gap_horizon_1uav_maneuver,5001,17.0,ab638f3173d91cafb7ed29de974aa01634768e8d4c1ede7d519c0693ee4eaebc,d2537f84f66353c4d86a2b71cba378df4ea2cd26fc51c1d031e8bd7e42463abf,NO_RECONCILIATION,1,0,uav_1,18,324,13,13,132,,,
gap_horizon_1uav_maneuver,5001,18.0,ab638f3173d91cafb7ed29de974aa01634768e8d4c1ede7d519c0693ee4eaebc,9216f0d60790e5c1c6601aecccfedde306e88444f5abe66c4bd71725c2894acb,NO_RECONCILIATION,1,0,uav_1,18,324,13,13,132,,,
gap_horizon_1uav_maneuver,5001,19.0,ab638f3173d91cafb7ed29de974aa01634768e8d4c1ede7d519c0693ee4eaebc,d5986918a07caab3e81cc8557291eed320ace312ac352331fb8bd8b346833f51,CORRECT_RECONCILIATION,0,0,uav_1,18,324,13,13,133,19,2.352097385702415,3.3555063807273764
gap_horizon_1uav_maneuver,5001,1.0,ab638f3173d91cafb7ed29de974aa01634768e8d4c1ede7d519c0693ee4eaebc,b2fa1973793e4f1affa23efe09cc5300b66653caa4e60fb349c0b2a762c55289,NO_RECONCILIATION,10,0,uav_1,24,576,20,20,195,1,5.537609304990779,5.537609304990779
gap_horizon_1uav_maneuver,5001,20.0,ab638f3173d91cafb7ed29de974aa01634768e8d4c1ede7d519c0693ee4eaebc,2eb46bbb94776d4fd9d34e6deabb2ddb75e9c3825ab38939fc71008f422ca422,NO_RECONCILIATION,0,11,uav_1,17,289,11,11,111,,,
gap_horizon_1uav_maneuver,5001,21.0,ab638f3173d91cafb7ed29de974aa01634768e8d4c1ede7d519c0693ee4eaebc,288ddc89d82d164d247f7821227f6a8bce77b41bcc8918470bab06c653454155,NO_RECONCILIATION,0,11,uav_1,17,289,11,11,111,,,
gap_horizon_1uav_maneuver,5001,22.0,ab638f3173d91cafb7ed29de974aa01634768e8d4c1ede7d519c0693ee4eaebc,58d957b2acc341a8b3f017e9052c2d65629aba9100100d242b8e05a1a5a4ac74,NO_RECONCILIATION,0,11,uav_1,17,289,11,11,111,,,
gap_horizon_1uav_maneuver,5001,23.0,ab638f3173d91cafb7ed29de974aa01634768e8d4c1ede7d519c0693ee4eaebc,69143f2d92eadf0ca3d98dc97daa3a4347692b45c20bc38362f30949422c2615,NO_RECONCILIATION,0,10,uav_1,16,256,10,10,91,,,
gap_horizon_1uav_maneuver,5001,24.0,ab638f3173d91cafb7ed29de974aa01634768e8d4c1ede7d519c0693ee4eaebc,471eac87b9bb81203419acd17b5427645a8ef2d57344d36d4a2b6336ef627ea3,NO_RECONCILIATION,0,10,uav_1,16,256,10,10,91,,,
gap_horizon_1uav_maneuver,5001,2.0,ab638f3173d91cafb7ed29de974aa01634768e8d4c1ede7d519c0693ee4eaebc,1bc8a15cf33b8e6760afbd792decad1038297939ec40b5c64147f3badccc26d1,CORRECT_RECONCILIATION,1,1,uav_1,24,576,20,20,193,2,3.1061209846888613,3.1556058135827136
gap_horizon_1uav_maneuver,5001,3.0,ab638f3173d91cafb7ed29de974aa01634768e8d4c1ede7d519c0693ee4eaebc,1288954363dda5d5b16364ba8ded42b5ed2d941bddddcf7de138254cc8291f8d,CORRECT_RECONCILIATION,10,10,uav_1,23,529,19,19,190,3,2.3664241219742976,3.155499282570928
gap_horizon_1uav_maneuver,5001,4.0,ab638f3173d91cafb7ed29de974aa01634768e8d4c1ede7d519c0693ee4eaebc,0136579caf6d3c3ec45fad5a6d117ceaa77ff746898ac12a467d1236f846277a,CORRECT_RECONCILIATION,10,10,uav_1,23,529,18,18,169,4,3.1751084579073106,3.292795488546256
gap_horizon_1uav_maneuver,5001,5.0,ab638f3173d91cafb7ed29de974aa01634768e8d4c1ede7d519c0693ee4eaebc,bbd42df18282319485c35f63d1779fea6a35d55872741ba34609577fe48a546b,CORRECT_RECONCILIATION,10,10,uav_1,22,484,17,17,164,5,3.0227448633076555,3.220116264829168
gap_horizon_1uav_maneuver,5001,6.0,ab638f3173d91cafb7ed29de974aa01634768e8d4c1ede7d519c0693ee4eaebc,4f15ddbfedfd65963c835ee5c43d0c0f65ac21ed2a7bb200c61659d918b79bb8,NO_RECONCILIATION,10,2,uav_1,22,484,17,17,168,6,4.239719924881618,7.322236785779758
gap_horizon_1uav_maneuver,5001,7.0,ab638f3173d91cafb7ed29de974aa01634768e8d4c1ede7d519c0693ee4eaebc,467764744843a298593315f6c69e20db3a278cd324da65535ee457ffcea8936f,NO_RECONCILIATION,10,2,uav_1,22,484,17,17,169,7,5.637203847165826,8.398399858321959
gap_horizon_1uav_maneuver,5001,8.0,ab638f3173d91cafb7ed29de974aa01634768e8d4c1ede7d519c0693ee4eaebc,12113a00bc58e8eeac0a841792b76d8122acdd50e513b6a733a760cf279c7a85,NO_RECONCILIATION,10,2,uav_1,22,484,17,17,170,8,4.134658152425436,7.440693298114958
gap_horizon_1uav_maneuver,5001,9.0,ab638f3173d91cafb7ed29de974aa01634768e8d4c1ede7d519c0693ee4eaebc,824a2943eafc19553a18855de74c818959f52b66b704032af75ff2514bd952b5,NO_RECONCILIATION,10,2,uav_1,21,441,16,16,168,9,5.300334832491845,8.787802553404283
gap_horizon_1uav_maneuver,5002,10.0,ab638f3173d91cafb7ed29de974aa01634768e8d4c1ede7d519c0693ee4eaebc,4c3ac5ca3e9d158d8ca2bd4906a15806baf563343cddf85e0b568f4c0c1934e1,NO_RECONCILIATION,4,10,uav_1,24,576,17,17,172,,,
gap_horizon_1uav_maneuver,5002,11.0,ab638f3173d91cafb7ed29de974aa01634768e8d4c1ede7d519c0693ee4eaebc,843c8f22058193ad458748a1a5ced69763a7ad40608ff581cd0bc7ffbf7c44ab,NO_RECONCILIATION,4,10,uav_1,24,576,17,17,171,11,4.02928362937559,7.18870752623768
gap_horizon_1uav_maneuver,5002,12.0,ab638f3173d91cafb7ed29de974aa01634768e8d4c1ede7d519c0693ee4eaebc,49d781cf4c5c626965c9917916063dd243e52a7b0697c8dfb4b82dfa00ada800,NO_RECONCILIATION,4,10,uav_1,24,576,17,17,172,12,5.3756491067209815,7.7126265903841125
gap_horizon_1uav_maneuver,5002,13.0,ab638f3173d91cafb7ed29de974aa01634768e8d4c1ede7d519c0693ee4eaebc,960862023e47e9d9ac518eb2fe8da5bf2f0e6bcf0b35180f76bec552bf144be7,CORRECT_RECONCILIATION,0,0,uav_1,22,484,15,15,163,13,2.063065748461042,2.7195054082397125
gap_horizon_1uav_maneuver,5002,14.0,ab638f3173d91cafb7ed29de974aa01634768e8d4c1ede7d519c0693ee4eaebc,5e9d4d52879dec19c92fc6edc58e05ef271bc4ddb7ff023836494b537caa7262,CORRECT_RECONCILIATION,0,0,uav_1,22,484,15,15,164,14,2.8319317442215213,3.3465770764453153
gap_horizon_1uav_maneuver,5002,15.0,ab638f3173d91cafb7ed29de974aa01634768e8d4c1ede7d519c0693ee4eaebc,73f2168476db38db2a9a3773977dd3e729af9b16d0e9eb806a06e189ca394a84,CORRECT_RECONCILIATION,0,0,uav_1,22,484,15,15,165,15,3.622375412196928,4.3835235791225795
gap_horizon_1uav_maneuver,5002,16.0,ab638f3173d91cafb7ed29de974aa01634768e8d4c1ede7d519c0693ee4eaebc,c52f3bf7bc1fa0227a8cbcecd1738d201d49e26b4996929c8144fe328baf3e36,CORRECT_RECONCILIATION,0,0,uav_1,22,484,15,15,166,16,2.9265986015554364,3.445316186423412
gap_horizon_1uav_maneuver,5002,17.0,ab638f3173d91cafb7ed29de974aa01634768e8d4c1ede7d519c0693ee4eaebc,748cdaa7c2db58914aa4ac34434282a3727dff281146ca0153f7efc16a2292f0,CORRECT_RECONCILIATION,0,0,uav_1,22,484,15,15,167,17,2.141080006061009,3.296132276450259
gap_horizon_1uav_maneuver,5002,18.0,ab638f3173d91cafb7ed29de974aa01634768e8d4c1ede7d519c0693ee4eaebc,39a3a80c036208a5b5a35b8bf67f869d180909d66fab77198a0c6095ba4530a4,CORRECT_RECONCILIATION,0,0,uav_1,21,441,13,13,125,18,3.1709029601158267,4.149467378585338
gap_horizon_1uav_maneuver,5002,19.0,ab638f3173d91cafb7ed29de974aa01634768e8d4c1ede7d519c0693ee4eaebc,df970365c11830115724b19d7f11e1916c37af7fecdaa523e46f4e2fd0526f3e,CORRECT_RECONCILIATION,0,0,uav_1,21,441,13,13,126,19,3.540876198490669,4.389790849863768
gap_horizon_1uav_maneuver,5002,1.0,ab638f3173d91cafb7ed29de974aa01634768e8d4c1ede7d519c0693ee4eaebc,dc719d16a8e2c099dd7caac714232a8dc61546e8c35defb7568d8d5e83b60997,NO_RECONCILIATION,0,4,uav_1,27,729,20,20,169,,,
gap_horizon_1uav_maneuver,5002,20.0,ab638f3173d91cafb7ed29de974aa01634768e8d4c1ede7d519c0693ee4eaebc,0b13f19000dc3154d98d76693967003beeccfa1330fa9f014a9f190ccb5825ad,NO_RECONCILIATION,0,15,uav_1,21,441,12,12,107,,,
gap_horizon_1uav_maneuver,5002,21.0,ab638f3173d91cafb7ed29de974aa01634768e8d4c1ede7d519c0693ee4eaebc,4cb9f6897f1d93a1c39378441cba494bc84dc92df4ec8b08e4e0f198ac7eff32,NO_RECONCILIATION,0,15,uav_1,21,441,12,12,107,,,
gap_horizon_1uav_maneuver,5002,22.0,ab638f3173d91cafb7ed29de974aa01634768e8d4c1ede7d519c0693ee4eaebc,db2d138948f37c747a55890991133bb3c919d240a8818a2acf540dfc9c3fd047,NO_RECONCILIATION,0,15,uav_1,21,441,12,12,107,,,
gap_horizon_1uav_maneuver,5002,23.0,ab638f3173d91cafb7ed29de974aa01634768e8d4c1ede7d519c0693ee4eaebc,235c6f2e820f0cd66719d762cdc989e2f55ead347c3f9c4dbb7de47b82f0ef84,NO_RECONCILIATION,0,15,uav_1,21,441,12,12,107,,,
gap_horizon_1uav_maneuver,5002,24.0,ab638f3173d91cafb7ed29de974aa01634768e8d4c1ede7d519c0693ee4eaebc,3cf1b5eaf6a597e10cb8f4b23894fb5bab724ddd1f0022826d5761eae9adf85f,NO_RECONCILIATION,0,14,uav_1,20,400,11,11,97,,,
gap_horizon_1uav_maneuver,5002,2.0,ab638f3173d91cafb7ed29de974aa01634768e8d4c1ede7d519c0693ee4eaebc,b0a26b5d85ab3b8f3853601244d4c30df8b922d5fe660b8e6bacea444cedd889,NO_RECONCILIATION,0,4,uav_1,27,729,20,20,169,,,
gap_horizon_1uav_maneuver,5002,3.0,ab638f3173d91cafb7ed29de974aa01634768e8d4c1ede7d519c0693ee4eaebc,3efa4c0be36b20ff6266f6a701db3e6c52d8e882cd1a7fdefa3a75e26147f554,NO_RECONCILIATION,0,4,uav_1,27,729,20,20,169,,,
gap_horizon_1uav_maneuver,5002,4.0,ab638f3173d91cafb7ed29de974aa01634768e8d4c1ede7d519c0693ee4eaebc,d1d0f3a32682957e6164a183956794005da5523141f3b16de3784fcf459f00f3,CORRECT_RECONCILIATION,0,0,uav_1,27,729,20,20,169,4,1.7828909162164022,2.2561905712281183
gap_horizon_1uav_maneuver,5002,5.0,ab638f3173d91cafb7ed29de974aa01634768e8d4c1ede7d519c0693ee4eaebc,ef2910fd84cd7507f8b64bc5db73a2a7d23df1028df969091a0c78aa18967735,CORRECT_RECONCILIATION,0,0,uav_1,27,729,20,20,170,5,1.9571876294929929,2.2562536600307626
gap_horizon_1uav_maneuver,5002,6.0,ab638f3173d91cafb7ed29de974aa01634768e8d4c1ede7d519c0693ee4eaebc,ed542067396501f51c7899d1ad01cd3ad2bc59aef686758ddbad061f0e1b072c,NO_RECONCILIATION,10,4,uav_1,27,729,20,20,170,,,
gap_horizon_1uav_maneuver,5002,7.0,ab638f3173d91cafb7ed29de974aa01634768e8d4c1ede7d519c0693ee4eaebc,edcb78fb6632eefea890b99731650bb1f2cccc3801c4f3507285134aed1f699a,NO_RECONCILIATION,4,10,uav_1,26,676,19,19,171,,,
gap_horizon_1uav_maneuver,5002,8.0,ab638f3173d91cafb7ed29de974aa01634768e8d4c1ede7d519c0693ee4eaebc,2283174f2f4f9b4b5fc3c25d36711de49883d915ecfee02dd78466a21738c047,NO_RECONCILIATION,4,10,uav_1,25,625,18,18,167,8,4.757334956810977,6.848690862036806
gap_horizon_1uav_maneuver,5002,9.0,ab638f3173d91cafb7ed29de974aa01634768e8d4c1ede7d519c0693ee4eaebc,22a40dcc4891c50e6e2fda88b376bb5298e30b0cb1e1d0536030881cc68dbd3b,CORRECT_RECONCILIATION,4,4,uav_1,25,625,18,18,168,9,2.339069779290506,3.6038928046955316
gap_horizon_1uav_maneuver,5003,10.0,ab638f3173d91cafb7ed29de974aa01634768e8d4c1ede7d519c0693ee4eaebc,ce56b2bbf1407449e36c7d320d7a49867c1481d5bcbc554054ae4228b6804d81,NO_RECONCILIATION,0,3,uav_1,19,361,12,12,152,10,7.712058640074619,11.919069620643674
gap_horizon_1uav_maneuver,5003,11.0,ab638f3173d91cafb7ed29de974aa01634768e8d4c1ede7d519c0693ee4eaebc,d93f8a0612f6f9fd3b80f09d415e9f84f9910b172718e6b03652d25c1f6631da,NO_RECONCILIATION,0,3,uav_1,19,361,12,12,153,11,4.811660496163884,10.454686395970379
gap_horizon_1uav_maneuver,5003,12.0,ab638f3173d91cafb7ed29de974aa01634768e8d4c1ede7d519c0693ee4eaebc,4a637b5d5fc988c1861c7fbe0bab92c0be7396f1f29bcf101a13ae5ae51053a8,NO_RECONCILIATION,0,3,uav_1,19,361,12,12,154,12,7.292299580655116,11.696086101213364
gap_horizon_1uav_maneuver,5003,13.0,ab638f3173d91cafb7ed29de974aa01634768e8d4c1ede7d519c0693ee4eaebc,6720ac4797ec7291f8e131f3d1c9cf7897cb3ce975c2f970e4d89f4a202ae2fd,NO_RECONCILIATION,0,3,uav_1,19,361,12,12,150,13,5.3504136639188,6.021909579699989
gap_horizon_1uav_maneuver,5003,14.0,ab638f3173d91cafb7ed29de974aa01634768e8d4c1ede7d519c0693ee4eaebc,0e0d33cf816f08ecbbed7689d5470bd44347f647e15d9fac242789b4398ea05f,NO_RECONCILIATION,0,3,uav_1,19,361,12,12,156,14,7.820574282879799,12.828164893798183
gap_horizon_1uav_maneuver,5003,15.0,ab638f3173d91cafb7ed29de974aa01634768e8d4c1ede7d519c0693ee4eaebc,29e4b9b5d1ffd2166c0dcd7db039958b58686ff96e162f0a8b69ba98e6cad07e,NO_RECONCILIATION,0,3,uav_1,19,361,12,12,152,15,3.805455526434298,6.0287232760579075
gap_horizon_1uav_maneuver,5003,16.0,ab638f3173d91cafb7ed29de974aa01634768e8d4c1ede7d519c0693ee4eaebc,64675bf3e664ad20d0a3c297ff9a222ad7faa2c6c700549cf65aa1cd2bdab8ac,NO_RECONCILIATION,0,3,uav_1,19,361,12,12,153,16,3.1111745826993227,6.004910711521647
gap_horizon_1uav_maneuver,5003,17.0,ab638f3173d91cafb7ed29de974aa01634768e8d4c1ede7d519c0693ee4eaebc,f7eb2e7cc2db6271a3b15637105bfd2ed46071e583e285320af8101f4f4b63ba,NO_RECONCILIATION,0,3,uav_1,19,361,12,12,154,17,4.450972662279208,5.998580428397906
gap_horizon_1uav_maneuver,5003,18.0,ab638f3173d91cafb7ed29de974aa01634768e8d4c1ede7d519c0693ee4eaebc,c15e52b19ced1ae9bf8effef820004c91c8641653b04bd981cf1fbc94cd64128,NO_RECONCILIATION,0,3,uav_1,19,361,12,12,155,18,5.07368463562405,6.17999569092467
gap_horizon_1uav_maneuver,5003,19.0,ab638f3173d91cafb7ed29de974aa01634768e8d4c1ede7d519c0693ee4eaebc,defb9d6487ddf37b0832c79f5bcdbaf06a1f96ca527acb324c21459597db04a4,NO_RECONCILIATION,0,3,uav_1,19,361,12,12,156,19,7.649911366516938,9.01276099321147
gap_horizon_1uav_maneuver,5003,1.0,ab638f3173d91cafb7ed29de974aa01634768e8d4c1ede7d519c0693ee4eaebc,d87757ce140af83e2daa08aa20d921db92938fb2fc78a24036ab26e4878388fe,CORRECT_RECONCILIATION,13,13,uav_1,22,484,15,15,146,1,2.458956879717712,2.458956879717712
gap_horizon_1uav_maneuver,5003,20.0,ab638f3173d91cafb7ed29de974aa01634768e8d4c1ede7d519c0693ee4eaebc,ec6ef6c7824a317064e9943087822437339e52471bc7bc4669b4180a6a1a8d48,NO_RECONCILIATION,0,11,uav_1,19,361,10,10,118,,,
gap_horizon_1uav_maneuver,5003,21.0,ab638f3173d91cafb7ed29de974aa01634768e8d4c1ede7d519c0693ee4eaebc,1138559e00a975ee0a9c0b7f101afff9af9e5a848d816b6a257c5b1cb5d474b9,NO_RECONCILIATION,3,10,uav_1,18,324,9,9,101,,,
gap_horizon_1uav_maneuver,5003,22.0,ab638f3173d91cafb7ed29de974aa01634768e8d4c1ede7d519c0693ee4eaebc,9783cd6d7150866d43f6dd0b96aa60a6b43005201dcbabbc260bdf795198b586,NO_RECONCILIATION,3,10,uav_1,18,324,9,9,101,,,
gap_horizon_1uav_maneuver,5003,23.0,ab638f3173d91cafb7ed29de974aa01634768e8d4c1ede7d519c0693ee4eaebc,53d3e2940859eee8d63319d66a3cd13fa18b84815199ce82575bfb4efce6bc8e,NO_RECONCILIATION,3,10,uav_1,18,324,9,9,101,,,
gap_horizon_1uav_maneuver,5003,24.0,ab638f3173d91cafb7ed29de974aa01634768e8d4c1ede7d519c0693ee4eaebc,84b9172a10905c6cb2ab1e45e889aef0b15a13e9143965149239c363b214f3cf,NO_RECONCILIATION,3,10,uav_1,18,324,9,9,101,,,
gap_horizon_1uav_maneuver,5003,2.0,ab638f3173d91cafb7ed29de974aa01634768e8d4c1ede7d519c0693ee4eaebc,19caafaf684efaf18fa01b48668b44bf5951723c8d9d37b6bfe9f2596028c9f4,NO_RECONCILIATION,13,3,uav_1,22,484,15,15,164,2,3.919121068453026,4.0695685944185405
gap_horizon_1uav_maneuver,5003,3.0,ab638f3173d91cafb7ed29de974aa01634768e8d4c1ede7d519c0693ee4eaebc,ae55fb842af3c7cb05f662f8927050b21fc2294004f9eb098c5cc0bc918d5f26,CORRECT_RECONCILIATION,13,13,uav_1,22,484,15,15,148,3,2.0526122114103185,2.4607583174355634
gap_horizon_1uav_maneuver,5003,4.0,ab638f3173d91cafb7ed29de974aa01634768e8d4c1ede7d519c0693ee4eaebc,0d61278f6532c9e9d6a2ddad9f693b39bf4fa4ab8f4587b73d2f65e832b436d5,CORRECT_RECONCILIATION,12,12,uav_1,21,441,14,14,152,4,2.1462599542673217,2.4607263958591887
gap_horizon_1uav_maneuver,5003,5.0,ab638f3173d91cafb7ed29de974aa01634768e8d4c1ede7d519c0693ee4eaebc,6e8a3d5e989b9fe1b1d183e343d4a34d9f23f2bffe1cf07a58e657228a56bc07,NO_RECONCILIATION,12,3,uav_1,21,441,14,14,152,5,5.235536168560879,5.866222417412307
gap_horizon_1uav_maneuver,5003,6.0,ab638f3173d91cafb7ed29de974aa01634768e8d4c1ede7d519c0693ee4eaebc,3373a3d5e05cf3814d179e13e257682c1a130af6a7292f1f0c2f58af94107032,CORRECT_RECONCILIATION,0,0,uav_1,21,441,14,14,154,6,2.317299460365331,2.4607805328358863
gap_horizon_1uav_maneuver,5003,7.0,ab638f3173d91cafb7ed29de974aa01634768e8d4c1ede7d519c0693ee4eaebc,f6f9a7d7f4e364881ab05d9776b63d21b205eeba4e36db4d64fc083d2720d281,NO_RECONCILIATION,0,12,uav_1,20,400,13,13,149,7,5.98404678235129,9.632210524640001
gap_horizon_1uav_maneuver,5003,8.0,ab638f3173d91cafb7ed29de974aa01634768e8d4c1ede7d519c0693ee4eaebc,e26e31ea4305b0af87623318ab07fd5e4f435be97e4302d082743ba21412d7f0,NO_RECONCILIATION,0,12,uav_1,20,400,13,13,150,8,6.692704944900479,10.589800945214524
gap_horizon_1uav_maneuver,5003,9.0,ab638f3173d91cafb7ed29de974aa01634768e8d4c1ede7d519c0693ee4eaebc,3b2f93383d59a14e4f28801e573ab881c239a2c715d73bc57cefa2102c03f1cd,NO_RECONCILIATION,0,3,uav_1,19,361,12,12,146,9,5.210019132380729,6.046133247963724
gap_horizon_1uav_maneuver,5004,10.0,ab638f3173d91cafb7ed29de974aa01634768e8d4c1ede7d519c0693ee4eaebc,50024410f4299530a3082c473bae4c1f8cf954e9121f2d632ce077fd1c0d1013,NO_RECONCILIATION,0,2,uav_1,21,441,17,17,171,10,2.8234907380833514,4.761215815736571
gap_horizon_1uav_maneuver,5004,11.0,ab638f3173d91cafb7ed29de974aa01634768e8d4c1ede7d519c0693ee4eaebc,b334c036967628c108a3f40a4255ad298e2ec53ab4de3d9fb39a508ca70d44d9,NO_RECONCILIATION,1,2,uav_1,20,400,16,16,141,11,4.2198986466446575,5.12447264101764
gap_horizon_1uav_maneuver,5004,12.0,ab638f3173d91cafb7ed29de974aa01634768e8d4c1ede7d519c0693ee4eaebc,531981c508bbc25a107323e7713a93a17ceec7f8d715d8f085e623ab6cb6db39,NO_RECONCILIATION,1,2,uav_1,20,400,16,16,142,12,4.581645511971995,5.42301719707968
gap_horizon_1uav_maneuver,5004,13.0,ab638f3173d91cafb7ed29de974aa01634768e8d4c1ede7d519c0693ee4eaebc,fc4b66b611f2ccce4c22dec232907c5db10c2323eca1d1da25f0c200f5a23612,NO_RECONCILIATION,1,2,uav_1,20,400,16,16,143,13,3.321558171076387,5.058801632512603
gap_horizon_1uav_maneuver,5004,14.0,ab638f3173d91cafb7ed29de974aa01634768e8d4c1ede7d519c0693ee4eaebc,73f4585c042309ebcdc30c4065d7f8bee5df99194f692f7ed39011b9c022a8f8,NO_RECONCILIATION,1,2,uav_1,20,400,16,16,144,14,4.014009626404604,5.281222476142766
gap_horizon_1uav_maneuver,5004,15.0,ab638f3173d91cafb7ed29de974aa01634768e8d4c1ede7d519c0693ee4eaebc,8e3826b811c6a6953042d453084b5c58423c6f0b9b6b309abed2d5be27449e54,NO_RECONCILIATION,1,2,uav_1,20,400,16,16,145,15,2.962661547850471,5.22434272152284
gap_horizon_1uav_maneuver,5004,16.0,ab638f3173d91cafb7ed29de974aa01634768e8d4c1ede7d519c0693ee4eaebc,cf1ae99cd1f4ca70f848d82487e07ca1396599dd6be44d967d38752283ec53b3,NO_RECONCILIATION,1,2,uav_1,20,400,16,16,146,16,4.770401318891398,5.429360801876128
gap_horizon_1uav_maneuver,5004,17.0,ab638f3173d91cafb7ed29de974aa01634768e8d4c1ede7d519c0693ee4eaebc,747b291722f39a49e4541dcce838a3b628e1a0b88dae0ea40cb910d06a030b9e,NO_RECONCILIATION,1,2,uav_1,20,400,16,16,147,17,3.2332522351638224,5.1945682406828295
gap_horizon_1uav_maneuver,5004,18.0,ab638f3173d91cafb7ed29de974aa01634768e8d4c1ede7d519c0693ee4eaebc,658ed93cdb70ac599373c22f81c10a9a81bf024501496d0e2e0e12f0ebca5690,CORRECT_RECONCILIATION,1,1,uav_1,20,400,15,15,128,18,2.84896568218767,3.736913745070667
gap_horizon_1uav_maneuver,5004,19.0,ab638f3173d91cafb7ed29de974aa01634768e8d4c1ede7d519c0693ee4eaebc,06f00069a39e0a2e79b69e65268bda380d651a5075bff07e0d2808e92c2b0c38,CORRECT_RECONCILIATION,1,1,uav_1,20,400,15,15,129,19,2.23240177173104,3.67394902829831
gap_horizon_1uav_maneuver,5004,1.0,ab638f3173d91cafb7ed29de974aa01634768e8d4c1ede7d519c0693ee4eaebc,d55371595ae27ae919ea0192b0300b73b34c03f3c31a54d13c7932d03088be57,CORRECT_RECONCILIATION,2,2,uav_1,22,484,18,18,159,1,3.4522502879253683,3.4522502879253683
gap_horizon_1uav_maneuver,5004,20.0,ab638f3173d91cafb7ed29de974aa01634768e8d4c1ede7d519c0693ee4eaebc,5e3114b46c68826032bf829fe4683a7b94d34449cebb8b39d20f4cc60a4c069e,NO_RECONCILIATION,2,14,uav_1,19,361,13,13,107,,,
gap_horizon_1uav_maneuver,5004,21.0,ab638f3173d91cafb7ed29de974aa01634768e8d4c1ede7d519c0693ee4eaebc,e3317a85a612e066239bde6cb8fba53f956f028aea8c907bcc3e4988c833c556,NO_RECONCILIATION,2,14,uav_1,19,361,13,13,107,,,
gap_horizon_1uav_maneuver,5004,22.0,ab638f3173d91cafb7ed29de974aa01634768e8d4c1ede7d519c0693ee4eaebc,86a8b8cbdc5239cf8911eacde59b5296e6f5c7be3bd2dc61a068a60ae68fdc59,NO_RECONCILIATION,2,14,uav_1,19,361,13,13,107,,,
gap_horizon_1uav_maneuver,5004,23.0,ab638f3173d91cafb7ed29de974aa01634768e8d4c1ede7d519c0693ee4eaebc,de677e70e658303b85dd3c0d0e9fd0267775125d16bba5d055e37ba5717fc160,NO_RECONCILIATION,1,13,uav_1,18,324,12,12,100,,,
gap_horizon_1uav_maneuver,5004,24.0,ab638f3173d91cafb7ed29de974aa01634768e8d4c1ede7d519c0693ee4eaebc,2f9c6303ecb94327e4e43e4e8590858275502a56d24458139a13b87e094dc532,NO_RECONCILIATION,1,13,uav_1,18,324,12,12,100,,,
gap_horizon_1uav_maneuver,5004,2.0,ab638f3173d91cafb7ed29de974aa01634768e8d4c1ede7d519c0693ee4eaebc,161c004236da10ba23f35f4d8f5dc763667bc90d2675a342fba3f28a5a2b13bc,NO_RECONCILIATION,2,1,uav_1,22,484,18,18,160,2,4.142752861372387,4.482591407939159
gap_horizon_1uav_maneuver,5004,3.0,ab638f3173d91cafb7ed29de974aa01634768e8d4c1ede7d519c0693ee4eaebc,f65493fdd6793edd2d0b8a8afc4e20bf3df0063f3a3ae482562143ad8ebd7ede,NO_RECONCILIATION,2,0,uav_1,22,484,18,18,161,3,4.790802601732648,5.051116632806308
gap_horizon_1uav_maneuver,5004,4.0,ab638f3173d91cafb7ed29de974aa01634768e8d4c1ede7d519c0693ee4eaebc,29d9183b34c2a40bb1837fc053898d4f775ed1b7c2524f322243fd757411fbfa,CORRECT_RECONCILIATION,2,2,uav_1,22,484,18,18,163,4,2.6635112893461863,3.4510811625654174
gap_horizon_1uav_maneuver,5004,5.0,ab638f3173d91cafb7ed29de974aa01634768e8d4c1ede7d519c0693ee4eaebc,5e9dc2f319aa8ddbc491aac8e09fdf934e0abce4e4b9f9827fb2d80a2ec1a601,NO_RECONCILIATION,0,2,uav_1,21,441,17,17,164,5,2.5454888575654957,4.329261511985595
gap_horizon_1uav_maneuver,5004,6.0,ab638f3173d91cafb7ed29de974aa01634768e8d4c1ede7d519c0693ee4eaebc,e5f49053db9ebf9623cded45adf25403b9346ee53c33ff08743fbab0c53299c7,NO_RECONCILIATION,0,2,uav_1,21,441,17,17,165,6,5.607366785170213,11.33535330980598
gap_horizon_1uav_maneuver,5004,7.0,ab638f3173d91cafb7ed29de974aa01634768e8d4c1ede7d519c0693ee4eaebc,2761288f77b7fa14356adc9d86f2fd1f4856d1fe732292fa582f7fb1951525bf,NO_RECONCILIATION,0,2,uav_1,21,441,17,17,166,7,4.068790204900257,4.917587755882698
gap_horizon_1uav_maneuver,5004,8.0,ab638f3173d91cafb7ed29de974aa01634768e8d4c1ede7d519c0693ee4eaebc,ca9f4607a2af2261e532d9441e96e8bc341d2397957f01ba146b8263857c1594,NO_RECONCILIATION,0,2,uav_1,21,441,17,17,167,8,5.054350820360767,5.2879328033559165
gap_horizon_1uav_maneuver,5004,9.0,ab638f3173d91cafb7ed29de974aa01634768e8d4c1ede7d519c0693ee4eaebc,60d965543b1ea893c7c43f43fc40d1a0480bfc205b98ddcb4479239aff43204c,NO_RECONCILIATION,1,2,uav_1,21,441,17,17,169,9,3.9159061610676784,5.063222510358913
gap_horizon_1uav_maneuver,5005,10.0,ab638f3173d91cafb7ed29de974aa01634768e8d4c1ede7d519c0693ee4eaebc,7023afeced2cbc33fc1a2c67d8839fe9bb28493768e952eb69c9eb206231d5e0,CORRECT_RECONCILIATION,3,3,uav_1,22,484,17,17,158,10,4.270823942525186,5.650186282901133
gap_horizon_1uav_maneuver,5005,11.0,ab638f3173d91cafb7ed29de974aa01634768e8d4c1ede7d519c0693ee4eaebc,559a651bbc15385a807d6824754db6ca5ca18569e222812bf6479073874210e1,CORRECT_RECONCILIATION,3,3,uav_1,22,484,17,17,159,11,6.13741251364327,6.3172771486203665
gap_horizon_1uav_maneuver,5005,12.0,ab638f3173d91cafb7ed29de974aa01634768e8d4c1ede7d519c0693ee4eaebc,baab4c74757c8f9d2dd7f89e5d47fed68c61c4f76797524d012922ad0b393e3a,CORRECT_RECONCILIATION,3,3,uav_1,22,484,17,17,160,12,5.208669985318925,5.818599214940001
gap_horizon_1uav_maneuver,5005,13.0,ab638f3173d91cafb7ed29de974aa01634768e8d4c1ede7d519c0693ee4eaebc,fa86701927f46d6540872073f23c3a474c8a530e9ff89c8ca7302c56520874bc,CORRECT_RECONCILIATION,3,3,uav_1,22,484,17,17,161,13,3.5323312030959104,5.853354224198107
gap_horizon_1uav_maneuver,5005,14.0,ab638f3173d91cafb7ed29de974aa01634768e8d4c1ede7d519c0693ee4eaebc,60088606f0fc29e404a82eb2e6b2450b933b0652118e8dcaa710351b60bcc8e1,CORRECT_RECONCILIATION,3,3,uav_1,22,484,17,17,162,14,4.708147471535525,5.863682253876663
gap_horizon_1uav_maneuver,5005,15.0,ab638f3173d91cafb7ed29de974aa01634768e8d4c1ede7d519c0693ee4eaebc,9bb51a8a9247291be12d9bbe24e94d533ae1b0446675854a84ac96b21d47b12e,CORRECT_RECONCILIATION,3,3,uav_1,22,484,17,17,163,15,3.8135346871054066,5.819135264090024
gap_horizon_1uav_maneuver,5005,16.0,ab638f3173d91cafb7ed29de974aa01634768e8d4c1ede7d519c0693ee4eaebc,4c4ae9657d3056d023cc38b275c22e445cb70589e931bba463641a6bba6a623a,CORRECT_RECONCILIATION,3,3,uav_1,22,484,17,17,164,16,3.892973535013957,5.9581280416188305
gap_horizon_1uav_maneuver,5005,17.0,ab638f3173d91cafb7ed29de974aa01634768e8d4c1ede7d519c0693ee4eaebc,c33a74eb4a981fe524f870eae50aab547b03b3ad86b3227161fa01d47e412b29,CORRECT_RECONCILIATION,3,3,uav_1,22,484,17,17,165,17,5.513056925925564,6.555472791455533
gap_horizon_1uav_maneuver,5005,18.0,ab638f3173d91cafb7ed29de974aa01634768e8d4c1ede7d519c0693ee4eaebc,f4f487b13a47176c6df669f5bb03565a7c42f9f4e0b4c88f2a0a7a0674f6e97c,CORRECT_RECONCILIATION,3,3,uav_1,22,484,17,17,166,18,4.521482122376482,6.333462503551438
gap_horizon_1uav_maneuver,5005,19.0,ab638f3173d91cafb7ed29de974aa01634768e8d4c1ede7d519c0693ee4eaebc,6da31b490366543683c4fa5c8ed8ba7025746faa0c9ed60f1568f5fc4ed70c8e,CORRECT_RECONCILIATION,3,3,uav_1,22,484,17,17,167,19,5.093789948482985,6.527489916525694
gap_horizon_1uav_maneuver,5005,1.0,ab638f3173d91cafb7ed29de974aa01634768e8d4c1ede7d519c0693ee4eaebc,1080e6989f78e2eb3d4aeaeb3b3c73cf3a71d8fc392a622a58e94410930cd988,NO_RECONCILIATION,3,1,uav_1,23,529,18,18,167,,,
gap_horizon_1uav_maneuver,5005,20.0,ab638f3173d91cafb7ed29de974aa01634768e8d4c1ede7d519c0693ee4eaebc,5fdae8fb4be86269238e2ec1112d57b129dfa871378ceacb05b867be7eaf76bb,NO_RECONCILIATION,3,18,uav_1,22,484,16,16,148,,,
gap_horizon_1uav_maneuver,5005,21.0,ab638f3173d91cafb7ed29de974aa01634768e8d4c1ede7d519c0693ee4eaebc,2835e6f1eefb0d86711c90e395d82550623c6e105cdb8bfa8bdc64e7d020abc9,NO_RECONCILIATION,1,17,uav_1,21,441,15,15,128,,,
gap_horizon_1uav_maneuver,5005,22.0,ab638f3173d91cafb7ed29de974aa01634768e8d4c1ede7d519c0693ee4eaebc,daeea1a93ee731a64575fd4b95b5ba97c04f389b5b50fe683ddb00f13dc3416f,NO_RECONCILIATION,1,17,uav_1,21,441,15,15,128,,,
gap_horizon_1uav_maneuver,5005,23.0,ab638f3173d91cafb7ed29de974aa01634768e8d4c1ede7d519c0693ee4eaebc,38e7dd6e05887a87a5ae596d27d1fbd267595def2e2c2de77014c8e9b2da1598,NO_RECONCILIATION,1,17,uav_1,21,441,15,15,128,,,
gap_horizon_1uav_maneuver,5005,24.0,ab638f3173d91cafb7ed29de974aa01634768e8d4c1ede7d519c0693ee4eaebc,cedcab6b2ce7105eb24168adbbc0e2355194becaa80b0f8b5bfdbc1b73952606,NO_RECONCILIATION,1,17,uav_1,21,441,15,15,128,,,
gap_horizon_1uav_maneuver,5005,2.0,ab638f3173d91cafb7ed29de974aa01634768e8d4c1ede7d519c0693ee4eaebc,c448568906f68d9210fb4e022191507c616766aef19a8e0f2c9c78bda76213b3,NO_RECONCILIATION,3,1,uav_1,23,529,18,18,167,,,
gap_horizon_1uav_maneuver,5005,3.0,ab638f3173d91cafb7ed29de974aa01634768e8d4c1ede7d519c0693ee4eaebc,8d9fe27513b2e787061ccadaa6c333b4f96bec23fb1ca0aecc778b8f637ba0c9,CORRECT_RECONCILIATION,3,3,uav_1,23,529,18,18,162,3,4.184308818284031,5.319649447622283
gap_horizon_1uav_maneuver,5005,4.0,ab638f3173d91cafb7ed29de974aa01634768e8d4c1ede7d519c0693ee4eaebc,23e9e4b6cd7ed822f3c3113cb76cbf91c6ba17b8d87a34748ff73dd87ae06016,CORRECT_RECONCILIATION,3,3,uav_1,23,529,18,18,163,4,3.526171160933337,5.319879855725807
gap_horizon_1uav_maneuver,5005,5.0,ab638f3173d91cafb7ed29de974aa01634768e8d4c1ede7d519c0693ee4eaebc,310e239a54b57b23f53b81f6825cdf6c523d04d9761f44e3ba65fe7b3533328c,CORRECT_RECONCILIATION,3,3,uav_1,23,529,18,18,164,5,4.475809010760302,5.407892259949572
gap_horizon_1uav_maneuver,5005,6.0,ab638f3173d91cafb7ed29de974aa01634768e8d4c1ede7d519c0693ee4eaebc,2e7593377347548a218132eff97378c6834d5c360bd7db41496732dc465575a9,CORRECT_RECONCILIATION,3,3,uav_1,23,529,18,18,165,6,3.8007465917670817,5.319942675294607
gap_horizon_1uav_maneuver,5005,7.0,ab638f3173d91cafb7ed29de974aa01634768e8d4c1ede7d519c0693ee4eaebc,3caa8f21d87afd1a81c0d7487c64b84d8234459295d918179a7524544f0366ec,CORRECT_RECONCILIATION,3,3,uav_1,23,529,18,18,166,7,4.172523076332704,5.481153555009907
gap_horizon_1uav_maneuver,5005,8.0,ab638f3173d91cafb7ed29de974aa01634768e8d4c1ede7d519c0693ee4eaebc,96c6cc6b8e8a56dd0cc3e4bb027e3f5a9270167ba0842b75092d92214fc493f3,CORRECT_RECONCILIATION,3,3,uav_1,23,529,18,18,167,8,3.964792713953685,5.352867029413161
gap_horizon_1uav_maneuver,5005,9.0,ab638f3173d91cafb7ed29de974aa01634768e8d4c1ede7d519c0693ee4eaebc,b4b21265ed9e0cd8abcdd63b69d46ac0108beece9a38e5ae796aef42b5176347,CORRECT_RECONCILIATION,3,3,uav_1,22,484,17,17,157,9,4.066720436435519,5.477542263087776
gap_horizon_1uav_maneuver,5006,10.0,ab638f3173d91cafb7ed29de974aa01634768e8d4c1ede7d519c0693ee4eaebc,e18e37706f397f091a5df8d67975aa7f1d621bfd1647a0b0d4f2e01402296043,NO_RECONCILIATION,0,4,uav_1,19,361,14,14,188,10,5.924266139849652,6.773867783461385
gap_horizon_1uav_maneuver,5006,11.0,ab638f3173d91cafb7ed29de974aa01634768e8d4c1ede7d519c0693ee4eaebc,9055bca96c1c2e1c8194e469a651f6f56b07f053423331280a83cbe55a24934e,NO_RECONCILIATION,0,4,uav_1,19,361,14,14,189,11,2.8669982164529344,6.1323332864738855
gap_horizon_1uav_maneuver,5006,12.0,ab638f3173d91cafb7ed29de974aa01634768e8d4c1ede7d519c0693ee4eaebc,b80e69de336aeb7e070e382af468f2e979029dc6007a4189ae130e90738987c7,NO_RECONCILIATION,0,4,uav_1,18,324,13,13,161,12,3.2807342153140553,6.347835020197536
gap_horizon_1uav_maneuver,5006,13.0,ab638f3173d91cafb7ed29de974aa01634768e8d4c1ede7d519c0693ee4eaebc,79b963bd3e8fe5b245f969182544a52872986c75357409cae334ceac4c2a44ba,NO_RECONCILIATION,0,4,uav_1,18,324,13,13,162,13,2.9876591624203153,6.307342951716194
gap_horizon_1uav_maneuver,5006,14.0,ab638f3173d91cafb7ed29de974aa01634768e8d4c1ede7d519c0693ee4eaebc,c7f3f3ebdce52965d8c1aa57e93d104cec8c44e077c97ae4e25cd0628fb52e08,NO_RECONCILIATION,0,4,uav_1,18,324,13,13,163,14,3.955086039534508,6.492384067351045
gap_horizon_1uav_maneuver,5006,15.0,ab638f3173d91cafb7ed29de974aa01634768e8d4c1ede7d519c0693ee4eaebc,08a3ae8744769263a89a375442a49d867a321f0a84be2c4269805343869ed0bd,NO_RECONCILIATION,0,4,uav_1,18,324,13,13,164,15,4.556435519133874,6.499674176191693
gap_horizon_1uav_maneuver,5006,16.0,ab638f3173d91cafb7ed29de974aa01634768e8d4c1ede7d519c0693ee4eaebc,35c85104b22aeb6b49c63f5a6031b497f38da853c2ce84d46ae8b7481d6f2e73,NO_RECONCILIATION,0,4,uav_1,18,324,13,13,165,16,7.887495649658357,8.750501127904743
gap_horizon_1uav_maneuver,5006,17.0,ab638f3173d91cafb7ed29de974aa01634768e8d4c1ede7d519c0693ee4eaebc,ee89fc04129846ef3af41cc1306c0a15f9644ed01a872cd6a19ee94350c812f1,NO_RECONCILIATION,0,4,uav_1,18,324,13,13,166,17,4.325597390453224,6.437106210428408
gap_horizon_1uav_maneuver,5006,18.0,ab638f3173d91cafb7ed29de974aa01634768e8d4c1ede7d519c0693ee4eaebc,2960b6c569897eabb3f21dc1e265155b7d195876be9b889c52045d077d81fd27,CORRECT_RECONCILIATION,0,0,uav_1,17,289,10,10,123,18,2.7899359367421486,5.705680882507851
gap_horizon_1uav_maneuver,5006,19.0,ab638f3173d91cafb7ed29de974aa01634768e8d4c1ede7d519c0693ee4eaebc,7ed9c051d0cdfd0f543ee567149cd12f6f98307c13cf066423806e6f1bda7241,CORRECT_RECONCILIATION,0,0,uav_1,17,289,10,10,124,19,3.963811718215679,5.705683511745637
gap_horizon_1uav_maneuver,5006,1.0,ab638f3173d91cafb7ed29de974aa01634768e8d4c1ede7d519c0693ee4eaebc,a599fd4afbe8c37fa213456553e79a9097998f9ef2c8d2ec32d81207832082af,NO_RECONCILIATION,4,2,uav_1,21,441,16,16,177,1,2.8930786786438314,2.8930786786438314
gap_horizon_1uav_maneuver,5006,20.0,ab638f3173d91cafb7ed29de974aa01634768e8d4c1ede7d519c0693ee4eaebc,8c2c0c7dd958f27792db36d9f3259c2a37f9213026a7091a675c83bfa595c4c4,NO_RECONCILIATION,0,10,uav_1,17,289,9,9,105,,,
gap_horizon_1uav_maneuver,5006,21.0,ab638f3173d91cafb7ed29de974aa01634768e8d4c1ede7d519c0693ee4eaebc,4bf019b5295a4e05f3b9ac41e9da44814d829999abf7da4c3fa26009e27258b8,NO_RECONCILIATION,0,9,uav_1,16,256,8,8,93,,,
gap_horizon_1uav_maneuver,5006,22.0,ab638f3173d91cafb7ed29de974aa01634768e8d4c1ede7d519c0693ee4eaebc,8e06854babf989e9fd821a855b21d097dd9bc98bb6673e3f888dc1ad93a76360,NO_RECONCILIATION,0,9,uav_1,16,256,8,8,93,,,
gap_horizon_1uav_maneuver,5006,23.0,ab638f3173d91cafb7ed29de974aa01634768e8d4c1ede7d519c0693ee4eaebc,a37bac5511365c7080a3b3299a3ac61143cfd776fff88147524e411baf29883c,NO_RECONCILIATION,2,9,uav_1,16,256,8,8,93,,,
gap_horizon_1uav_maneuver,5006,24.0,ab638f3173d91cafb7ed29de974aa01634768e8d4c1ede7d519c0693ee4eaebc,9857349846972b4d581241dbf5b3401c28a1f567df6190f40004349656f5b6c0,NO_RECONCILIATION,0,8,uav_1,15,225,7,7,82,,,
gap_horizon_1uav_maneuver,5006,2.0,ab638f3173d91cafb7ed29de974aa01634768e8d4c1ede7d519c0693ee4eaebc,1a4823f7574a24009c85510a2e62090d51ae22af953c29067775f24ee2d6b88e,NO_RECONCILIATION,4,2,uav_1,21,441,16,16,178,2,3.865340432841554,4.4705288154295175
gap_horizon_1uav_maneuver,5006,3.0,ab638f3173d91cafb7ed29de974aa01634768e8d4c1ede7d519c0693ee4eaebc,b7b5a31956be595d7cad6cc654497759b26750786b786756550c0a9160368203,NO_RECONCILIATION,4,2,uav_1,21,441,16,16,179,3,3.23988959466997,4.555772177213619
gap_horizon_1uav_maneuver,5006,4.0,ab638f3173d91cafb7ed29de974aa01634768e8d4c1ede7d519c0693ee4eaebc,8c9d052f691c3955dcffc6b74ec2d5bac1bb64dd7844d6079717b0195eea41ea,NO_RECONCILIATION,4,2,uav_1,21,441,16,16,180,4,3.8504515962219905,6.478212751887435
gap_horizon_1uav_maneuver,5006,5.0,ab638f3173d91cafb7ed29de974aa01634768e8d4c1ede7d519c0693ee4eaebc,3f0a94f222ba9e220442080628e4513c540bee81009938d5326dfcb3595d209c,CORRECT_RECONCILIATION,4,4,uav_1,21,441,16,16,181,5,3.976596662486781,5.705620794123247
gap_horizon_1uav_maneuver,5006,6.0,ab638f3173d91cafb7ed29de974aa01634768e8d4c1ede7d519c0693ee4eaebc,1d15bc083f1f1dc7b23259c7403aba944896617ee15858e4b9924278a5460ceb,CORRECT_RECONCILIATION,4,4,uav_1,20,400,15,15,182,6,4.191204140749801,5.705649490281639
gap_horizon_1uav_maneuver,5006,7.0,ab638f3173d91cafb7ed29de974aa01634768e8d4c1ede7d519c0693ee4eaebc,6f2e303299241f7bc1e1b249aca1b687d1c5db7d725d98297b0e59587201691b,NO_RECONCILIATION,4,0,uav_1,20,400,15,15,184,7,4.417047512729598,6.159968005710992
gap_horizon_1uav_maneuver,5006,8.0,ab638f3173d91cafb7ed29de974aa01634768e8d4c1ede7d519c0693ee4eaebc,00ce4d7ea93319986579e7babc91d5f5a7859774ff08372da73ca49cecbbae38,NO_RECONCILIATION,0,4,uav_1,19,361,14,14,186,8,6.4470127902108985,11.030764816198264
gap_horizon_1uav_maneuver,5006,9.0,ab638f3173d91cafb7ed29de974aa01634768e8d4c1ede7d519c0693ee4eaebc,ed8e6a21ff8df1a1ff05d0c4e07ffa7fadd891bc0bd3613359c538cac2a39550,NO_RECONCILIATION,0,4,uav_1,19,361,14,14,187,9,8.393788213334023,13.087009352187353
gap_horizon_1uav_maneuver,5007,10.0,ab638f3173d91cafb7ed29de974aa01634768e8d4c1ede7d519c0693ee4eaebc,b8e84190dbcf972c572895a11175c62a106a51de77ac027595cf43ac54e042ac,NO_RECONCILIATION,1,0,uav_1,24,576,18,18,216,10,5.825494675379546,12.175720861106376
gap_horizon_1uav_maneuver,5007,11.0,ab638f3173d91cafb7ed29de974aa01634768e8d4c1ede7d519c0693ee4eaebc,9d4c4238af7db3ac7daf7d8621187da6f5979495caeae0739f312ff846cd338e,NO_RECONCILIATION,1,0,uav_1,24,576,18,18,217,11,6.074131125417981,12.774756602019925
gap_horizon_1uav_maneuver,5007,12.0,ab638f3173d91cafb7ed29de974aa01634768e8d4c1ede7d519c0693ee4eaebc,31bc92f36a86af5f1c52645b435d7465d7221cb0e0c9d7131455c15638ba579d,NO_RECONCILIATION,1,0,uav_1,23,529,17,17,204,12,7.157787372148051,12.67709070393451
gap_horizon_1uav_maneuver,5007,13.0,ab638f3173d91cafb7ed29de974aa01634768e8d4c1ede7d519c0693ee4eaebc,92bca42f61bf4442e2cc577c9c3cae9f14e9eb34f310c8594d2c8224d8181de1,NO_RECONCILIATION,1,0,uav_1,22,484,15,15,176,13,5.720028772428342,6.332927279800905
gap_horizon_1uav_maneuver,5007,14.0,ab638f3173d91cafb7ed29de974aa01634768e8d4c1ede7d519c0693ee4eaebc,fb339263d45ad1800352e44c9b973b9f0dfdd456a947e2224a43bfaf4db3332f,NO_RECONCILIATION,1,0,uav_1,22,484,15,15,174,14,6.445862000874387,13.192643312768881
gap_horizon_1uav_maneuver,5007,15.0,ab638f3173d91cafb7ed29de974aa01634768e8d4c1ede7d519c0693ee4eaebc,278ec37c34a716acc3fca0158c5c2ce41737f1150cb10423b6d79374bb461389,NO_RECONCILIATION,1,0,uav_1,22,484,15,15,175,15,6.857575849875594,13.731846108078374
gap_horizon_1uav_maneuver,5007,16.0,ab638f3173d91cafb7ed29de974aa01634768e8d4c1ede7d519c0693ee4eaebc,d719cce6af91f8ddf84f174f38e9a1f3ff4312e217e0a469e78c0b1a8b1f8626,NO_RECONCILIATION,1,0,uav_1,22,484,15,15,176,16,7.05869381032456,13.925578741279782
gap_horizon_1uav_maneuver,5007,17.0,ab638f3173d91cafb7ed29de974aa01634768e8d4c1ede7d519c0693ee4eaebc,47940d4709c495707816295759895f5361eabb1da53ccbae56eb1b5f2bcf694d,CORRECT_RECONCILIATION,1,1,uav_1,21,441,13,13,146,17,2.9268890070905336,3.6934614931771805
gap_horizon_1uav_maneuver,5007,18.0,ab638f3173d91cafb7ed29de974aa01634768e8d4c1ede7d519c0693ee4eaebc,5e27b309ca2bb6e7fdbcdc76c3b55f1b057bc75654457acf36503523d6fa5373,CORRECT_RECONCILIATION,1,1,uav_1,21,441,13,13,147,18,4.837775789325148,7.008032344011774
gap_horizon_1uav_maneuver,5007,19.0,ab638f3173d91cafb7ed29de974aa01634768e8d4c1ede7d519c0693ee4eaebc,8bdba57bc9f33784bd81963598a6182940a76a82f6996107322fd083ad309f8b,CORRECT_RECONCILIATION,1,1,uav_1,21,441,13,13,148,19,4.365313844142784,6.070720106724672
gap_horizon_1uav_maneuver,5007,1.0,ab638f3173d91cafb7ed29de974aa01634768e8d4c1ede7d519c0693ee4eaebc,626e641e8c29c253c454c616854a72d73e19932974bf32eedc4a7cb00294f0f6,NO_RECONCILIATION,2,0,uav_1,25,625,20,20,287,1,3.977257047798191,3.977257047798191
gap_horizon_1uav_maneuver,5007,20.0,ab638f3173d91cafb7ed29de974aa01634768e8d4c1ede7d519c0693ee4eaebc,b1a59d2b2868783716efd34dad314e4cd0db6eff919be5b79692afbd749a2af4,NO_RECONCILIATION,1,10,uav_1,21,441,12,12,129,,,
gap_horizon_1uav_maneuver,5007,21.0,ab638f3173d91cafb7ed29de974aa01634768e8d4c1ede7d519c0693ee4eaebc,d8ee0ec712d55eee80a9af5b3071c8cbde6e3d3eb7a61dc5e7ae1f04bec0c934,NO_RECONCILIATION,1,10,uav_1,21,441,12,12,129,,,
gap_horizon_1uav_maneuver,5007,22.0,ab638f3173d91cafb7ed29de974aa01634768e8d4c1ede7d519c0693ee4eaebc,ba89e727dcb1872b53e3ec8f79dd1fd7e9fd64513bcbbe5a7e309fa1b5efa9cc,NO_RECONCILIATION,1,10,uav_1,21,441,12,12,129,,,
gap_horizon_1uav_maneuver,5007,23.0,ab638f3173d91cafb7ed29de974aa01634768e8d4c1ede7d519c0693ee4eaebc,8c2b7bb60dbcc74c8ce3955c05200add7f6b9141c935055d9b23de0872ef455f,NO_RECONCILIATION,1,10,uav_1,21,441,12,12,129,,,
gap_horizon_1uav_maneuver,5007,24.0,ab638f3173d91cafb7ed29de974aa01634768e8d4c1ede7d519c0693ee4eaebc,21d695d2221426790cf047b6328eea7fd629a84bbeb417c41bd415c18f1a9a2c,NO_RECONCILIATION,1,10,uav_1,21,441,12,12,129,,,
gap_horizon_1uav_maneuver,5007,2.0,ab638f3173d91cafb7ed29de974aa01634768e8d4c1ede7d519c0693ee4eaebc,bd6ecb670747347d05ccc74249417812da08ff6e80efa09f0700eda0e83acdab,NO_RECONCILIATION,2,0,uav_1,25,625,20,20,288,2,3.323873783338815,3.4785426460339584
gap_horizon_1uav_maneuver,5007,3.0,ab638f3173d91cafb7ed29de974aa01634768e8d4c1ede7d519c0693ee4eaebc,2456d1adfabfd80971b8fd06e670bd02996ed6656ca8354cc4222e9f70c869c5,NO_RECONCILIATION,0,9,uav_1,25,625,20,20,231,3,3.08604964685745,3.896282815016151
gap_horizon_1uav_maneuver,5007,4.0,ab638f3173d91cafb7ed29de974aa01634768e8d4c1ede7d519c0693ee4eaebc,25f9e618b870922688bdf927904867c696371d651e0b577ca399816431f9047a,NO_RECONCILIATION,0,9,uav_1,25,625,20,20,232,4,7.078473132863302,7.962924497261558
gap_horizon_1uav_maneuver,5007,5.0,ab638f3173d91cafb7ed29de974aa01634768e8d4c1ede7d519c0693ee4eaebc,24e76cb232e84a660d428ac501580383d3d304c809d7cea4b2c1de5683c91d5e,NO_RECONCILIATION,0,9,uav_1,25,625,20,20,233,5,4.025350045561142,4.527278327326464
gap_horizon_1uav_maneuver,5007,6.0,ab638f3173d91cafb7ed29de974aa01634768e8d4c1ede7d519c0693ee4eaebc,3a95305c943ff99b37324415bd72fdfd550a0189e112a9bb4ef9ae6323c8a59e,CORRECT_RECONCILIATION,0,0,uav_1,25,625,20,20,234,6,2.4465334124557523,4.278042542726551
gap_horizon_1uav_maneuver,5007,7.0,ab638f3173d91cafb7ed29de974aa01634768e8d4c1ede7d519c0693ee4eaebc,a2ead2d80761b3635bf34e3b0c44e81d9fc2007623cb64416be7c82c15dfbce0,NO_RECONCILIATION,1,0,uav_1,25,625,20,20,236,7,5.53573007141136,6.6305892222503315
gap_horizon_1uav_maneuver,5007,8.0,ab638f3173d91cafb7ed29de974aa01634768e8d4c1ede7d519c0693ee4eaebc,2fa1f357237f0e532e37a043f9e615856652d921e307de2b341d1ca358aa6a30,NO_RECONCILIATION,1,0,uav_1,24,576,18,18,214,8,3.6273680470564393,4.6534159513748214
gap_horizon_1uav_maneuver,5007,9.0,ab638f3173d91cafb7ed29de974aa01634768e8d4c1ede7d519c0693ee4eaebc,5e7babf30fd1b84a54bb47d4d849ce5ed465d8fa3102008a74c73f50db1bb1ae,NO_RECONCILIATION,1,0,uav_1,24,576,18,18,215,9,6.95516204075315,12.487296706589733
gap_horizon_1uav_maneuver,5008,10.0,ab638f3173d91cafb7ed29de974aa01634768e8d4c1ede7d519c0693ee4eaebc,71b56bff895fbf61739f154b6683749c1ef01da4c14bb83baf5b27a284fd211f,NO_RECONCILIATION,3,9,uav_1,18,324,13,13,124,10,6.761160775821807,11.254603125112713
gap_horizon_1uav_maneuver,5008,11.0,ab638f3173d91cafb7ed29de974aa01634768e8d4c1ede7d519c0693ee4eaebc,4bd569309d924decdad2cc201af4c359a58c863cf2fd5c083ea6474f4deea816,NO_RECONCILIATION,3,9,uav_1,18,324,13,13,125,11,5.42274961147094,10.769159530255719
gap_horizon_1uav_maneuver,5008,12.0,ab638f3173d91cafb7ed29de974aa01634768e8d4c1ede7d519c0693ee4eaebc,c3587450d306641410541410b3924293eedbb6659d9d62550f3635a136f3cdf6,NO_RECONCILIATION,3,9,uav_1,18,324,13,13,121,12,2.9682769167807987,5.154578863888492
gap_horizon_1uav_maneuver,5008,13.0,ab638f3173d91cafb7ed29de974aa01634768e8d4c1ede7d519c0693ee4eaebc,115543294fe58460662c38c06fe92678ce4cbaff6ac4949acbaa10f908474406,NO_RECONCILIATION,3,9,uav_1,18,324,13,13,127,13,6.331365363375481,11.2703640595293
gap_horizon_1uav_maneuver,5008,14.0,ab638f3173d91cafb7ed29de974aa01634768e8d4c1ede7d519c0693ee4eaebc,0aa7dffff3d4c85c41ff89db4be40c6788d111e68abdce8773dab9975fbed2a2,NO_RECONCILIATION,3,9,uav_1,18,324,13,13,123,14,3.6626752686665722,5.229282013555322
gap_horizon_1uav_maneuver,5008,15.0,ab638f3173d91cafb7ed29de974aa01634768e8d4c1ede7d519c0693ee4eaebc,906003f3c7ac59268f901490f16df228b616a85658cef54f5db859980895d910,NO_RECONCILIATION,3,9,uav_1,18,324,13,13,124,15,3.1576734319921003,5.128942336582885
gap_horizon_1uav_maneuver,5008,16.0,ab638f3173d91cafb7ed29de974aa01634768e8d4c1ede7d519c0693ee4eaebc,e55596a77e4d93600142871dcffd21de467c6e7125323a1c59f0209943d4d396,NO_RECONCILIATION,3,9,uav_1,18,324,13,13,125,16,5.311257749977779,6.09654839383028
gap_horizon_1uav_maneuver,5008,17.0,ab638f3173d91cafb7ed29de974aa01634768e8d4c1ede7d519c0693ee4eaebc,b07ebc4029f6d63f7a33a26bf36b7d0cf098171f4ec3058752849e90c2f36566,NO_RECONCILIATION,3,9,uav_1,18,324,13,13,126,17,4.013184021895918,5.275758588813797
gap_horizon_1uav_maneuver,5008,18.0,ab638f3173d91cafb7ed29de974aa01634768e8d4c1ede7d519c0693ee4eaebc,10fcf9a9abfb6e9c43859fe0216a5be776eee11bad19d3a8f18f6c74b98ff473,NO_RECONCILIATION,3,9,uav_1,18,324,13,13,127,18,5.297255373389387,5.739223944981402
gap_horizon_1uav_maneuver,5008,19.0,ab638f3173d91cafb7ed29de974aa01634768e8d4c1ede7d519c0693ee4eaebc,b5968715855ca6aa8ed967592e9e45be8b6fa5910b0b8b2904ff551c8f5b6c53,CORRECT_RECONCILIATION,3,3,uav_1,18,324,13,13,127,19,5.779265185893113,6.342758401600621
gap_horizon_1uav_maneuver,5008,1.0,ab638f3173d91cafb7ed29de974aa01634768e8d4c1ede7d519c0693ee4eaebc,af7c470af5e4eb5270e373b60c9aecba90a51b7c10088eca15295f6e87259f7d,NO_RECONCILIATION,3,9,uav_1,20,400,15,15,129,1,3.6976069433883785,3.6976069433883785
gap_horizon_1uav_maneuver,5008,20.0,ab638f3173d91cafb7ed29de974aa01634768e8d4c1ede7d519c0693ee4eaebc,86e5d9ca5114e1a809094c3ea788015e3bd40531656b22f0055f0754a9edd2c7,NO_RECONCILIATION,3,9,uav_1,18,324,12,12,108,,,
gap_horizon_1uav_maneuver,5008,21.0,ab638f3173d91cafb7ed29de974aa01634768e8d4c1ede7d519c0693ee4eaebc,d49ef15a1e6096920268314131647aefece334f098e30268038c4a12651c4ad2,NO_RECONCILIATION,3,9,uav_1,18,324,12,12,108,,,
gap_horizon_1uav_maneuver,5008,22.0,ab638f3173d91cafb7ed29de974aa01634768e8d4c1ede7d519c0693ee4eaebc,82719e255eca60ddb84471d9e182288ba947c746a9280781029dc312b88a7e0f,NO_RECONCILIATION,3,9,uav_1,18,324,12,12,108,,,
gap_horizon_1uav_maneuver,5008,23.0,ab638f3173d91cafb7ed29de974aa01634768e8d4c1ede7d519c0693ee4eaebc,cff38471f017b71cab7e71e27f0ed95820f81e8c7a6c1936efb42f659275656c,NO_RECONCILIATION,3,9,uav_1,18,324,12,12,108,,,
gap_horizon_1uav_maneuver,5008,24.0,ab638f3173d91cafb7ed29de974aa01634768e8d4c1ede7d519c0693ee4eaebc,2493921332b96a041e179ce9622620d8a6fa8feb8687fbc171a1fb81e4d6e3d5,NO_RECONCILIATION,3,9,uav_1,18,324,12,12,108,,,
gap_horizon_1uav_maneuver,5008,2.0,ab638f3173d91cafb7ed29de974aa01634768e8d4c1ede7d519c0693ee4eaebc,aad1a8d1b1d87244b7d4b13ad8288df0669ae900f20ea6988bc4dddbe668af0b,NO_RECONCILIATION,3,9,uav_1,20,400,15,15,130,2,3.651945494001488,4.0540918918135525
gap_horizon_1uav_maneuver,5008,3.0,ab638f3173d91cafb7ed29de974aa01634768e8d4c1ede7d519c0693ee4eaebc,ff671616be1eb38e303f0acec030385de53a93494afb2d17ed64dbe78b3a9aa3,NO_RECONCILIATION,3,9,uav_1,20,400,15,15,131,3,4.905243513064936,5.209902347779221
gap_horizon_1uav_maneuver,5008,4.0,ab638f3173d91cafb7ed29de974aa01634768e8d4c1ede7d519c0693ee4eaebc,41b3515e893bfd3c25f16d434ca7aab9d39aaae0ea55cffa9351ca92501d9f09,CORRECT_RECONCILIATION,3,3,uav_1,19,361,14,14,128,4,4.35862281642325,5.675748365698067
gap_horizon_1uav_maneuver,5008,5.0,ab638f3173d91cafb7ed29de974aa01634768e8d4c1ede7d519c0693ee4eaebc,eb59070a4e245c29c5c988528ab5eb8abe39d902be7966f79326408421348646,NO_RECONCILIATION,3,10,uav_1,19,361,14,14,130,5,8.842167062319414,10.777237295743895
gap_horizon_1uav_maneuver,5008,6.0,ab638f3173d91cafb7ed29de974aa01634768e8d4c1ede7d519c0693ee4eaebc,2c643d57d56b3555c8207d30397ce79fd36d26ec9182b205ca94e1a4af98e875,NO_RECONCILIATION,3,10,uav_1,19,361,14,14,131,6,2.278471677071687,4.834142295465898
gap_horizon_1uav_maneuver,5008,7.0,ab638f3173d91cafb7ed29de974aa01634768e8d4c1ede7d519c0693ee4eaebc,6c82bdc6087764e963b2c5b39848b770c9b5c423095faf0f369bb2376d259669,NO_RECONCILIATION,3,10,uav_1,19,361,14,14,132,7,3.260825586902025,5.032907551085787
gap_horizon_1uav_maneuver,5008,8.0,ab638f3173d91cafb7ed29de974aa01634768e8d4c1ede7d519c0693ee4eaebc,7ae008793a7a2f35005cf1ed6987a1c4e32c3de2455919584fcfeda3330c2e0e,NO_RECONCILIATION,3,10,uav_1,19,361,14,14,133,8,3.409655907924851,5.101522266270265
gap_horizon_1uav_maneuver,5008,9.0,ab638f3173d91cafb7ed29de974aa01634768e8d4c1ede7d519c0693ee4eaebc,c74e2fbdfeb7f08b9de39176c8cbe516517bed66f0251d00b24909836af40704,NO_RECONCILIATION,3,10,uav_1,19,361,14,14,134,9,3.1991473788616758,5.078220313253832
gap_horizon_1uav_maneuver,5009,10.0,ab638f3173d91cafb7ed29de974aa01634768e8d4c1ede7d519c0693ee4eaebc,a3ef2410d0ad68f588e6ef69117e790438c3b431718a52dac44a83ea526ffb70,CORRECT_RECONCILIATION,1,1,uav_1,23,529,17,17,161,10,2.7110291078149276,3.965821043445397
gap_horizon_1uav_maneuver,5009,11.0,ab638f3173d91cafb7ed29de974aa01634768e8d4c1ede7d519c0693ee4eaebc,1edf62494f443b92e9b351cacf5a007106335316477c90440df87f3e58d4cceb,CORRECT_RECONCILIATION,6,6,uav_1,23,529,17,17,158,11,3.0442632343807223,3.965811779446493
gap_horizon_1uav_maneuver,5009,12.0,ab638f3173d91cafb7ed29de974aa01634768e8d4c1ede7d519c0693ee4eaebc,c0919e44398513ac50651c6b55bd870e70a9ca8d5cf359548085d5602160b5fb,NO_RECONCILIATION,1,6,uav_1,23,529,17,17,165,12,3.5599140952798893,4.594693702758252
gap_horizon_1uav_maneuver,5009,13.0,ab638f3173d91cafb7ed29de974aa01634768e8d4c1ede7d519c0693ee4eaebc,de9f6d2d49170c489a578e61f7d698bf7d7b00056532399085bf70034300a06d,CORRECT_RECONCILIATION,1,1,uav_1,22,484,15,15,132,13,3.087610780473486,3.9658463065792495
gap_horizon_1uav_maneuver,5009,14.0,ab638f3173d91cafb7ed29de974aa01634768e8d4c1ede7d519c0693ee4eaebc,e50b236495b0008ef35dd6d34542125a2b91ec0e1b20fbd994d38043ebd8ba2b,CORRECT_RECONCILIATION,1,1,uav_1,22,484,15,15,133,14,3.500118007105064,3.9658419684691966
gap_horizon_1uav_maneuver,5009,15.0,ab638f3173d91cafb7ed29de974aa01634768e8d4c1ede7d519c0693ee4eaebc,0d00e1f5413c5b03ccb97cda4474bd0c878eab1c5370a638063d53c23d21ad66,CORRECT_RECONCILIATION,1,1,uav_1,22,484,15,15,134,15,3.4149243487595147,3.9658348511371035
gap_horizon_1uav_maneuver,5009,16.0,ab638f3173d91cafb7ed29de974aa01634768e8d4c1ede7d519c0693ee4eaebc,45af19e5fa97f6af1ba0b39a87c635999c781148603d76b9434f7575279a62df,CORRECT_RECONCILIATION,1,1,uav_1,22,484,15,15,135,16,3.3125456214753664,4.408966758368627
gap_horizon_1uav_maneuver,5009,17.0,ab638f3173d91cafb7ed29de974aa01634768e8d4c1ede7d519c0693ee4eaebc,eadfa85c154d0bb1cb197217f5e4bb879ff1d64af926a779b49d9fa17f93a501,CORRECT_RECONCILIATION,1,1,uav_1,22,484,15,15,136,17,3.314583837979581,3.965847057455602
gap_horizon_1uav_maneuver,5009,18.0,ab638f3173d91cafb7ed29de974aa01634768e8d4c1ede7d519c0693ee4eaebc,b780e5941d8df6270a2f87593ad657f391766bea26f5e5926070ca4a720889c2,CORRECT_RECONCILIATION,1,1,uav_1,22,484,15,15,137,18,2.555542009090335,3.965837144564965
gap_horizon_1uav_maneuver,5009,19.0,ab638f3173d91cafb7ed29de974aa01634768e8d4c1ede7d519c0693ee4eaebc,9664864aabd65e8f5de0966443226f66428d6ff7ef39b6d1c4a1d0a13f27229e,CORRECT_RECONCILIATION,1,1,uav_1,22,484,15,15,138,19,4.328999402552358,4.739634030084878
gap_horizon_1uav_maneuver,5009,1.0,ab638f3173d91cafb7ed29de974aa01634768e8d4c1ede7d519c0693ee4eaebc,e10c04b1694edb90c83dfcc5e6a050150bdf29e7ba550574c26f8bf65f3adcc9,CORRECT_RECONCILIATION,1,1,uav_1,24,576,18,18,166,1,3.963435831671195,3.963435831671195
gap_horizon_1uav_maneuver,5009,20.0,ab638f3173d91cafb7ed29de974aa01634768e8d4c1ede7d519c0693ee4eaebc,a214befaba19a619f76105573d8e90421cda73dc413d2adef914a4a92a92c1c2,NO_RECONCILIATION,1,10,uav_1,22,484,14,14,119,,,
gap_horizon_1uav_maneuver,5009,21.0,ab638f3173d91cafb7ed29de974aa01634768e8d4c1ede7d519c0693ee4eaebc,e29cde5235935c987ea4e75444bf7833a6cc93e826baec9838ad1d3012c5e7d8,NO_RECONCILIATION,1,10,uav_1,22,484,14,14,119,,,
gap_horizon_1uav_maneuver,5009,22.0,ab638f3173d91cafb7ed29de974aa01634768e8d4c1ede7d519c0693ee4eaebc,6dd62a2f7e3fd512410667f1a0336e687dc424757ffaa4bf0a1562dc7383605d,NO_RECONCILIATION,1,10,uav_1,22,484,14,14,119,,,
gap_horizon_1uav_maneuver,5009,23.0,ab638f3173d91cafb7ed29de974aa01634768e8d4c1ede7d519c0693ee4eaebc,767b7eb634a8cdba2b4de0d2cd8a4e9ba22d67b460194bddd05cece0fa3bcbd0,NO_RECONCILIATION,1,10,uav_1,22,484,14,14,119,,,
gap_horizon_1uav_maneuver,5009,24.0,ab638f3173d91cafb7ed29de974aa01634768e8d4c1ede7d519c0693ee4eaebc,10bfc5a7991e5cf4b905e74e9c79f44c72dc7e0b4189a5fb2da55a8030f1778d,NO_RECONCILIATION,1,10,uav_1,22,484,14,14,119,,,
gap_horizon_1uav_maneuver,5009,2.0,ab638f3173d91cafb7ed29de974aa01634768e8d4c1ede7d519c0693ee4eaebc,b089f2b828dc00afe7439b80038355f94fdcbed2d9694c1eba66b65c4796f495,CORRECT_RECONCILIATION,1,1,uav_1,24,576,18,18,167,2,3.1708459296944644,3.9652469630439584
gap_horizon_1uav_maneuver,5009,3.0,ab638f3173d91cafb7ed29de974aa01634768e8d4c1ede7d519c0693ee4eaebc,2b5adc3211a1da132a8c20a7095ab9ff11f90009ea909959f97926caa8c40e3e,CORRECT_RECONCILIATION,1,1,uav_1,23,529,17,17,153,3,2.595713755147228,3.965541615306283
gap_horizon_1uav_maneuver,5009,4.0,ab638f3173d91cafb7ed29de974aa01634768e8d4c1ede7d519c0693ee4eaebc,5a17dba07102817b2c6f084f9d4dce2937facc66daf21743fcd29253834ea812,CORRECT_RECONCILIATION,1,1,uav_1,23,529,17,17,154,4,3.047071646500594,3.9657840275517358
gap_horizon_1uav_maneuver,5009,5.0,ab638f3173d91cafb7ed29de974aa01634768e8d4c1ede7d519c0693ee4eaebc,f9eb852925cf7acc8f9fd629b8bfc39fcc5fabdba967ba05ae94254241c3918c,CORRECT_RECONCILIATION,1,1,uav_1,23,529,17,17,155,5,3.0781080156720386,3.965729304273484
gap_horizon_1uav_maneuver,5009,6.0,ab638f3173d91cafb7ed29de974aa01634768e8d4c1ede7d519c0693ee4eaebc,5d5e5e5ca50f621e7afbbf5522f49bce0e27a8f01e70181e41581c0cef71fcc5,NO_RECONCILIATION,1,6,uav_1,23,529,17,17,155,6,6.195123418810529,6.684307524674682
gap_horizon_1uav_maneuver,5009,7.0,ab638f3173d91cafb7ed29de974aa01634768e8d4c1ede7d519c0693ee4eaebc,f4f5ecab2552055dd2b6c925fd83b3d3f774893fbec4cc381cd4f79a98c39abc,CORRECT_RECONCILIATION,1,1,uav_1,23,529,17,17,157,7,3.1380325191575955,4.123867990561647
gap_horizon_1uav_maneuver,5009,8.0,ab638f3173d91cafb7ed29de974aa01634768e8d4c1ede7d519c0693ee4eaebc,36851d00b46c9ae187781c432abc288d05238cbe6ff8951625bde697f3cf84cd,CORRECT_RECONCILIATION,1,1,uav_1,23,529,17,17,158,8,2.7847872916570884,3.9658235850273793
gap_horizon_1uav_maneuver,5009,9.0,ab638f3173d91cafb7ed29de974aa01634768e8d4c1ede7d519c0693ee4eaebc,a9c44b47dfdf448f9a948256236ca008e2988b566d68c59bfa674d3abb6ed731,CORRECT_RECONCILIATION,1,1,uav_1,23,529,17,17,159,9,2.7282727241211426,3.965802765712314
gap_horizon_1uav_maneuver,5010,10.0,ab638f3173d91cafb7ed29de974aa01634768e8d4c1ede7d519c0693ee4eaebc,f25edc4a6c7c5f82ef33afffccd06e7a9736a4aaeb42f65471a60f9912c8c8c9,NO_RECONCILIATION,2,1,uav_1,17,289,12,12,141,10,5.032174411982872,7.921634706277047
gap_horizon_1uav_maneuver,5010,11.0,ab638f3173d91cafb7ed29de974aa01634768e8d4c1ede7d519c0693ee4eaebc,7d88bf3f13ddf90109b05d80748b2997836d8fa4978f756154b187dfca50dae7,NO_RECONCILIATION,2,1,uav_1,17,289,12,12,142,11,4.170633397898093,6.740261683153331
gap_horizon_1uav_maneuver,5010,12.0,ab638f3173d91cafb7ed29de974aa01634768e8d4c1ede7d519c0693ee4eaebc,2e8ea11148b6a038fc7e4e5b6907c7860ac4b2228d5e74b82aac805934d57488,NO_RECONCILIATION,2,1,uav_1,17,289,12,12,143,12,4.213867654188588,7.956838721205609
gap_horizon_1uav_maneuver,5010,13.0,ab638f3173d91cafb7ed29de974aa01634768e8d4c1ede7d519c0693ee4eaebc,f96b7fd3cc43066e1dc10683e0898cc350ec9773ca217dfab46c75ef59da207d,NO_RECONCILIATION,2,1,uav_1,17,289,12,12,144,13,4.265829752112756,8.175827849751695
gap_horizon_1uav_maneuver,5010,14.0,ab638f3173d91cafb7ed29de974aa01634768e8d4c1ede7d519c0693ee4eaebc,ffc944db160a01174c6e057a4d82aa08fdf69e2541e4c1ad3a2733f1d51f0d5b,NO_RECONCILIATION,2,1,uav_1,17,289,12,12,145,14,3.8447134839510575,8.361755561312533
gap_horizon_1uav_maneuver,5010,15.0,ab638f3173d91cafb7ed29de974aa01634768e8d4c1ede7d519c0693ee4eaebc,5d141614550e3c198b90e51ccfa3c464b03f2a9453e3011aa3587037124a794a,NO_RECONCILIATION,2,1,uav_1,17,289,12,12,146,15,4.991178276150112,8.753642999212829
gap_horizon_1uav_maneuver,5010,16.0,ab638f3173d91cafb7ed29de974aa01634768e8d4c1ede7d519c0693ee4eaebc,5c28092c0cc8158a28d0985658a1f3b9eeeff7b8491b0312f58d059437c75650,CORRECT_RECONCILIATION,2,2,uav_1,17,289,11,11,128,16,2.796305680903002,4.009212704825313
gap_horizon_1uav_maneuver,5010,17.0,ab638f3173d91cafb7ed29de974aa01634768e8d4c1ede7d519c0693ee4eaebc,c9b5e0dc1e5264556b8f53aa780f6f21462391a0dc6bea73a367a544caf7a497,CORRECT_RECONCILIATION,2,2,uav_1,17,289,11,11,129,17,3.128636290800772,3.764252478707821
gap_horizon_1uav_maneuver,5010,18.0,ab638f3173d91cafb7ed29de974aa01634768e8d4c1ede7d519c0693ee4eaebc,0c60878cf6551126f41277be16b7e1b02886532be1eb9f6f5aea6ba73d1d2783,CORRECT_RECONCILIATION,2,2,uav_1,16,256,10,10,120,18,3.4195758492179573,5.568734446329061
gap_horizon_1uav_maneuver,5010,19.0,ab638f3173d91cafb7ed29de974aa01634768e8d4c1ede7d519c0693ee4eaebc,c243af1688cbefe4e34c9a226fa81f05b00dd303ae36838ae5733924e9a32c65,CORRECT_RECONCILIATION,2,2,uav_1,16,256,10,10,121,19,4.278978864101364,4.819289330493216
gap_horizon_1uav_maneuver,5010,1.0,ab638f3173d91cafb7ed29de974aa01634768e8d4c1ede7d519c0693ee4eaebc,b7701e9e12792907c064dc7b78755e461e2cd32d70d8a21e9893d93b65b5959e,NO_RECONCILIATION,0,1,uav_1,20,400,15,15,167,1,4.787671710244693,4.787671710244693
gap_horizon_1uav_maneuver,5010,20.0,ab638f3173d91cafb7ed29de974aa01634768e8d4c1ede7d519c0693ee4eaebc,61d561694683dfa0511589641d4e483b55d40ed434323996c5331a5fe92804fa,NO_RECONCILIATION,2,10,uav_1,16,256,9,9,102,,,
gap_horizon_1uav_maneuver,5010,21.0,ab638f3173d91cafb7ed29de974aa01634768e8d4c1ede7d519c0693ee4eaebc,ef534eec56a0f16720236f14f3ea8f92071dbd90e3fb0b0792088aac7fcf4bc8,NO_RECONCILIATION,2,10,uav_1,16,256,9,9,102,,,
gap_horizon_1uav_maneuver,5010,22.0,ab638f3173d91cafb7ed29de974aa01634768e8d4c1ede7d519c0693ee4eaebc,ddf1a583ec9cd6fe4acd656b809d3f4231295fd27badc5e3924e4772be370eb1,NO_RECONCILIATION,2,10,uav_1,16,256,9,9,102,,,
gap_horizon_1uav_maneuver,5010,23.0,ab638f3173d91cafb7ed29de974aa01634768e8d4c1ede7d519c0693ee4eaebc,236fcba1812bd27e3ee5d412d44370552561af577f6f79bcbd83469bcb19f9cc,NO_RECONCILIATION,2,10,uav_1,16,256,9,9,102,,,
gap_horizon_1uav_maneuver,5010,24.0,ab638f3173d91cafb7ed29de974aa01634768e8d4c1ede7d519c0693ee4eaebc,bf43fbd13a30b53d80fe68f3b4b00fab204a41bce9e60d05f3e1e2415e012fdc,NO_RECONCILIATION,5,10,uav_1,16,256,9,9,102,,,
gap_horizon_1uav_maneuver,5010,2.0,ab638f3173d91cafb7ed29de974aa01634768e8d4c1ede7d519c0693ee4eaebc,7d1985283e10e2267ea0ee47af5e080e3fa861247d5ca555e51c93c910b1ab55,NO_RECONCILIATION,0,1,uav_1,20,400,15,15,168,2,3.7907700598955145,3.8771644094720625
gap_horizon_1uav_maneuver,5010,3.0,ab638f3173d91cafb7ed29de974aa01634768e8d4c1ede7d519c0693ee4eaebc,5da08feeac9193498df2dda7129629a5baab3c0be8f42f08fb6656e5b0beb203,CORRECT_RECONCILIATION,2,2,uav_1,20,400,15,15,156,3,3.218454506604663,3.9184365996542776
gap_horizon_1uav_maneuver,5010,4.0,ab638f3173d91cafb7ed29de974aa01634768e8d4c1ede7d519c0693ee4eaebc,15c893b0412e3ce9d2725157052a7e097e5d47f378af9075bea3a76fe2837a49,CORRECT_RECONCILIATION,0,0,uav_1,20,400,15,15,158,4,2.3642447368784056,2.645946982970447
gap_horizon_1uav_maneuver,5010,5.0,ab638f3173d91cafb7ed29de974aa01634768e8d4c1ede7d519c0693ee4eaebc,fd7e71b84ade525fa5c6326bfda1a180b7836dabcccb88bc0bfd7c164c2151f3,NO_RECONCILIATION,0,2,uav_1,19,361,14,14,159,5,3.3058158461841827,5.61645565331446
gap_horizon_1uav_maneuver,5010,6.0,ab638f3173d91cafb7ed29de974aa01634768e8d4c1ede7d519c0693ee4eaebc,3b929562cad1ff86ace9f73c9bdbc5bd5f3d157b33d0b2514bb3a6b1889cdc70,NO_RECONCILIATION,0,2,uav_1,19,361,14,14,175,6,6.465865837266339,7.399680601544958
gap_horizon_1uav_maneuver,5010,7.0,ab638f3173d91cafb7ed29de974aa01634768e8d4c1ede7d519c0693ee4eaebc,72b0859b687e4706833ca772f68d550c18638edfbe5352f87b42265e6957cfeb,NO_RECONCILIATION,0,2,uav_1,19,361,14,14,161,7,3.648294978449232,6.801015340320984
gap_horizon_1uav_maneuver,5010,8.0,ab638f3173d91cafb7ed29de974aa01634768e8d4c1ede7d519c0693ee4eaebc,fa44d643faf22ed9f1a98f24fb85187276ea4ad870186804c3dfe8f3ee75af54,NO_RECONCILIATION,0,2,uav_1,19,361,14,14,163,,,
gap_horizon_1uav_maneuver,5010,9.0,ab638f3173d91cafb7ed29de974aa01634768e8d4c1ede7d519c0693ee4eaebc,345e19e746eca317ba7e7c5ad08b2b068b1f1395eae7ae389dd78cf6924b51a4,NO_RECONCILIATION,2,1,uav_1,17,289,12,12,140,9,5.1968584025272575,7.9116615780978705
gap_horizon_2uav_crossing,5001,10.0,ab638f3173d91cafb7ed29de974aa01634768e8d4c1ede7d519c0693ee4eaebc,567722fe2f0f75753a19fff1feaccd6590428c715c8e2cf35009639c5084b2f8,FALSE_RECONCILIATION,8,7,uav_2,17,289,9,9,90,,,
gap_horizon_2uav_crossing,5001,11.0,ab638f3173d91cafb7ed29de974aa01634768e8d4c1ede7d519c0693ee4eaebc,423ab82fb125d7cebf26445dd965c267531ee628c8c8531c24671e2ee712e856,FALSE_RECONCILIATION,8,7,uav_2,18,324,9,9,85,10,10.137676145159057,16.782515107238037
gap_horizon_2uav_crossing,5001,12.0,ab638f3173d91cafb7ed29de974aa01634768e8d4c1ede7d519c0693ee4eaebc,57a89727f1edef7704baa5076e2ccb7d79cfa6ef495fb2e9642d10adbcf9c6d6,FALSE_RECONCILIATION,8,7,uav_2,18,324,9,9,90,,,
gap_horizon_2uav_crossing,5001,13.0,ab638f3173d91cafb7ed29de974aa01634768e8d4c1ede7d519c0693ee4eaebc,630a790f3ae56221df5159d257f9fe486ca765e42286df266a5d4c3bbbf143ab,FALSE_RECONCILIATION,8,7,uav_2,18,324,9,9,87,12,12.40294713202474,20.6337099944704
gap_horizon_2uav_crossing,5001,14.0,ab638f3173d91cafb7ed29de974aa01634768e8d4c1ede7d519c0693ee4eaebc,d0be77b99daaa9310f29c41a8a29f4b92eaa24c5d9dde6522651cf280eb1e932,FALSE_RECONCILIATION,8,7,uav_2,18,324,9,9,88,13,12.942573758937014,21.94845286557824
gap_horizon_2uav_crossing,5001,15.0,ab638f3173d91cafb7ed29de974aa01634768e8d4c1ede7d519c0693ee4eaebc,1c7dd7eb74328e816070d049610800000d9e73ff9f41ad92494d7e6fcac7482b,FALSE_RECONCILIATION,8,7,uav_2,18,324,9,9,89,14,13.724321411025555,23.540561363111813
gap_horizon_2uav_crossing,5001,16.0,ab638f3173d91cafb7ed29de974aa01634768e8d4c1ede7d519c0693ee4eaebc,11f00936fb7658ce6f53e8a4e6f70fa2b9690c28e94f391d6a602458cb1fe14d,FALSE_RECONCILIATION,0,7,uav_2,17,289,9,9,91,16,13.923437110000114,24.848323113083325
gap_horizon_2uav_crossing,5001,17.0,ab638f3173d91cafb7ed29de974aa01634768e8d4c1ede7d519c0693ee4eaebc,dda6c5cb6585d49a0a353741fffbd4ec0eb91b905d0361a255f08c9f6961cf79,FALSE_RECONCILIATION,0,7,uav_2,17,289,9,9,92,17,17.177810519246698,28.318600594538196
gap_horizon_2uav_crossing,5001,18.0,ab638f3173d91cafb7ed29de974aa01634768e8d4c1ede7d519c0693ee4eaebc,8bcd0ebaf8a0ea94bc3bf5413ec2ce5134319b70a1238f95533c4bd0d6aa3006,FALSE_RECONCILIATION,0,7,uav_2,17,289,9,9,93,18,16.682072804426074,28.874845938817938
gap_horizon_2uav_crossing,5001,19.0,ab638f3173d91cafb7ed29de974aa01634768e8d4c1ede7d519c0693ee4eaebc,7b14f6e3ee0e77de66bb2544f9d3b9e14787dd1154fe95d1f46a35421e872e7a,FALSE_RECONCILIATION,0,7,uav_2,17,289,9,9,94,19,19.260089998139588,31.224992921206905
gap_horizon_2uav_crossing,5001,1.0,ab638f3173d91cafb7ed29de974aa01634768e8d4c1ede7d519c0693ee4eaebc,3614936fe14bdeb566ac82b7747cab46c97a8295eac44e32958d972b2c8e534b,FALSE_RECONCILIATION,8,7,uav_2,17,289,9,9,90,,,
gap_horizon_2uav_crossing,5001,20.0,ab638f3173d91cafb7ed29de974aa01634768e8d4c1ede7d519c0693ee4eaebc,31cd5a93b07acf2093aeb5746baef3370890f170feec32a7503b2b9ca9df0c23,FALSE_RECONCILIATION,0,7,uav_2,17,289,9,9,94,19,17.81108125601553,31.012829794811534
gap_horizon_2uav_crossing,5001,21.0,ab638f3173d91cafb7ed29de974aa01634768e8d4c1ede7d519c0693ee4eaebc,a0bdc44abb9de21fbb53a934ed5312b47180aad37d0f5bc35c8194297e65c85d,FALSE_RECONCILIATION,0,7,uav_2,17,289,9,9,86,,,
gap_horizon_2uav_crossing,5001,22.0,ab638f3173d91cafb7ed29de974aa01634768e8d4c1ede7d519c0693ee4eaebc,8b32fdcc497edc5462aa710d950a131456b3932f18b8f1da8c4e8830e7559a7d,FALSE_RECONCILIATION,0,7,uav_2,17,289,9,9,86,,,
gap_horizon_2uav_crossing,5001,23.0,ab638f3173d91cafb7ed29de974aa01634768e8d4c1ede7d519c0693ee4eaebc,df65f7220b4d60c6e625d122b8a2f5b1050883d2dc640ea2a81904edc0dece7a,FALSE_RECONCILIATION,0,7,uav_2,17,289,9,9,86,,,
gap_horizon_2uav_crossing,5001,24.0,ab638f3173d91cafb7ed29de974aa01634768e8d4c1ede7d519c0693ee4eaebc,e9e31ba426bd8da2c4d4278e32498faadfdf093f16b536997fddf023f684dbdd,FALSE_RECONCILIATION,0,7,uav_2,17,289,9,9,86,,,
gap_horizon_2uav_crossing,5001,2.0,ab638f3173d91cafb7ed29de974aa01634768e8d4c1ede7d519c0693ee4eaebc,14f2330a30571926d9693fa68cda5edec9333ffb1b8a134080d1b9b518632181,FALSE_RECONCILIATION,8,7,uav_2,17,289,9,9,76,1,4.559710278173023,4.559710278173023
gap_horizon_2uav_crossing,5001,3.0,ab638f3173d91cafb7ed29de974aa01634768e8d4c1ede7d519c0693ee4eaebc,66accf462c949a9067e44e5d6952484a53215c5fcd9c8507e2882e91345fa021,FALSE_RECONCILIATION,8,7,uav_2,17,289,9,9,90,,,
gap_horizon_2uav_crossing,5001,4.0,ab638f3173d91cafb7ed29de974aa01634768e8d4c1ede7d519c0693ee4eaebc,d3a3de938cab02ebb85a5f46e90a9435efa26d33db20b5169fc14c6ec106456e,FALSE_RECONCILIATION,8,7,uav_2,17,289,9,9,90,,,
gap_horizon_2uav_crossing,5001,5.0,ab638f3173d91cafb7ed29de974aa01634768e8d4c1ede7d519c0693ee4eaebc,e8f73f103018aad53f4a3c0aefe895d4f8409c4c7b7565ce9960e1ce10d72bc4,FALSE_RECONCILIATION,8,7,uav_2,17,289,9,9,90,,,
gap_horizon_2uav_crossing,5001,6.0,ab638f3173d91cafb7ed29de974aa01634768e8d4c1ede7d519c0693ee4eaebc,f66838c94a354a114e44bcd3152ca5196387417d2082fcdfa3c7197227c2f24b,FALSE_RECONCILIATION,8,7,uav_2,17,289,9,9,90,,,
gap_horizon_2uav_crossing,5001,7.0,ab638f3173d91cafb7ed29de974aa01634768e8d4c1ede7d519c0693ee4eaebc,cafefbacd1e9fd7e9cfae35464182cfae01ac5e801deddea27544fdffdab19ae,FALSE_RECONCILIATION,8,7,uav_2,17,289,9,9,90,,,
gap_horizon_2uav_crossing,5001,8.0,ab638f3173d91cafb7ed29de974aa01634768e8d4c1ede7d519c0693ee4eaebc,61e95d4d5c25b1bd7bc28dabe3a2914a4b98f7645eba67325c27837cf63824dc,FALSE_RECONCILIATION,8,7,uav_2,17,289,9,9,90,,,
gap_horizon_2uav_crossing,5001,9.0,ab638f3173d91cafb7ed29de974aa01634768e8d4c1ede7d519c0693ee4eaebc,1541a42e1a56d9b8372b1b6343fa26a387fd952eb6e3d2d617f85e1527e95eaf,FALSE_RECONCILIATION,8,7,uav_2,17,289,9,9,83,8,10.164830370923532,15.128320766119282
gap_horizon_2uav_crossing,5002,10.0,ab638f3173d91cafb7ed29de974aa01634768e8d4c1ede7d519c0693ee4eaebc,612acd7a9f07a5ba67d758f7e53ddf75be56617ccdd6c6cb273f66cea1961033,FALSE_RECONCILIATION,3,11,uav_2,31,961,22,22,250,10,2.7261220779555373,4.723897657931654
gap_horizon_2uav_crossing,5002,11.0,ab638f3173d91cafb7ed29de974aa01634768e8d4c1ede7d519c0693ee4eaebc,773c292541afcf604e2ddf9d43b810dcc740298a285f26998a5f6969de5f4bce,FALSE_RECONCILIATION,3,11,uav_2,31,961,22,22,251,11,2.063625306128341,2.809110490214742
gap_horizon_2uav_crossing,5002,12.0,ab638f3173d91cafb7ed29de974aa01634768e8d4c1ede7d519c0693ee4eaebc,0cc4ee72cacbe5d8cc0c2b804e4162a62f0ac4cc62f33394f2a373478bdac179,FALSE_RECONCILIATION,3,11,uav_2,31,961,22,22,252,11,4.000727670576167,5.000387101501296
gap_horizon_2uav_crossing,5002,13.0,ab638f3173d91cafb7ed29de974aa01634768e8d4c1ede7d519c0693ee4eaebc,7613b840b370b95c1e7923ef0f0a8f518e69c776212b4cacc093e1e17e364a68,FALSE_RECONCILIATION,3,11,uav_2,31,961,21,21,240,13,4.288003928928441,7.852924286462039
gap_horizon_2uav_crossing,5002,14.0,ab638f3173d91cafb7ed29de974aa01634768e8d4c1ede7d519c0693ee4eaebc,bf2d425775d55a95501e9f2e7665dce42d7ed3314fe0943d1250c30bc913c2d3,FALSE_RECONCILIATION,3,11,uav_2,31,961,21,21,241,14,3.3919749165963893,6.166236962992652
gap_horizon_2uav_crossing,5002,15.0,ab638f3173d91cafb7ed29de974aa01634768e8d4c1ede7d519c0693ee4eaebc,67ea69123c2174bf308fb746f4032d90aed1ec964fc5bf3f31602a9159282436,FALSE_RECONCILIATION,14,11,uav_2,31,961,20,20,223,14,2.694242981868235,5.4628185136081715
gap_horizon_2uav_crossing,5002,16.0,ab638f3173d91cafb7ed29de974aa01634768e8d4c1ede7d519c0693ee4eaebc,d3793e98d09b75c7477c15688d8325dd397c5ddce33c774d63dad2ebaf455075,FALSE_RECONCILIATION,14,13,uav_2,31,961,21,21,233,,,
gap_horizon_2uav_crossing,5002,17.0,ab638f3173d91cafb7ed29de974aa01634768e8d4c1ede7d519c0693ee4eaebc,c6da272f77fd0e6cb120ab9691571bf4fa87ab44b244b7512c5591be11f28085,NO_RECONCILIATION,13,3,uav_1,30,900,21,21,225,16,8.0201673222235,12.697685779379508
gap_horizon_2uav_crossing,5002,18.0,ab638f3173d91cafb7ed29de974aa01634768e8d4c1ede7d519c0693ee4eaebc,9447050149222f236ba939d9ffbfe7420aec65291503a929c622e88b396672aa,NO_RECONCILIATION,13,3,uav_1,30,900,21,21,226,17,11.027435777412338,15.183188633239887
gap_horizon_2uav_crossing,5002,19.0,ab638f3173d91cafb7ed29de974aa01634768e8d4c1ede7d519c0693ee4eaebc,558139d035fdc1604e85515c4e8468d80babd3abaed9b6ee1d1d082e21467fc8,NO_RECONCILIATION,13,3,uav_1,30,900,21,21,227,18,9.114984263255128,14.702617652674341
gap_horizon_2uav_crossing,5002,1.0,ab638f3173d91cafb7ed29de974aa01634768e8d4c1ede7d519c0693ee4eaebc,44f12b336a4bfeaab5e67e20e597680567a07bfe90b0b40bc1e119732273d291,FALSE_RECONCILIATION,3,11,uav_2,31,961,22,22,241,,,
gap_horizon_2uav_crossing,5002,20.0,ab638f3173d91cafb7ed29de974aa01634768e8d4c1ede7d519c0693ee4eaebc,4f9a5072c977f7a2831bd6ae00af7560d2282155222f0bf34b8bf1547c1b80ad,NO_RECONCILIATION,13,3,uav_1,29,841,20,20,228,19,10.826073673819764,16.408138136471337
gap_horizon_2uav_crossing,5002,21.0,ab638f3173d91cafb7ed29de974aa01634768e8d4c1ede7d519c0693ee4eaebc,5a92e4e408a7acaeeee5dae3dd626e9a9952825bfb5ba8b5bf93db6ac499df91,NO_RECONCILIATION,13,3,uav_1,29,841,19,19,204,,,
gap_horizon_2uav_crossing,5002,22.0,ab638f3173d91cafb7ed29de974aa01634768e8d4c1ede7d519c0693ee4eaebc,8b4dae5ce4330b92a3b7baa9692f41c4f367959c72d62455e856e5453c383967,NO_RECONCILIATION,13,3,uav_1,29,841,19,19,204,,,
gap_horizon_2uav_crossing,5002,23.0,ab638f3173d91cafb7ed29de974aa01634768e8d4c1ede7d519c0693ee4eaebc,a7ccc258a0e933525d9e3d59af8a1cc49c92b54ca205275af327d01cd56ef3bb,NO_RECONCILIATION,13,3,uav_1,29,841,19,19,204,,,
gap_horizon_2uav_crossing,5002,24.0,ab638f3173d91cafb7ed29de974aa01634768e8d4c1ede7d519c0693ee4eaebc,5e2b1ddf1eb24e3e34370b2cf4771bf9c3758cd698e2d97385376aa3f4a95d41,NO_RECONCILIATION,13,3,uav_1,29,841,19,19,204,,,
gap_horizon_2uav_crossing,5002,2.0,ab638f3173d91cafb7ed29de974aa01634768e8d4c1ede7d519c0693ee4eaebc,9ad2a79cb9f8c98a2dad8b7ebbdc69ae5a9115b7dafddbcbaed3cede2f5e1c95,FALSE_RECONCILIATION,3,11,uav_2,31,961,22,22,242,1,4.8108253868669655,4.8108253868669655
gap_horizon_2uav_crossing,5002,3.0,ab638f3173d91cafb7ed29de974aa01634768e8d4c1ede7d519c0693ee4eaebc,326343c259fd78dde1201c942c8cb92bc7eb1774ca398b8f7d64d2d37d4d3e04,FALSE_RECONCILIATION,3,11,uav_2,31,961,22,22,243,2,3.592723449798192,3.7664413723390733
gap_horizon_2uav_crossing,5002,4.0,ab638f3173d91cafb7ed29de974aa01634768e8d4c1ede7d519c0693ee4eaebc,e4c3d95eb01e5c30ddff173f26730af198df3d35f7238f8f277d636c391939f0,FALSE_RECONCILIATION,3,11,uav_2,31,961,22,22,244,3,2.411632046154201,2.4206346836299324
gap_horizon_2uav_crossing,5002,5.0,ab638f3173d91cafb7ed29de974aa01634768e8d4c1ede7d519c0693ee4eaebc,fcb8f305c6221940f3896a6ac1910482c00fac166f909aeb33709852fbc98993,FALSE_RECONCILIATION,3,11,uav_2,31,961,22,22,245,4,4.215442502197481,4.277407824112126
gap_horizon_2uav_crossing,5002,6.0,ab638f3173d91cafb7ed29de974aa01634768e8d4c1ede7d519c0693ee4eaebc,86fd9351bbbdad99e535e274585109cd5ebc363ba0a3d56413089fc64d2bcc30,FALSE_RECONCILIATION,3,11,uav_2,31,961,22,22,246,6,1.9542285858255763,2.6437154189985015
gap_horizon_2uav_crossing,5002,7.0,ab638f3173d91cafb7ed29de974aa01634768e8d4c1ede7d519c0693ee4eaebc,9325d1b6f00698e43e54694da2151521ba1d686714a28a916bc6a9d7a7c3f372,FALSE_RECONCILIATION,3,11,uav_2,31,961,22,22,247,7,4.690111333242332,5.008947582270671
gap_horizon_2uav_crossing,5002,8.0,ab638f3173d91cafb7ed29de974aa01634768e8d4c1ede7d519c0693ee4eaebc,0d0b04c3467bcaf5485c1201a4b52e8ff8e1d1dbddcae5ed0961fa65ef6a5f48,FALSE_RECONCILIATION,3,11,uav_2,31,961,22,22,248,7,3.7085115915119045,4.793927090951156
gap_horizon_2uav_crossing,5002,9.0,ab638f3173d91cafb7ed29de974aa01634768e8d4c1ede7d519c0693ee4eaebc,6793a430edee00c154d7011405303035ba27f4f963900bcc8bbc1225417df946,FALSE_RECONCILIATION,3,11,uav_2,31,961,22,22,249,9,3.777219435830367,4.980171259704498
gap_horizon_2uav_crossing,5003,10.0,ab638f3173d91cafb7ed29de974aa01634768e8d4c1ede7d519c0693ee4eaebc,bf193dafbaf56a436f6ae3f7239a6f5898997d3d784756eae9bff9ea9133c722,CORRECT_RECONCILIATION,4,4,uav_1,30,900,21,21,165,9,4.17129331968006,7.210409421786432
gap_horizon_2uav_crossing,5003,11.0,ab638f3173d91cafb7ed29de974aa01634768e8d4c1ede7d519c0693ee4eaebc,ddb2bb7053cadff6fcc4d03f826b38ba6845adf2b767e12dd07de43a6c4b590f,CORRECT_RECONCILIATION,4,4,uav_1,30,900,21,21,166,10,5.985642293921126,7.566099164508041
gap_horizon_2uav_crossing,5003,12.0,ab638f3173d91cafb7ed29de974aa01634768e8d4c1ede7d519c0693ee4eaebc,df02fd810f0eea7449ef3dffa6cca3fe6049ee58dab92f2e43807096a99f2e1f,NO_RECONCILIATION,4,13,uav_1,30,900,21,21,168,11,18.23574347032617,27.913969945572358
gap_horizon_2uav_crossing,5003,13.0,ab638f3173d91cafb7ed29de974aa01634768e8d4c1ede7d519c0693ee4eaebc,1e60b38c6c2df43b5664f852a0e030b4d1b43e0c061e65fc914a99c55defb0e1,CORRECT_RECONCILIATION,4,4,uav_1,30,900,21,21,169,13,4.777207684400434,7.337765438102811
gap_horizon_2uav_crossing,5003,14.0,ab638f3173d91cafb7ed29de974aa01634768e8d4c1ede7d519c0693ee4eaebc,862e3eff1f8684dafb465165f7ff9bd0c6b37998c4cfc23278ec1a8fa36fde2f,NO_RECONCILIATION,4,13,uav_1,30,900,21,21,170,13,18.763929530012664,30.38212893298535
gap_horizon_2uav_crossing,5003,15.0,ab638f3173d91cafb7ed29de974aa01634768e8d4c1ede7d519c0693ee4eaebc,8743d3b864a1a91efbc3fd51302b075df775f14cdca952f3d95cca8eb61a363d,CORRECT_RECONCILIATION,4,4,uav_1,30,900,21,21,170,14,6.197475496732076,7.820710144121665
gap_horizon_2uav_crossing,5003,16.0,ab638f3173d91cafb7ed29de974aa01634768e8d4c1ede7d519c0693ee4eaebc,94efdff0db224704f8ab8da6b40a625fe237da631a7aae1fb2ea60efb6226e72,NO_RECONCILIATION,4,13,uav_1,30,900,21,21,172,15,20.489222452789896,33.207286009763386
gap_horizon_2uav_crossing,5003,17.0,ab638f3173d91cafb7ed29de974aa01634768e8d4c1ede7d519c0693ee4eaebc,4cefa80772ce25904fd55c61e6d3683947f5d0226f2511509e20d369e6997199,NO_RECONCILIATION,4,13,uav_1,30,900,21,21,173,16,21.929368970407097,35.6735625740343
gap_horizon_2uav_crossing,5003,18.0,ab638f3173d91cafb7ed29de974aa01634768e8d4c1ede7d519c0693ee4eaebc,ddcffe46b35898ed1f9706d073035f6fe477ece73fd3a5854497eb19419cb5cb,NO_RECONCILIATION,4,13,uav_1,30,900,21,21,174,17,21.583516660743797,35.92948111251264
gap_horizon_2uav_crossing,5003,19.0,ab638f3173d91cafb7ed29de974aa01634768e8d4c1ede7d519c0693ee4eaebc,9420742d4737edd70cf7b179f2d2ce5374e87b591da6c5872a943cb9ddfef672,CORRECT_RECONCILIATION,4,4,uav_1,29,841,20,20,158,19,6.2813652852197075,8.311949999791098
gap_horizon_2uav_crossing,5003,1.0,ab638f3173d91cafb7ed29de974aa01634768e8d4c1ede7d519c0693ee4eaebc,f2e6fba4408dbf1ab230caf99a370d0263cb4dd7e0d48233602b25787dfc389d,NO_RECONCILIATION,4,13,uav_1,31,961,23,23,188,,,
gap_horizon_2uav_crossing,5003,20.0,ab638f3173d91cafb7ed29de974aa01634768e8d4c1ede7d519c0693ee4eaebc,ed3cbbcdc7fe3c651d7e10489c7f8fe8333e8b9df892d9ccacc279af7eabedaf,CORRECT_RECONCILIATION,4,4,uav_1,29,841,20,20,151,19,24.088408255213395,39.64558519030391
gap_horizon_2uav_crossing,5003,21.0,ab638f3173d91cafb7ed29de974aa01634768e8d4c1ede7d519c0693ee4eaebc,c8a9d645683c15a7b12dfa4e345387892c4249f148febd3a5a041cee43d67f15,NO_RECONCILIATION,4,14,uav_1,29,841,20,20,148,16,36.12185404007935,60.636341377825595
gap_horizon_2uav_crossing,5003,22.0,ab638f3173d91cafb7ed29de974aa01634768e8d4c1ede7d519c0693ee4eaebc,e3012d691fd69a0e4fbb177125c4053164276e8a7bdce21dc0d5d15bf379fe08,NO_RECONCILIATION,4,14,uav_1,29,841,20,20,149,17,37.88222774974939,62.41085459871842
gap_horizon_2uav_crossing,5003,23.0,ab638f3173d91cafb7ed29de974aa01634768e8d4c1ede7d519c0693ee4eaebc,50424b0d8d8e6ac8480763ee81c4218959034eae76d5062bbb1196ed973e4f27,NO_RECONCILIATION,4,14,uav_1,29,841,20,20,150,18,39.26052997531144,63.90564357725391
gap_horizon_2uav_crossing,5003,24.0,ab638f3173d91cafb7ed29de974aa01634768e8d4c1ede7d519c0693ee4eaebc,58124fa8031e8dbf4dbf7b643b531e81a08bd8dbe3075c2c96589146e2b426a8,NO_RECONCILIATION,4,14,uav_1,29,841,20,20,151,19,38.77530294492778,64.85953316546193
gap_horizon_2uav_crossing,5003,2.0,ab638f3173d91cafb7ed29de974aa01634768e8d4c1ede7d519c0693ee4eaebc,0e39318c2182cafc8cb8383f97a4bbefcedcdf07c16db04cec0c4aa4d9fd09a0,NO_RECONCILIATION,4,13,uav_1,31,961,23,23,189,1,1.3061118040879593,1.3061118040879593
gap_horizon_2uav_crossing,5003,3.0,ab638f3173d91cafb7ed29de974aa01634768e8d4c1ede7d519c0693ee4eaebc,0245430aaaef66562673081466feead8fdb1f2cc63f08fc181b6d23146655e3b,NO_RECONCILIATION,4,13,uav_1,31,961,23,23,190,3,4.859522130278578,5.321678862548489
gap_horizon_2uav_crossing,5003,4.0,ab638f3173d91cafb7ed29de974aa01634768e8d4c1ede7d519c0693ee4eaebc,b83186ed1dfd92fc29e07f368f2799f320b56df78dce421264c7aa4fa7e919ef,NO_RECONCILIATION,4,13,uav_1,31,961,23,23,191,3,2.9880046695690226,3.4763069655175287
gap_horizon_2uav_crossing,5003,5.0,ab638f3173d91cafb7ed29de974aa01634768e8d4c1ede7d519c0693ee4eaebc,d5893c8264268df707b621f4fa47e53060d3f0e0ea01702330c80e4b4cf39179,NO_RECONCILIATION,4,13,uav_1,32,1024,24,24,202,4,2.8209300023917394,3.8508739244934476
gap_horizon_2uav_crossing,5003,6.0,ab638f3173d91cafb7ed29de974aa01634768e8d4c1ede7d519c0693ee4eaebc,0b1e6a2e8d30158ff8a56300e2fcfe7d3a3676aaa0832f8a9a2da26c5ec891e1,NO_RECONCILIATION,4,13,uav_1,32,1024,24,24,203,5,3.912663742654465,4.564961027005004
gap_horizon_2uav_crossing,5003,7.0,ab638f3173d91cafb7ed29de974aa01634768e8d4c1ede7d519c0693ee4eaebc,fa45a14b7b5f25acbbb63a7e02463c5ff16687c0cb900f2dc25dcf1cab5272f4,NO_RECONCILIATION,4,10,uav_1,32,1024,24,24,186,6,14.22177442667882,20.125278174818217
gap_horizon_2uav_crossing,5003,8.0,ab638f3173d91cafb7ed29de974aa01634768e8d4c1ede7d519c0693ee4eaebc,5b36ca46e87b6e3cd7ca0a52d1f9c5ab56c982d9e02ff9ae4249540df1b098b1,CORRECT_RECONCILIATION,4,4,uav_1,31,961,23,23,188,8,5.333031469815258,7.062678770244419
gap_horizon_2uav_crossing,5003,9.0,ab638f3173d91cafb7ed29de974aa01634768e8d4c1ede7d519c0693ee4eaebc,ef40d8b97495acc5f407a566dea99fcbfa95015a27d35899a9f0b27f11129817,CORRECT_RECONCILIATION,10,10,uav_1,31,961,23,23,189,9,6.5860169793045555,7.365113617146842
gap_horizon_2uav_crossing,5004,10.0,ab638f3173d91cafb7ed29de974aa01634768e8d4c1ede7d519c0693ee4eaebc,b945663f704fdbd8e083fd89424f890fd27861d0517ee606804c18890e2e9b6f,FALSE_RECONCILIATION,2,3,uav_2,28,784,20,20,204,9,3.089642438898125,3.927603572671465
gap_horizon_2uav_crossing,5004,11.0,ab638f3173d91cafb7ed29de974aa01634768e8d4c1ede7d519c0693ee4eaebc,983aa1c060e8f3b946087594c94121ec4bd6ed8a5c0ae36eb76ff8f85b8cbcc9,FALSE_RECONCILIATION,2,3,uav_2,28,784,20,20,203,10,5.5756974260588805,7.048041953536555
gap_horizon_2uav_crossing,5004,12.0,ab638f3173d91cafb7ed29de974aa01634768e8d4c1ede7d519c0693ee4eaebc,078cd915bc21b5f71be5ad89b17c237c24f8005d0b4c0cc629851d4e78cab63e,FALSE_RECONCILIATION,2,3,uav_2,28,784,20,20,206,12,3.3855632174856716,3.980514913881129
gap_horizon_2uav_crossing,5004,13.0,ab638f3173d91cafb7ed29de974aa01634768e8d4c1ede7d519c0693ee4eaebc,fa96d65dcc79e8de16bc9a5dea6817c4101dd524da50d9e938791bf1c1ef1589,FALSE_RECONCILIATION,2,3,uav_2,28,784,20,20,207,12,5.424383820282749,5.807812042128746
gap_horizon_2uav_crossing,5004,14.0,ab638f3173d91cafb7ed29de974aa01634768e8d4c1ede7d519c0693ee4eaebc,22e8c0ae1010d18c0e77d40de7f698a0e3ffa4056ff6874a9692c3a38810b932,FALSE_RECONCILIATION,2,3,uav_2,28,784,20,20,206,13,5.435880904228497,6.790807849235195
gap_horizon_2uav_crossing,5004,15.0,ab638f3173d91cafb7ed29de974aa01634768e8d4c1ede7d519c0693ee4eaebc,28b2a8735de217a630226093b52acad139eaf12ce5e059e7921f0626f3a1afee,FALSE_RECONCILIATION,2,3,uav_2,28,784,20,20,204,14,4.417213989059312,5.282742485774392
gap_horizon_2uav_crossing,5004,16.0,ab638f3173d91cafb7ed29de974aa01634768e8d4c1ede7d519c0693ee4eaebc,caee6ac9facbb776be2858e0290330ea39931720d3aee82b2e4331773a2911db,FALSE_RECONCILIATION,2,3,uav_2,28,784,20,20,208,16,3.9738924890530347,6.414013687551129
gap_horizon_2uav_crossing,5004,17.0,ab638f3173d91cafb7ed29de974aa01634768e8d4c1ede7d519c0693ee4eaebc,f061a021396a832b88645c5d0a9c35fac9b3ea9ca4cc6dde90744397efaaa3f6,FALSE_RECONCILIATION,2,3,uav_2,28,784,20,20,206,17,4.601451025690866,5.572073118965103
gap_horizon_2uav_crossing,5004,18.0,ab638f3173d91cafb7ed29de974aa01634768e8d4c1ede7d519c0693ee4eaebc,aa8a5677af01fe9f741173154843e62939de8fad679d5b41a56086bd857c82d0,FALSE_RECONCILIATION,2,3,uav_2,28,784,20,20,207,18,5.022626187723273,5.733331630197242
gap_horizon_2uav_crossing,5004,19.0,ab638f3173d91cafb7ed29de974aa01634768e8d4c1ede7d519c0693ee4eaebc,d9b341ecbc87c50b9d3aacb808d35941fcf165fc012bb2ac9e65fab487def173,FALSE_RECONCILIATION,2,3,uav_2,28,784,20,20,208,18,4.17124784253079,5.4806668540327195
gap_horizon_2uav_crossing,5004,1.0,ab638f3173d91cafb7ed29de974aa01634768e8d4c1ede7d519c0693ee4eaebc,5794c5843020d4e78d559057700dd81bf82bf1960d2e6c2e51734042776cda1e,CORRECT_RECONCILIATION,2,2,uav_1,29,841,21,21,198,,,
gap_horizon_2uav_crossing,5004,20.0,ab638f3173d91cafb7ed29de974aa01634768e8d4c1ede7d519c0693ee4eaebc,6505b22e366702043ff38f1eb9e5c9b70477a397124b0b0a9cd79dfdf47b1013,FALSE_RECONCILIATION,2,3,uav_2,28,784,20,20,208,19,16.149078223598213,28.549514922703946
gap_horizon_2uav_crossing,5004,21.0,ab638f3173d91cafb7ed29de974aa01634768e8d4c1ede7d519c0693ee4eaebc,d345c5abfcab01c1d0b887f728b87016ae228515b79a6340c9889f56ab31dec6,FALSE_RECONCILIATION,2,3,uav_2,28,784,19,19,189,,,
gap_horizon_2uav_crossing,5004,22.0,ab638f3173d91cafb7ed29de974aa01634768e8d4c1ede7d519c0693ee4eaebc,02591327e4f105415f2b3ab7e6895c37247fc0211d189501ed634efbbf477c50,FALSE_RECONCILIATION,2,3,uav_2,28,784,19,19,189,,,
gap_horizon_2uav_crossing,5004,23.0,ab638f3173d91cafb7ed29de974aa01634768e8d4c1ede7d519c0693ee4eaebc,5756da9f6f817ba80fedc2074047dd5fc2645489a084dddfbe0d9fb880a7d952,FALSE_RECONCILIATION,2,3,uav_2,28,784,19,19,189,,,
gap_horizon_2uav_crossing,5004,24.0,ab638f3173d91cafb7ed29de974aa01634768e8d4c1ede7d519c0693ee4eaebc,65f6884db515d8b7462bc14b0f6cc54ca730c397c064fed584fd2fb44818ff3a,FALSE_RECONCILIATION,2,3,uav_2,28,784,19,19,189,,,
gap_horizon_2uav_crossing,5004,2.0,ab638f3173d91cafb7ed29de974aa01634768e8d4c1ede7d519c0693ee4eaebc,3718bf51abca2dfec72c8e3d9a554edd2111256fa14936c4442ae70819f8eb69,FALSE_RECONCILIATION,2,3,uav_2,29,841,21,21,203,2,2.4288781738769347,2.624323523418279
gap_horizon_2uav_crossing,5004,3.0,ab638f3173d91cafb7ed29de974aa01634768e8d4c1ede7d519c0693ee4eaebc,df0568ede4e6549c6db56b4b4c8914143a1b4cf651a9ee8e88132ccf053ad8bf,FALSE_RECONCILIATION,2,3,uav_2,29,841,21,21,204,2,4.930303168482833,5.085203051309353
gap_horizon_2uav_crossing,5004,4.0,ab638f3173d91cafb7ed29de974aa01634768e8d4c1ede7d519c0693ee4eaebc,13903debd597c568b6e1f9055e52cb026d5d79bcc5051486a556513ee537a983,FALSE_RECONCILIATION,2,3,uav_2,28,784,20,20,198,4,2.5030631943100503,2.6308716334775637
gap_horizon_2uav_crossing,5004,5.0,ab638f3173d91cafb7ed29de974aa01634768e8d4c1ede7d519c0693ee4eaebc,d8aa02678ba636e81c6e3c2eb80ed32051e1d22eb8a1c9de1e63fc48643da642,FALSE_RECONCILIATION,2,3,uav_2,28,784,20,20,199,5,1.6483297782306494,2.022322627127768
gap_horizon_2uav_crossing,5004,6.0,ab638f3173d91cafb7ed29de974aa01634768e8d4c1ede7d519c0693ee4eaebc,02c184f5a256efd8661c50543b9adbeb4442a8b187ebfc9904feee3c9215c1ac,FALSE_RECONCILIATION,2,3,uav_2,28,784,20,20,200,6,2.0214136924614072,2.6593704455293103
gap_horizon_2uav_crossing,5004,7.0,ab638f3173d91cafb7ed29de974aa01634768e8d4c1ede7d519c0693ee4eaebc,35f62540a4c44c789ca23b9a8329e42246c0681725445370c33cad52f2485463,FALSE_RECONCILIATION,2,3,uav_2,28,784,20,20,201,6,4.634723082286173,4.864063438531963
gap_horizon_2uav_crossing,5004,8.0,ab638f3173d91cafb7ed29de974aa01634768e8d4c1ede7d519c0693ee4eaebc,a964586f013ed276a79b6f6d3e3ff82d690fdd7e2f51a6c044f7f2f3647733b3,FALSE_RECONCILIATION,2,3,uav_2,28,784,20,20,202,8,2.787498255875373,3.9586194620070816
gap_horizon_2uav_crossing,5004,9.0,ab638f3173d91cafb7ed29de974aa01634768e8d4c1ede7d519c0693ee4eaebc,98b0dcb44da10d21bac8ba5bc48bf627136f49721d8ae2e6dff02c4596a1b1c9,FALSE_RECONCILIATION,2,3,uav_2,28,784,20,20,203,8,4.369451257717795,4.685053553260553
gap_horizon_2uav_crossing,5005,10.0,ab638f3173d91cafb7ed29de974aa01634768e8d4c1ede7d519c0693ee4eaebc,bcb0311f58f7e2f6aaf2615c8d1e1204bd38e8d4af7c5b134597531946d4fa62,NO_RECONCILIATION,10,0,uav_1,29,841,20,20,166,9,5.316667594712416,7.207359404779465
gap_horizon_2uav_crossing,5005,11.0,ab638f3173d91cafb7ed29de974aa01634768e8d4c1ede7d519c0693ee4eaebc,1657959f77c38b9aa4818ecd1cbc6a32693600385c6384af929e7680a6c53274,NO_RECONCILIATION,10,0,uav_1,29,841,20,20,167,11,4.039170397548376,7.628820992810813
gap_horizon_2uav_crossing,5005,12.0,ab638f3173d91cafb7ed29de974aa01634768e8d4c1ede7d519c0693ee4eaebc,495c0be431cc7b7b2fc93d1fe588fa8e8602bf701da1cd49d73edb0cc4645bc9,NO_RECONCILIATION,10,0,uav_1,29,841,20,20,166,12,3.533246508826425,4.455616687932287
gap_horizon_2uav_crossing,5005,13.0,ab638f3173d91cafb7ed29de974aa01634768e8d4c1ede7d519c0693ee4eaebc,af31cc4da5004c4891bfa7d4aa17bf4c391fe1b5b7176bf8aac3c992d85af058,NO_RECONCILIATION,10,0,uav_1,29,841,20,20,169,12,5.477291126281845,8.259418295993258
gap_horizon_2uav_crossing,5005,14.0,ab638f3173d91cafb7ed29de974aa01634768e8d4c1ede7d519c0693ee4eaebc,6f0ef2e18b8e4c878ba8fb83a67085187e8fc46ad8d498a266cd4f9a9a93ad65,NO_RECONCILIATION,10,0,uav_1,29,841,20,20,170,13,5.2160558248404065,8.701942841204444
gap_horizon_2uav_crossing,5005,15.0,ab638f3173d91cafb7ed29de974aa01634768e8d4c1ede7d519c0693ee4eaebc,bc99926e6ccca96f2bcd81cf555ff8e44b5f65ceb404ca24a309e414a64414ae,NO_RECONCILIATION,10,0,uav_1,29,841,20,20,171,14,4.155880706281915,8.322039553614212
gap_horizon_2uav_crossing,5005,16.0,ab638f3173d91cafb7ed29de974aa01634768e8d4c1ede7d519c0693ee4eaebc,fa03302daf463f34d31b03c77c72d30073136781f7e79fa366f2f5b3296fd501,NO_RECONCILIATION,10,0,uav_1,29,841,20,20,170,16,2.361765021119939,4.050729461356031
gap_horizon_2uav_crossing,5005,17.0,ab638f3173d91cafb7ed29de974aa01634768e8d4c1ede7d519c0693ee4eaebc,ec1ec6aa5464deecc1b95e68a3020b47cedf85ad1b013b1213a5841166701e46,NO_RECONCILIATION,10,0,uav_1,29,841,20,20,171,17,2.393876751333874,4.2237154953301825
gap_horizon_2uav_crossing,5005,18.0,ab638f3173d91cafb7ed29de974aa01634768e8d4c1ede7d519c0693ee4eaebc,ce92f34d95675c9c82c6ea5ea147409c3677b55763663b62a1c66e2a10679660,NO_RECONCILIATION,10,0,uav_1,29,841,20,20,172,17,7.746279793702221,13.774195782501664
gap_horizon_2uav_crossing,5005,19.0,ab638f3173d91cafb7ed29de974aa01634768e8d4c1ede7d519c0693ee4eaebc,4cbf6ffeef1cdd79e609b0873c82559f59f5282a6b9d3ec912d3913e2384953d,NO_RECONCILIATION,10,0,uav_1,29,841,20,20,174,19,8.331873438085417,14.953057024752116
gap_horizon_2uav_crossing,5005,1.0,ab638f3173d91cafb7ed29de974aa01634768e8d4c1ede7d519c0693ee4eaebc,b68e75a4946397a2c0e26e85ad5929ad5f06bbeb0d4ccad6b67a14f256371981,FALSE_RECONCILIATION,10,6,uav_2,29,841,20,20,156,,,
gap_horizon_2uav_crossing,5005,20.0,ab638f3173d91cafb7ed29de974aa01634768e8d4c1ede7d519c0693ee4eaebc,c12ce13c93a857518d45ec146af0b6e0cafa13315b72bebb7f9d267c11a9c06e,NO_RECONCILIATION,10,0,uav_1,29,841,19,19,152,,,
gap_horizon_2uav_crossing,5005,21.0,ab638f3173d91cafb7ed29de974aa01634768e8d4c1ede7d519c0693ee4eaebc,e1581656397ac2888380d0685bcd07365b60395be5f2a4984b778abc996a1a6b,FALSE_RECONCILIATION,10,10,uav_2,28,784,18,18,138,19,26.844494511673144,45.42386391814652
gap_horizon_2uav_crossing,5005,22.0,ab638f3173d91cafb7ed29de974aa01634768e8d4c1ede7d519c0693ee4eaebc,4eab1d4f7dc2ef56813267443779ca0428e27c07103b46b3779ab6e02983791b,FALSE_RECONCILIATION,10,6,uav_2,28,784,17,17,118,,,
gap_horizon_2uav_crossing,5005,23.0,ab638f3173d91cafb7ed29de974aa01634768e8d4c1ede7d519c0693ee4eaebc,175ffde620e68a345d39ffc331d34bb93a1238993656ebf544d1a53704406ded,FALSE_RECONCILIATION,10,6,uav_2,28,784,17,17,118,,,
gap_horizon_2uav_crossing,5005,24.0,ab638f3173d91cafb7ed29de974aa01634768e8d4c1ede7d519c0693ee4eaebc,3eee89b392b724e59a297922a0b91adcc53b839b1768d8588ebe6b8dd4b2cf5f,FALSE_RECONCILIATION,10,6,uav_2,28,784,17,17,118,,,
gap_horizon_2uav_crossing,5005,2.0,ab638f3173d91cafb7ed29de974aa01634768e8d4c1ede7d519c0693ee4eaebc,a5b61d7b48544d0431d4661831976d9099563516da2cc92c8beba15d6f850442,NO_RECONCILIATION,10,0,uav_1,29,841,20,20,158,1,3.5100954777762734,3.5100954777762734
gap_horizon_2uav_crossing,5005,3.0,ab638f3173d91cafb7ed29de974aa01634768e8d4c1ede7d519c0693ee4eaebc,90587e79d8d3c356498e4b76b4ee11b9f3d343f15232d08aa78ed820dd5ce3e2,NO_RECONCILIATION,10,0,uav_1,29,841,20,20,157,2,3.089469364384616,3.2735377370650016
gap_horizon_2uav_crossing,5005,4.0,ab638f3173d91cafb7ed29de974aa01634768e8d4c1ede7d519c0693ee4eaebc,1be9fdfe1f736afda228620ee21a3f2624fb88ea098dc3cb654226be4c4fc614,NO_RECONCILIATION,10,0,uav_1,29,841,20,20,160,3,6.9638118841480505,7.26696761868049
gap_horizon_2uav_crossing,5005,5.0,ab638f3173d91cafb7ed29de974aa01634768e8d4c1ede7d519c0693ee4eaebc,ded9e8f11ca44c6026a8003c177448ebd571c9b2f851509d2b79effdcb273ba1,NO_RECONCILIATION,10,0,uav_1,29,841,20,20,159,4,2.933160174625138,3.4651537926081843
gap_horizon_2uav_crossing,5005,6.0,ab638f3173d91cafb7ed29de974aa01634768e8d4c1ede7d519c0693ee4eaebc,062076b69a09fb0274b933db8d21d7491995f9411e80d11b488e161e48e73f23,NO_RECONCILIATION,10,0,uav_1,29,841,20,20,163,6,5.642909756835798,7.1752843069390915
gap_horizon_2uav_crossing,5005,7.0,ab638f3173d91cafb7ed29de974aa01634768e8d4c1ede7d519c0693ee4eaebc,b987a4d28bd54c7e042f29ca3f613120ec28aac2076573181ae21f9c30f6f79b,NO_RECONCILIATION,10,0,uav_1,29,841,20,20,164,7,4.1534854354518185,5.163466882947952
gap_horizon_2uav_crossing,5005,8.0,ab638f3173d91cafb7ed29de974aa01634768e8d4c1ede7d519c0693ee4eaebc,3cad4c66a54c63ed68aaae92ddac23f8a03689124efc7f092e84d2dd57ec31c8,NO_RECONCILIATION,10,0,uav_1,29,841,20,20,164,7,7.114559390590967,7.797937697905951
gap_horizon_2uav_crossing,5005,9.0,ab638f3173d91cafb7ed29de974aa01634768e8d4c1ede7d519c0693ee4eaebc,bb9337a60af1dcf1467b456470d115477c9dd5a157e7aef6dca8a8c416d0cde2,NO_RECONCILIATION,10,0,uav_1,29,841,20,20,163,8,2.6547430288035274,3.8841541140455553
gap_horizon_2uav_crossing,5006,10.0,ab638f3173d91cafb7ed29de974aa01634768e8d4c1ede7d519c0693ee4eaebc,4c9e99be4437ddc98c59ab3d5a64133b2dce95f623dee7b4911f9577363291de,FALSE_RECONCILIATION,4,2,uav_2,26,676,17,17,172,9,11.37049281015898,17.454186107068264
gap_horizon_2uav_crossing,5006,11.0,ab638f3173d91cafb7ed29de974aa01634768e8d4c1ede7d519c0693ee4eaebc,3f86d91e738e424bd4db0ea00c9d51332891caa45f93cbb1d5f11bb011473180,FALSE_RECONCILIATION,4,2,uav_2,26,676,17,17,169,10,13.174169085667927,20.708690181646336
gap_horizon_2uav_crossing,5006,12.0,ab638f3173d91cafb7ed29de974aa01634768e8d4c1ede7d519c0693ee4eaebc,1e788a3730d88187a0a44776e476eda62fc6dd87453d48632abf14ea5c6810bd,FALSE_RECONCILIATION,4,2,uav_2,26,676,17,17,175,12,11.513989207082735,20.17187374002124
gap_horizon_2uav_crossing,5006,13.0,ab638f3173d91cafb7ed29de974aa01634768e8d4c1ede7d519c0693ee4eaebc,bc52701f38e02d4273a529576c1dbbe9f9f5b584f6c446f4913e25784f2bf406,FALSE_RECONCILIATION,4,2,uav_2,26,676,17,17,171,12,13.832603764705048,22.6473847107639
gap_horizon_2uav_crossing,5006,14.0,ab638f3173d91cafb7ed29de974aa01634768e8d4c1ede7d519c0693ee4eaebc,c3aeb2304692b47b3abe021ce65e5b5a83f312c6321f9b5da1bf6ec9b1087c62,FALSE_RECONCILIATION,4,2,uav_2,26,676,17,17,172,13,14.530158806092647,23.927208810847546
gap_horizon_2uav_crossing,5006,15.0,ab638f3173d91cafb7ed29de974aa01634768e8d4c1ede7d519c0693ee4eaebc,7123ffae0217f4ea3f343cd52090f09e0bf26c732a7f2930a4de7a9f83f94215,FALSE_RECONCILIATION,4,2,uav_2,26,676,17,17,173,15,9.958911911362291,16.59631172665342
gap_horizon_2uav_crossing,5006,16.0,ab638f3173d91cafb7ed29de974aa01634768e8d4c1ede7d519c0693ee4eaebc,4b7864c57bc5e76b017d589ff4ff7b7ffa3ae6cb5753db02840ad986f944e91d,FALSE_RECONCILIATION,4,2,uav_2,26,676,17,17,174,15,15.698855519362757,26.817203687182772
gap_horizon_2uav_crossing,5006,17.0,ab638f3173d91cafb7ed29de974aa01634768e8d4c1ede7d519c0693ee4eaebc,2dbda9f476c975eee57a0b468473a4ea109df27a0c3d95ecd6d13548fb6aa43d,FALSE_RECONCILIATION,4,2,uav_2,26,676,17,17,175,16,17.703859333111055,29.33941215390088
gap_horizon_2uav_crossing,5006,18.0,ab638f3173d91cafb7ed29de974aa01634768e8d4c1ede7d519c0693ee4eaebc,808696f9f68b661db81b70b240ef6e3fe73f31f8b30eb8259bfec04c12ff371c,FALSE_RECONCILIATION,4,2,uav_2,25,625,16,16,159,17,18.512881174239233,30.244259248730703
gap_horizon_2uav_crossing,5006,19.0,ab638f3173d91cafb7ed29de974aa01634768e8d4c1ede7d519c0693ee4eaebc,aa8171da9c2871849701e29aec18e8283c7088826c9e80f0674c03137f0c54c7,FALSE_RECONCILIATION,4,2,uav_2,25,625,16,16,161,19,13.657944975350828,23.296290404122715
gap_horizon_2uav_crossing,5006,1.0,ab638f3173d91cafb7ed29de974aa01634768e8d4c1ede7d519c0693ee4eaebc,6a9571f305155ff8ab84050a54e536c8f6b97716c1e583086cf7b69875a9cf1f,FALSE_RECONCILIATION,11,2,uav_2,28,784,19,19,170,1,4.061719583601477,4.061719583601477
gap_horizon_2uav_crossing,5006,20.0,ab638f3173d91cafb7ed29de974aa01634768e8d4c1ede7d519c0693ee4eaebc,28daacd0b18e557bb1fa6f8d28c939d1dd71462d041931893c7bc9a7d6ff2d17,FALSE_RECONCILIATION,4,2,uav_2,25,625,16,16,161,19,20.55603744605065,33.0234519991798
gap_horizon_2uav_crossing,5006,21.0,ab638f3173d91cafb7ed29de974aa01634768e8d4c1ede7d519c0693ee4eaebc,e02358f30e36db1e3ee2da0789776f25df8823884168a8b6012f27b383dac788,FALSE_RECONCILIATION,4,2,uav_2,25,625,15,15,142,,,
gap_horizon_2uav_crossing,5006,22.0,ab638f3173d91cafb7ed29de974aa01634768e8d4c1ede7d519c0693ee4eaebc,097be70eaf4c9d5c7ba0ddb5d8a8eac519a4a7217a2449c3b72c6b33fccd6699,FALSE_RECONCILIATION,4,2,uav_2,25,625,15,15,142,,,
gap_horizon_2uav_crossing,5006,23.0,ab638f3173d91cafb7ed29de974aa01634768e8d4c1ede7d519c0693ee4eaebc,26c69490ec0060c7d06986935bc2af34c4fcc16de4f4bf6281099f482af0186b,CORRECT_RECONCILIATION,4,4,uav_1,25,625,16,16,169,15,52.375430820649086,89.73819352147106
gap_horizon_2uav_crossing,5006,24.0,ab638f3173d91cafb7ed29de974aa01634768e8d4c1ede7d519c0693ee4eaebc,fdcaf58313d1b753c976192a7f16a0e7da86e06eb473944537ff3efcfa208899,CORRECT_RECONCILIATION,4,4,uav_1,25,625,16,16,170,16,54.06083720847988,91.00397184101126
gap_horizon_2uav_crossing,5006,2.0,ab638f3173d91cafb7ed29de974aa01634768e8d4c1ede7d519c0693ee4eaebc,c316ab91e1ef43520682716022061fd739cca82e851030ec86eb235d91c58421,FALSE_RECONCILIATION,11,2,uav_2,28,784,19,19,171,2,4.493481294680828,4.920894822897068
gap_horizon_2uav_crossing,5006,3.0,ab638f3173d91cafb7ed29de974aa01634768e8d4c1ede7d519c0693ee4eaebc,d41ff1e9645d62437cc9521d0e4a09f98609d5c6de89f37bd4c68526effcaffe,FALSE_RECONCILIATION,11,2,uav_2,28,784,19,19,172,3,4.401893083681885,6.535955222452888
gap_horizon_2uav_crossing,5006,4.0,ab638f3173d91cafb7ed29de974aa01634768e8d4c1ede7d519c0693ee4eaebc,6981645e8e502f89e0fa4e0fe66bca0fe5c239e967a6e185ab9db2f998ae64c5,FALSE_RECONCILIATION,11,2,uav_2,28,784,19,19,173,4,5.150943195518134,8.446285605801359
gap_horizon_2uav_crossing,5006,5.0,ab638f3173d91cafb7ed29de974aa01634768e8d4c1ede7d519c0693ee4eaebc,eca788f9157e083454495bb2d90273fe75833ee3ae442799cd624c7a1c1c1ac8,FALSE_RECONCILIATION,4,2,uav_2,27,729,18,18,175,5,7.062947274952944,9.512993002778305
gap_horizon_2uav_crossing,5006,6.0,ab638f3173d91cafb7ed29de974aa01634768e8d4c1ede7d519c0693ee4eaebc,22fb4a0620054daa082fb9174d8de195e5f99ff7e7f0792d482c445ddefefab9,FALSE_RECONCILIATION,4,2,uav_2,27,729,18,18,176,6,6.534882690317777,10.892722091821494
gap_horizon_2uav_crossing,5006,7.0,ab638f3173d91cafb7ed29de974aa01634768e8d4c1ede7d519c0693ee4eaebc,96f156cffd506201acf1d00d6992897909fb94df73950c61b9e8603d92552291,FALSE_RECONCILIATION,4,2,uav_2,27,729,18,18,177,7,7.767912113779437,12.656704099252169
gap_horizon_2uav_crossing,5006,8.0,ab638f3173d91cafb7ed29de974aa01634768e8d4c1ede7d519c0693ee4eaebc,a2f2d8234adaa92779c14824ed613e8996d29a667b28db863eb66077ce314e35,FALSE_RECONCILIATION,4,2,uav_2,27,729,18,18,178,8,9.085716466577216,14.332786894336998
gap_horizon_2uav_crossing,5006,9.0,ab638f3173d91cafb7ed29de974aa01634768e8d4c1ede7d519c0693ee4eaebc,f2b7df162468fa002a95022ca9e839327aef50eb59107e41ccdfc9d85f40e43d,FALSE_RECONCILIATION,4,2,uav_2,26,676,17,17,171,8,10.08026387888206,15.872509570409058
gap_horizon_2uav_crossing,5007,10.0,ab638f3173d91cafb7ed29de974aa01634768e8d4c1ede7d519c0693ee4eaebc,22eb3313620b47274380bdd55c41a7cb567a32904fded78c5cfe01de67d29088,FALSE_RECONCILIATION,15,2,uav_2,40,1600,31,31,242,,,
gap_horizon_2uav_crossing,5007,11.0,ab638f3173d91cafb7ed29de974aa01634768e8d4c1ede7d519c0693ee4eaebc,6c22bfc9cba57476e9368cabd8fffddd4f8ad20d228a5572bf650ac2b30ba806,FALSE_RECONCILIATION,15,2,uav_2,41,1681,31,31,250,,,
gap_horizon_2uav_crossing,5007,12.0,ab638f3173d91cafb7ed29de974aa01634768e8d4c1ede7d519c0693ee4eaebc,958bdb9f490c44e6333113effc8029536565687f654943d03e327675fdd0c749,FALSE_RECONCILIATION,15,2,uav_2,41,1681,31,31,249,11,12.473935340880566,20.65590069518402
gap_horizon_2uav_crossing,5007,13.0,ab638f3173d91cafb7ed29de974aa01634768e8d4c1ede7d519c0693ee4eaebc,6df08d16da1d3e4047815e590b7252c0035b73f0161790862300839c7573d294,FALSE_RECONCILIATION,15,2,uav_2,40,1600,30,30,247,12,15.608134686009445,23.187982206487174
gap_horizon_2uav_crossing,5007,14.0,ab638f3173d91cafb7ed29de974aa01634768e8d4c1ede7d519c0693ee4eaebc,5bb607cc83365ed35d2e2d33155cb77ad9f67648c441cf6c45eed0c55d3d79af,FALSE_RECONCILIATION,15,2,uav_2,40,1600,30,30,248,13,15.001188992619259,24.383516115803094
gap_horizon_2uav_crossing,5007,15.0,ab638f3173d91cafb7ed29de974aa01634768e8d4c1ede7d519c0693ee4eaebc,34ebea59d338d2f9645c41a5b636bdb710f4a88b036cf383693cb69b5988cf33,FALSE_RECONCILIATION,3,2,uav_2,39,1521,29,29,251,14,16.13168728083461,26.27568281487401
gap_horizon_2uav_crossing,5007,16.0,ab638f3173d91cafb7ed29de974aa01634768e8d4c1ede7d519c0693ee4eaebc,9f2441395cd38c8a9dc3c173f36c5445be756fc3e5668e9bb94b100dde544408,FALSE_RECONCILIATION,3,2,uav_2,39,1521,29,29,252,15,18.534271393227904,28.629424071355675
gap_horizon_2uav_crossing,5007,17.0,ab638f3173d91cafb7ed29de974aa01634768e8d4c1ede7d519c0693ee4eaebc,00c12af2fc7abb5680e521c37fdb00a330c6cd349a99d45a5872221fedf835f4,FALSE_RECONCILIATION,3,2,uav_2,38,1444,28,28,238,16,18.37079851256579,29.53305563783786
gap_horizon_2uav_crossing,5007,18.0,ab638f3173d91cafb7ed29de974aa01634768e8d4c1ede7d519c0693ee4eaebc,91d8b38e0ab2119e9279312dd6e712e505085e27e53170b68a3c11ffe1b4e5eb,FALSE_RECONCILIATION,3,2,uav_2,38,1444,28,28,239,17,19.143928013851937,31.213238099726006
gap_horizon_2uav_crossing,5007,19.0,ab638f3173d91cafb7ed29de974aa01634768e8d4c1ede7d519c0693ee4eaebc,cc5d7a980f10b86f690a084a92be237f2f8ef126035bca3007dd1cd5bc0282dd,FALSE_RECONCILIATION,3,2,uav_2,38,1444,28,28,240,18,19.305575615958556,32.521313677265034
gap_horizon_2uav_crossing,5007,1.0,ab638f3173d91cafb7ed29de974aa01634768e8d4c1ede7d519c0693ee4eaebc,c52860191cfb73e6f17a35a95b4d07d09c0ccc2b8bd29494ca0811db56512f14,FALSE_RECONCILIATION,3,1,uav_2,41,1681,33,33,264,,,
gap_horizon_2uav_crossing,5007,20.0,ab638f3173d91cafb7ed29de974aa01634768e8d4c1ede7d519c0693ee4eaebc,2ad5a9793a3e3db63890b438a208b23ed5f885bdbd5f2349fb1418b11e836d80,FALSE_RECONCILIATION,3,2,uav_2,38,1444,28,28,225,,,
gap_horizon_2uav_crossing,5007,21.0,ab638f3173d91cafb7ed29de974aa01634768e8d4c1ede7d519c0693ee4eaebc,6bb1c928d7e70ef7c461fcb99b6edf6d86974df1ef8e1054f77439fc4b060a9a,FALSE_RECONCILIATION,3,2,uav_2,38,1444,28,28,225,,,
gap_horizon_2uav_crossing,5007,22.0,ab638f3173d91cafb7ed29de974aa01634768e8d4c1ede7d519c0693ee4eaebc,1c8c2fb5dd017179811867d34bcfb7e25e3157198adf4842094be6296baac6ad,FALSE_RECONCILIATION,3,2,uav_2,38,1444,28,28,225,,,
gap_horizon_2uav_crossing,5007,23.0,ab638f3173d91cafb7ed29de974aa01634768e8d4c1ede7d519c0693ee4eaebc,6993087f8d6aab184a4d541ba4fc226b26411ff5ecedde5937b1065a00ba58d8,FALSE_RECONCILIATION,3,2,uav_2,38,1444,28,28,225,,,
gap_horizon_2uav_crossing,5007,24.0,ab638f3173d91cafb7ed29de974aa01634768e8d4c1ede7d519c0693ee4eaebc,c80e77cf53987b17465cad3fc0ed1465af8ccdbcd6eaef7ae1145b6ab0b642db,FALSE_RECONCILIATION,3,2,uav_2,38,1444,28,28,225,,,
gap_horizon_2uav_crossing,5007,2.0,ab638f3173d91cafb7ed29de974aa01634768e8d4c1ede7d519c0693ee4eaebc,e61796abe6eb46b915527c443527e2f5c78554433055f13793d86f9b34c19cc6,FALSE_RECONCILIATION,3,1,uav_2,41,1681,33,33,269,,,
gap_horizon_2uav_crossing,5007,3.0,ab638f3173d91cafb7ed29de974aa01634768e8d4c1ede7d519c0693ee4eaebc,9899502260483ffc47272db025f8f3bbb3ea617858b4329ae1f347a8a17ea8fe,FALSE_RECONCILIATION,3,1,uav_2,41,1681,33,33,269,,,
gap_horizon_2uav_crossing,5007,4.0,ab638f3173d91cafb7ed29de974aa01634768e8d4c1ede7d519c0693ee4eaebc,1995b4e4e9157ded31d4d9ea169cee281031a3bde71b7602b50449ea3624d6fd,FALSE_RECONCILIATION,3,1,uav_2,41,1681,33,33,269,,,
gap_horizon_2uav_crossing,5007,5.0,ab638f3173d91cafb7ed29de974aa01634768e8d4c1ede7d519c0693ee4eaebc,27997230ac66972326852fbf07f1b644d8a47e135cf943102ffb319e2ac46166,FALSE_RECONCILIATION,3,1,uav_2,41,1681,33,33,261,4,7.417326882285993,9.632309837793676
gap_horizon_2uav_crossing,5007,6.0,ab638f3173d91cafb7ed29de974aa01634768e8d4c1ede7d519c0693ee4eaebc,9753b052a99747ea916f80954462e7901d2c71f20544eb52611b368e8bd3df41,FALSE_RECONCILIATION,15,2,uav_2,41,1681,33,33,262,6,4.647279018179797,5.125821695099548
gap_horizon_2uav_crossing,5007,7.0,ab638f3173d91cafb7ed29de974aa01634768e8d4c1ede7d519c0693ee4eaebc,3507a071e7d92875a689051ee7aef94d5b0bc5764b0a0c7f4e8654c87d315148,FALSE_RECONCILIATION,15,2,uav_2,40,1600,31,31,242,,,
gap_horizon_2uav_crossing,5007,8.0,ab638f3173d91cafb7ed29de974aa01634768e8d4c1ede7d519c0693ee4eaebc,f7bf6d3a7d748d2ae99c1bac8fa494553fc8212c90931b749cde071d9f286b03,FALSE_RECONCILIATION,15,2,uav_2,40,1600,31,31,242,,,
gap_horizon_2uav_crossing,5007,9.0,ab638f3173d91cafb7ed29de974aa01634768e8d4c1ede7d519c0693ee4eaebc,38da7ac3794ece43b45c18fe247bdc9220ef6ed5814dcd9e601e9a080ec06cf8,FALSE_RECONCILIATION,15,2,uav_2,40,1600,31,31,242,,,
gap_horizon_2uav_crossing,5008,10.0,ab638f3173d91cafb7ed29de974aa01634768e8d4c1ede7d519c0693ee4eaebc,0c12f8f18a50cf0c49c776f1832c63d1fc1b82994005880726edf52e3b0a0b5f,FALSE_RECONCILIATION,9,1,uav_2,32,1024,20,20,210,9,2.772412870689238,4.213251401389777
gap_horizon_2uav_crossing,5008,11.0,ab638f3173d91cafb7ed29de974aa01634768e8d4c1ede7d519c0693ee4eaebc,354e2c62942e5db2eb44f773a893428fad4f617b538c3076cae7cbadf2e1f7b9,FALSE_RECONCILIATION,9,1,uav_2,32,1024,20,20,211,10,2.568744753871168,4.023996385961385
gap_horizon_2uav_crossing,5008,12.0,ab638f3173d91cafb7ed29de974aa01634768e8d4c1ede7d519c0693ee4eaebc,513b0e3e9a2cbbb2120cfdcae1a0e2f609fa014f88ab66569eb099de7972faee,FALSE_RECONCILIATION,9,1,uav_2,32,1024,20,20,207,11,9.85766062364054,15.188974421973324
gap_horizon_2uav_crossing,5008,13.0,ab638f3173d91cafb7ed29de974aa01634768e8d4c1ede7d519c0693ee4eaebc,bb5b8bea16fb9eef2ddbe4535a88e4136178264be7faccf381eb3b58f90b460b,FALSE_RECONCILIATION,9,1,uav_2,32,1024,20,20,213,13,3.1707110616705423,4.180638725397897
gap_horizon_2uav_crossing,5008,14.0,ab638f3173d91cafb7ed29de974aa01634768e8d4c1ede7d519c0693ee4eaebc,9646b127c38c43cc5a89ab58fc7ddfa00565a9debad9d8cb2615b53fc66b8706,FALSE_RECONCILIATION,9,1,uav_2,32,1024,20,20,214,13,4.701034023287871,5.667350481297233
gap_horizon_2uav_crossing,5008,15.0,ab638f3173d91cafb7ed29de974aa01634768e8d4c1ede7d519c0693ee4eaebc,05b713b1df51f50d04c9a64cf954c096919d314b6a6ac484002e6a2a6c1d1209,FALSE_RECONCILIATION,9,1,uav_2,32,1024,20,20,211,14,14.715710242733872,23.281089060889748
gap_horizon_2uav_crossing,5008,16.0,ab638f3173d91cafb7ed29de974aa01634768e8d4c1ede7d519c0693ee4eaebc,0ca25d2fe30fda106244165662cacc1614ddb806eb5a71d84f3fb95885397151,FALSE_RECONCILIATION,9,1,uav_2,33,1089,22,22,233,15,15.298776662330104,25.152380444580828
gap_horizon_2uav_crossing,5008,17.0,ab638f3173d91cafb7ed29de974aa01634768e8d4c1ede7d519c0693ee4eaebc,8421981828e86389b7263e334ebf1cc7b3eabd1c6badc6233e11da55c6e00d9b,FALSE_RECONCILIATION,9,1,uav_2,33,1089,22,22,238,16,13.700849337419712,22.159722299964113
gap_horizon_2uav_crossing,5008,18.0,ab638f3173d91cafb7ed29de974aa01634768e8d4c1ede7d519c0693ee4eaebc,b81211aae646ba521eae73cac8cf1540e9634ec36953244eaad9547f25304333,FALSE_RECONCILIATION,9,1,uav_2,33,1089,22,22,235,17,16.954761507834913,27.90930687048847
gap_horizon_2uav_crossing,5008,19.0,ab638f3173d91cafb7ed29de974aa01634768e8d4c1ede7d519c0693ee4eaebc,43989a23587e6499abe6c9922e5ba82ee244d2050dda936a9fb0a57a25a1705a,FALSE_RECONCILIATION,9,1,uav_2,33,1089,22,22,236,18,21.236043063444114,31.872216085823432
gap_horizon_2uav_crossing,5008,1.0,ab638f3173d91cafb7ed29de974aa01634768e8d4c1ede7d519c0693ee4eaebc,ca61db2a93191f8f43abb1d8e03c7eef579299940e8b3f3f9c504aef7ec08198,FALSE_RECONCILIATION,9,1,uav_2,33,1089,22,22,228,,,
gap_horizon_2uav_crossing,5008,20.0,ab638f3173d91cafb7ed29de974aa01634768e8d4c1ede7d519c0693ee4eaebc,70700d4ffd974fcb94f1768f666068e2cd41bac46e39d9b09410d146757021e1,FALSE_RECONCILIATION,9,1,uav_2,33,1089,21,21,217,,,
gap_horizon_2uav_crossing,5008,21.0,ab638f3173d91cafb7ed29de974aa01634768e8d4c1ede7d519c0693ee4eaebc,b30c2636d0ecdc34b2b697d39767dee257f279f690d27487b4f4778fa84dd813,FALSE_RECONCILIATION,9,1,uav_2,33,1089,21,21,217,,,
gap_horizon_2uav_crossing,5008,22.0,ab638f3173d91cafb7ed29de974aa01634768e8d4c1ede7d519c0693ee4eaebc,2e37ab5b03962fb9d9e6fe9ed850a7fe171ae6dc3463763a79216e7d5622c8fe,FALSE_RECONCILIATION,9,1,uav_2,32,1024,20,20,203,,,
gap_horizon_2uav_crossing,5008,23.0,ab638f3173d91cafb7ed29de974aa01634768e8d4c1ede7d519c0693ee4eaebc,949c0abcfc9ccb1bf8c3b578514b90a2e895df537d9401d7236e40b80d76ab34,FALSE_RECONCILIATION,9,1,uav_2,32,1024,20,20,203,,,
gap_horizon_2uav_crossing,5008,24.0,ab638f3173d91cafb7ed29de974aa01634768e8d4c1ede7d519c0693ee4eaebc,6cd2771031c7f4c313b7d67b9a316a1aabc1989f7b06e8bcf9bbda63372acf09,FALSE_RECONCILIATION,9,1,uav_2,32,1024,20,20,203,,,
gap_horizon_2uav_crossing,5008,2.0,ab638f3173d91cafb7ed29de974aa01634768e8d4c1ede7d519c0693ee4eaebc,1bacc6c184ca5486f4194a5899e613fd665c7bbf79000f5ebfadc3e53b8f0d35,FALSE_RECONCILIATION,9,1,uav_2,33,1089,22,22,229,1,2.3872119327868897,2.3872119327868897
gap_horizon_2uav_crossing,5008,3.0,ab638f3173d91cafb7ed29de974aa01634768e8d4c1ede7d519c0693ee4eaebc,dbf354eeb93d70e7e0a66a3a876ad83d2bda79d4787ceb2fd5a524d837e5c4a3,FALSE_RECONCILIATION,8,1,uav_2,33,1089,22,22,231,2,3.4879739412075326,3.589860554219507
gap_horizon_2uav_crossing,5008,4.0,ab638f3173d91cafb7ed29de974aa01634768e8d4c1ede7d519c0693ee4eaebc,09123feb4ae8e3e31262e2e6515415cafd3ddeb6bebfe9f19cdc59ad335b8c28,FALSE_RECONCILIATION,9,1,uav_2,32,1024,20,20,206,4,1.25063133036973,1.8332043880401678
gap_horizon_2uav_crossing,5008,5.0,ab638f3173d91cafb7ed29de974aa01634768e8d4c1ede7d519c0693ee4eaebc,1851809e30f66e9acd88d4f781fa2f2fc20e595c8b3e670364b928f05169c525,FALSE_RECONCILIATION,9,1,uav_2,32,1024,20,20,207,4,2.8634891597086565,3.419885811361406
gap_horizon_2uav_crossing,5008,6.0,ab638f3173d91cafb7ed29de974aa01634768e8d4c1ede7d519c0693ee4eaebc,50d1a0b3678b2cf5b01a65712669ac8fbe8e49c866e69ddd931a7b3ccb6a319b,FALSE_RECONCILIATION,9,1,uav_2,32,1024,20,20,206,5,3.6279423668765616,4.208699172710024
gap_horizon_2uav_crossing,5008,7.0,ab638f3173d91cafb7ed29de974aa01634768e8d4c1ede7d519c0693ee4eaebc,763610ff84298ab3cef428ca703a4e7e528aadbeab946ddc0c85f3736c8160d5,FALSE_RECONCILIATION,9,1,uav_2,32,1024,20,20,209,6,2.160940478446153,2.679410438267227
gap_horizon_2uav_crossing,5008,8.0,ab638f3173d91cafb7ed29de974aa01634768e8d4c1ede7d519c0693ee4eaebc,c0db924233c0994cab6a3cad3b0ee22d2682b7648e84478f9a5c7b09f5efce21,FALSE_RECONCILIATION,9,1,uav_2,32,1024,20,20,210,7,2.3540423441896765,3.1412175508798414
gap_horizon_2uav_crossing,5008,9.0,ab638f3173d91cafb7ed29de974aa01634768e8d4c1ede7d519c0693ee4eaebc,be4fce15bd87ea851f35304943a3d9493a5d816b0e04c09022feb684aabd2ef3,FALSE_RECONCILIATION,9,1,uav_2,32,1024,20,20,209,8,2.0151821654074022,3.4078703992954407
gap_horizon_2uav_crossing,5009,10.0,ab638f3173d91cafb7ed29de974aa01634768e8d4c1ede7d519c0693ee4eaebc,041e272ddf988578c569099a81028a6b68d88032c19d3e7894c51dd19b984397,CORRECT_RECONCILIATION,0,0,uav_1,44,1936,34,34,234,9,7.820207547981429,12.45682092314557
gap_horizon_2uav_crossing,5009,11.0,ab638f3173d91cafb7ed29de974aa01634768e8d4c1ede7d519c0693ee4eaebc,1cb08da9bf591a736691b5ccaa4258f1927de705d4d41c476b7c460bfe38b84b,NO_RECONCILIATION,0,9,uav_1,43,1849,33,33,241,,,
gap_horizon_2uav_crossing,5009,12.0,ab638f3173d91cafb7ed29de974aa01634768e8d4c1ede7d519c0693ee4eaebc,23efd80d7c0f0073107b2c6f51218d1946b49f6d75156b9182331ac6bfb80180,NO_RECONCILIATION,0,9,uav_1,43,1849,33,33,241,,,
gap_horizon_2uav_crossing,5009,13.0,ab638f3173d91cafb7ed29de974aa01634768e8d4c1ede7d519c0693ee4eaebc,6dc810f8b5cf86844a9d4db19d6f32e27eeeeb5b819a5cf8b8353f5a1dfd2584,NO_RECONCILIATION,0,9,uav_1,43,1849,33,33,238,12,5.150298677457396,7.645181571007349
gap_horizon_2uav_crossing,5009,14.0,ab638f3173d91cafb7ed29de974aa01634768e8d4c1ede7d519c0693ee4eaebc,49e09270ea96e076cbea73b32eef602ada0b4cb3a431e983dfe5b2888202ae9b,NO_RECONCILIATION,0,9,uav_1,43,1849,34,34,273,13,4.901033857226962,8.003607981945475
gap_horizon_2uav_crossing,5009,15.0,ab638f3173d91cafb7ed29de974aa01634768e8d4c1ede7d519c0693ee4eaebc,b177dc2092313613d64374e7e6b0ad63f4e9fa6578fec1e2b01106b55018cff5,NO_RECONCILIATION,0,9,uav_1,43,1849,34,34,274,14,3.5505586623638985,7.256839224883156
gap_horizon_2uav_crossing,5009,16.0,ab638f3173d91cafb7ed29de974aa01634768e8d4c1ede7d519c0693ee4eaebc,f6cf193bd797945b9070fe2ac8adde302535c9812aff5a7587b90f75102157bd,NO_RECONCILIATION,13,9,uav_1,43,1849,34,34,275,16,5.059628699589832,7.992752415893946
gap_horizon_2uav_crossing,5009,17.0,ab638f3173d91cafb7ed29de974aa01634768e8d4c1ede7d519c0693ee4eaebc,a5c5c69d7dc04241041751aa0386564e12fb0294551d64e88f800b2f85169873,NO_RECONCILIATION,0,13,uav_1,42,1764,33,33,289,16,6.394273582668761,7.67532560314687
gap_horizon_2uav_crossing,5009,18.0,ab638f3173d91cafb7ed29de974aa01634768e8d4c1ede7d519c0693ee4eaebc,5462a1d3e1fd225600bb640ea902a7428b98b8ef856c7c66ee0a51e457aa8991,CORRECT_RECONCILIATION,0,0,uav_1,41,1681,31,31,248,17,15.940584053667244,25.626678427082073
gap_horizon_2uav_crossing,5009,19.0,ab638f3173d91cafb7ed29de974aa01634768e8d4c1ede7d519c0693ee4eaebc,f30c7f35c83d0c4dcb38992d6068ba8dc018ed0186a64381f704ed90ad6adbc5,CORRECT_RECONCILIATION,0,0,uav_1,41,1681,31,31,250,18,16.27965201733988,27.25338881504224
gap_horizon_2uav_crossing,5009,1.0,ab638f3173d91cafb7ed29de974aa01634768e8d4c1ede7d519c0693ee4eaebc,c2eb9b6ece76560e9c4faa69b596e6547e2000d512625bae279f767f0a038871,FALSE_RECONCILIATION,0,5,uav_2,46,2116,37,37,275,,,
gap_horizon_2uav_crossing,5009,20.0,ab638f3173d91cafb7ed29de974aa01634768e8d4c1ede7d519c0693ee4eaebc,d1fdb45e4336b3efc5d90737ef232ea156484e04ee7850ef2b9b1666c4b80482,NO_RECONCILIATION,0,13,uav_1,41,1681,31,31,235,,,
gap_horizon_2uav_crossing,5009,21.0,ab638f3173d91cafb7ed29de974aa01634768e8d4c1ede7d519c0693ee4eaebc,6bd62b6ea9713c89238bfbf1a14923e834312eb8fc99e7803c76edfbba97e0aa,FALSE_RECONCILIATION,13,1,uav_2,39,1521,27,27,178,,,
gap_horizon_2uav_crossing,5009,22.0,ab638f3173d91cafb7ed29de974aa01634768e8d4c1ede7d519c0693ee4eaebc,c69890f39f90f446d9017ffd7bbc4429e090dedcef83a5225c723e011a9c58f2,FALSE_RECONCILIATION,13,1,uav_2,39,1521,28,28,192,17,45.20948330684727,88.21879553741891
gap_horizon_2uav_crossing,5009,23.0,ab638f3173d91cafb7ed29de974aa01634768e8d4c1ede7d519c0693ee4eaebc,db9b834ce4a1f75dfb8b30b8fcd9b1420577e7d94be8a41516bc2b101f5c3068,FALSE_RECONCILIATION,13,1,uav_2,39,1521,28,28,193,18,45.89064166784665,89.45926811825322
gap_horizon_2uav_crossing,5009,24.0,ab638f3173d91cafb7ed29de974aa01634768e8d4c1ede7d519c0693ee4eaebc,1259b0c0e8cb67624119f0eda475ae434539f4afe5cd3e7ea50dc0216c1c4628,FALSE_RECONCILIATION,13,1,uav_2,40,1600,29,29,197,,,
gap_horizon_2uav_crossing,5009,2.0,ab638f3173d91cafb7ed29de974aa01634768e8d4c1ede7d519c0693ee4eaebc,f85c27035c522ae15fcf550cabd459ab2dfe55405e6cca8537ed987303a992a6,NO_RECONCILIATION,0,9,uav_1,46,2116,37,37,279,1,3.340490919234594,3.340490919234594
gap_horizon_2uav_crossing,5009,3.0,ab638f3173d91cafb7ed29de974aa01634768e8d4c1ede7d519c0693ee4eaebc,b5b3776f42cf7ece3b847e8751bf31ea1aad2a445241f60a60838b48c9224497,NO_RECONCILIATION,0,9,uav_1,46,2116,37,37,281,2,3.4132594861119214,3.628688292900648
gap_horizon_2uav_crossing,5009,4.0,ab638f3173d91cafb7ed29de974aa01634768e8d4c1ede7d519c0693ee4eaebc,ed04166f0a696f96242cd888973c8ed1711584e214280eec1095cccfd3ca6d1b,NO_RECONCILIATION,0,9,uav_1,46,2116,37,37,281,3,2.909119685943209,3.586356667435293
gap_horizon_2uav_crossing,5009,5.0,ab638f3173d91cafb7ed29de974aa01634768e8d4c1ede7d519c0693ee4eaebc,ef9ed7d8ce9bd7eacb000e7c7198bce76dad5e9d55aa4a1ff823db7fa0dde8ca,NO_RECONCILIATION,0,9,uav_1,46,2116,37,37,279,4,1.3484634326572005,2.004085590799334
gap_horizon_2uav_crossing,5009,6.0,ab638f3173d91cafb7ed29de974aa01634768e8d4c1ede7d519c0693ee4eaebc,d3a3c9c5367d17fcd9b292636317f2350451512b23f5d07a548fd5d8a0c1b905,NO_RECONCILIATION,0,9,uav_1,46,2116,37,37,280,6,4.277162118655675,4.357725262350704
gap_horizon_2uav_crossing,5009,7.0,ab638f3173d91cafb7ed29de974aa01634768e8d4c1ede7d519c0693ee4eaebc,11e55724b22190a92bb4fe59009f84ab1eedaaaa93e817861c236b2d3469a811,NO_RECONCILIATION,0,9,uav_1,45,2025,36,36,284,6,3.6354845389631447,4.6329139607061744
gap_horizon_2uav_crossing,5009,8.0,ab638f3173d91cafb7ed29de974aa01634768e8d4c1ede7d519c0693ee4eaebc,d76d59cdeb3c68a9c0e53dff8d5bd571673f8e2dad69a06b71df9a6ba12dac67,NO_RECONCILIATION,0,9,uav_1,45,2025,36,36,284,8,3.902652155197661,5.251010005575333
gap_horizon_2uav_crossing,5009,9.0,ab638f3173d91cafb7ed29de974aa01634768e8d4c1ede7d519c0693ee4eaebc,af78cf7427c0589d4573d5cb248dbd181349eb98d6d68ecb4d71b704789704aa,NO_RECONCILIATION,0,9,uav_1,44,1936,35,35,262,8,3.275324890092313,4.946532158494193
gap_horizon_2uav_crossing,5010,10.0,ab638f3173d91cafb7ed29de974aa01634768e8d4c1ede7d519c0693ee4eaebc,32ed1495f83ae855981e7ab8a28935eb193547abf3fce165e959b37e965fa991,FALSE_RECONCILIATION,3,1,uav_2,39,1521,32,32,257,10,4.9644018373524315,6.736067872383764
gap_horizon_2uav_crossing,5010,11.0,ab638f3173d91cafb7ed29de974aa01634768e8d4c1ede7d519c0693ee4eaebc,605e616cc864a4c78320d50805a55df6d66b7995e4f7d73a8aed14e684520233,FALSE_RECONCILIATION,3,1,uav_2,39,1521,32,32,258,10,2.266286039835582,4.503682368387346
gap_horizon_2uav_crossing,5010,12.0,ab638f3173d91cafb7ed29de974aa01634768e8d4c1ede7d519c0693ee4eaebc,e40e1597daacaa07454d881ba6235e967156b31e156f302b7e14236cd0c2d470,FALSE_RECONCILIATION,3,6,uav_2,39,1521,32,32,259,11,4.0495742485813855,6.009557280521053
gap_horizon_2uav_crossing,5010,13.0,ab638f3173d91cafb7ed29de974aa01634768e8d4c1ede7d519c0693ee4eaebc,aa23c8100f61380e045f535434cd8146054b83f1c7b5ba281aa1a08d112c76bf,FALSE_RECONCILIATION,3,6,uav_2,39,1521,32,32,260,13,4.511358041304937,6.568305174366954
gap_horizon_2uav_crossing,5010,14.0,ab638f3173d91cafb7ed29de974aa01634768e8d4c1ede7d519c0693ee4eaebc,05b536783385e1c7512b1ac26ff7b302937b9fd128ecbe6c3a246de41773a30c,FALSE_RECONCILIATION,3,6,uav_2,39,1521,32,32,256,13,7.085911831332272,10.13720193102212
gap_horizon_2uav_crossing,5010,15.0,ab638f3173d91cafb7ed29de974aa01634768e8d4c1ede7d519c0693ee4eaebc,b03ac93a3c15ade0a3c7c04b196d6102c977d58e36fd0fe29b1244563fdd2d11,FALSE_RECONCILIATION,3,6,uav_2,39,1521,32,32,257,14,7.611900540646088,10.339438963690126
gap_horizon_2uav_crossing,5010,16.0,ab638f3173d91cafb7ed29de974aa01634768e8d4c1ede7d519c0693ee4eaebc,8bac9d86935922e6ef406039b335db0ed22ce6df8da549f6fb684b7a29d06b91,FALSE_RECONCILIATION,3,4,uav_2,40,1600,33,33,258,15,8.049603865661522,11.04967890291872
gap_horizon_2uav_crossing,5010,17.0,ab638f3173d91cafb7ed29de974aa01634768e8d4c1ede7d519c0693ee4eaebc,1089f573fda1ba64c8b6c7977f8a67847b2784b0f8b11be69c3caf989605c7bc,FALSE_RECONCILIATION,3,4,uav_2,40,1600,33,33,259,17,7.2681336337723,12.967966060520975
gap_horizon_2uav_crossing,5010,18.0,ab638f3173d91cafb7ed29de974aa01634768e8d4c1ede7d519c0693ee4eaebc,fc2304e3b831f20be9654739348face63975079074767d6568dc48a8f2271f00,FALSE_RECONCILIATION,3,6,uav_2,39,1521,32,32,259,18,8.619743735705812,15.300473466679872
gap_horizon_2uav_crossing,5010,19.0,ab638f3173d91cafb7ed29de974aa01634768e8d4c1ede7d519c0693ee4eaebc,075dc3311ab9c515cdef6d00e4342d4d5e742060e38b5584eff3ecb6bc5f6d89,FALSE_RECONCILIATION,3,6,uav_2,39,1521,32,32,260,18,7.439487626244964,11.537958726937775
gap_horizon_2uav_crossing,5010,1.0,ab638f3173d91cafb7ed29de974aa01634768e8d4c1ede7d519c0693ee4eaebc,ff4aa6938fe652dcb76701dcf65f2d308725e309c09b4f12dbedd23f096072cf,FALSE_RECONCILIATION,0,1,uav_2,42,1764,36,36,303,1,1.6855295436380817,1.6855295436380817
gap_horizon_2uav_crossing,5010,20.0,ab638f3173d91cafb7ed29de974aa01634768e8d4c1ede7d519c0693ee4eaebc,ecfcc80770827be8b8ac4d908ae9811e95c8603f03b6f21a1e2161d658dd8d0b,FALSE_RECONCILIATION,3,6,uav_2,39,1521,32,32,261,19,9.68400369038534,13.283780134938915
gap_horizon_2uav_crossing,5010,21.0,ab638f3173d91cafb7ed29de974aa01634768e8d4c1ede7d519c0693ee4eaebc,a937fb2a12a21df4897a2630e2af242fbe39a5eca4da28d198f72f99f0586a10,FALSE_RECONCILIATION,3,6,uav_2,39,1521,31,31,240,,,
gap_horizon_2uav_crossing,5010,22.0,ab638f3173d91cafb7ed29de974aa01634768e8d4c1ede7d519c0693ee4eaebc,d359b2334bd70c9e6fa0f9e563a1c065d90b9ccb524033b88123424084348a22,FALSE_RECONCILIATION,3,6,uav_2,39,1521,31,31,240,,,
gap_horizon_2uav_crossing,5010,23.0,ab638f3173d91cafb7ed29de974aa01634768e8d4c1ede7d519c0693ee4eaebc,f580f2e2a0a8ff82599ac334e8ce3062c0efcd911ad7fc8e83615f5dd5865e48,FALSE_RECONCILIATION,3,6,uav_2,39,1521,31,31,240,,,
gap_horizon_2uav_crossing,5010,24.0,ab638f3173d91cafb7ed29de974aa01634768e8d4c1ede7d519c0693ee4eaebc,9535922e192b852d2009b1b4f71cdb1c48c796e42af23838ac738012d0245252,FALSE_RECONCILIATION,0,6,uav_2,37,1369,29,29,230,,,
gap_horizon_2uav_crossing,5010,2.0,ab638f3173d91cafb7ed29de974aa01634768e8d4c1ede7d519c0693ee4eaebc,a307129cf76acc752ba18a94d34606912342882dedc6e0c1c74c55bb389ec6a7,FALSE_RECONCILIATION,0,1,uav_2,42,1764,36,36,305,1,1.8143336596484905,1.8143336596484905
gap_horizon_2uav_crossing,5010,3.0,ab638f3173d91cafb7ed29de974aa01634768e8d4c1ede7d519c0693ee4eaebc,a92ed50b2d4e8d10356f54bd1dcb398a0b3b73ae2e031c544bb3e3127c293850,FALSE_RECONCILIATION,3,1,uav_2,41,1681,35,35,306,2,5.240151862243648,5.510106292543487
gap_horizon_2uav_crossing,5010,4.0,ab638f3173d91cafb7ed29de974aa01634768e8d4c1ede7d519c0693ee4eaebc,cd1f774f361508691be184f1dd9a9f4158c09cd3bde34a0290cc899bd6e61b1a,FALSE_RECONCILIATION,3,1,uav_2,41,1681,35,35,308,3,4.747041829039791,4.753657566887796
gap_horizon_2uav_crossing,5010,5.0,ab638f3173d91cafb7ed29de974aa01634768e8d4c1ede7d519c0693ee4eaebc,694c33f1600a1e3b97f9470afd2ae64e726aa10f52507228321be79dcceab45a,FALSE_RECONCILIATION,3,1,uav_2,41,1681,35,35,309,4,3.884492419374193,4.3925742446344005
gap_horizon_2uav_crossing,5010,6.0,ab638f3173d91cafb7ed29de974aa01634768e8d4c1ede7d519c0693ee4eaebc,5515859399ea09b916d97527b54fbddd0efad393c67374218dfe1bd9411075b8,FALSE_RECONCILIATION,3,1,uav_2,41,1681,35,35,310,5,4.727301262305026,5.7446587389853745
gap_horizon_2uav_crossing,5010,7.0,ab638f3173d91cafb7ed29de974aa01634768e8d4c1ede7d519c0693ee4eaebc,d30421c400e99df13a5b10b81708082e9a13cc3e71571b12fef3ee5590b83427,FALSE_RECONCILIATION,3,1,uav_2,41,1681,35,35,312,7,5.254967807338134,6.606085011271757
gap_horizon_2uav_crossing,5010,8.0,ab638f3173d91cafb7ed29de974aa01634768e8d4c1ede7d519c0693ee4eaebc,39fc41546de5f4980d5c396f917182fea188f39b30ef24dbd4e78a5691fe4bc1,FALSE_RECONCILIATION,3,1,uav_2,41,1681,35,35,313,8,6.653875172759276,7.372058566511824
gap_horizon_2uav_crossing,5010,9.0,ab638f3173d91cafb7ed29de974aa01634768e8d4c1ede7d519c0693ee4eaebc,4e918e30ae2dd516a5efd1a8025a31b4b3a381393ad84bccb719e246b00f6e25,FALSE_RECONCILIATION,3,1,uav_2,40,1600,34,34,282,8,5.061816456872187,6.445891484848204
gap_horizon_5uav_dense_crossing,5001,10.0,ab638f3173d91cafb7ed29de974aa01634768e8d4c1ede7d519c0693ee4eaebc,9f18d5199d8ef1fb7bf69803020511ef2558511115c1691226f3fe67b9fca8d6,FALSE_RECONCILIATION,18,54,uav_5,106,11236,88,88,778,10,4.647055434735583,6.798363815927118
gap_horizon_5uav_dense_crossing,5001,11.0,ab638f3173d91cafb7ed29de974aa01634768e8d4c1ede7d519c0693ee4eaebc,444f0f3748580f3702d9793decee939e6fc7bc9280a7eb0934183a5421682a3a,FALSE_RECONCILIATION,5,54,uav_5,105,11025,87,87,781,10,2.9658037158059765,5.837775907077543
gap_horizon_5uav_dense_crossing,5001,12.0,ab638f3173d91cafb7ed29de974aa01634768e8d4c1ede7d519c0693ee4eaebc,460865c59cb7d4aac9ad9e47925af5df74e7f435eb39edfe17a698ae117d43c8,FALSE_RECONCILIATION,5,54,uav_5,105,11025,87,87,784,12,3.4446731804107227,7.2044240336608665
gap_horizon_5uav_dense_crossing,5001,13.0,ab638f3173d91cafb7ed29de974aa01634768e8d4c1ede7d519c0693ee4eaebc,e83c28fe61b1da81a0338e227971d70b895c4fb42f733db209514f91d83894fa,FALSE_RECONCILIATION,0,54,uav_5,105,11025,87,87,786,12,11.712391576021524,18.3431444539253
gap_horizon_5uav_dense_crossing,5001,14.0,ab638f3173d91cafb7ed29de974aa01634768e8d4c1ede7d519c0693ee4eaebc,576556d4c59de3fb9d828cd3dd7f52a3f54da4b713b0c72c59d3fd91401f6d92,FALSE_RECONCILIATION,5,54,uav_5,105,11025,87,87,791,14,2.8057830540318203,8.572774355649635
gap_horizon_5uav_dense_crossing,5001,15.0,ab638f3173d91cafb7ed29de974aa01634768e8d4c1ede7d519c0693ee4eaebc,b2218d06dbf2c30a1d80947d85610d6feece6e683586906b8348434b447be6ab,FALSE_RECONCILIATION,5,54,uav_5,103,10609,85,85,785,14,11.606810483641667,19.29439761864587
gap_horizon_5uav_dense_crossing,5001,16.0,ab638f3173d91cafb7ed29de974aa01634768e8d4c1ede7d519c0693ee4eaebc,c4e0b273ce462613138fbe2219d12a0e0207014bdaa3fbe1685de9e108675607,FALSE_RECONCILIATION,5,54,uav_5,103,10609,85,85,787,16,4.866816616145456,8.032328295026712
gap_horizon_5uav_dense_crossing,5001,17.0,ab638f3173d91cafb7ed29de974aa01634768e8d4c1ede7d519c0693ee4eaebc,fcdfadc238cc7d6cc34bae47ff37879e5906c12f647055e7c9b6b8afd6b49d0d,FALSE_RECONCILIATION,5,54,uav_5,103,10609,85,85,788,16,13.735466979168764,20.925122551651693
gap_horizon_5uav_dense_crossing,5001,18.0,ab638f3173d91cafb7ed29de974aa01634768e8d4c1ede7d519c0693ee4eaebc,c1ad8cbaa5ace0733306bde6b2a52077929777eeadef759e03785e5ea302e708,FALSE_RECONCILIATION,5,12,uav_5,102,10404,84,84,790,17,13.185485234601092,21.32526723061463
gap_horizon_5uav_dense_crossing,5001,19.0,ab638f3173d91cafb7ed29de974aa01634768e8d4c1ede7d519c0693ee4eaebc,de3f497715d81be5958fda392037b4833eb160cdcc4917f9f8d02b3cb6c09043,FALSE_RECONCILIATION,5,12,uav_5,102,10404,84,84,791,18,14.036186478580234,22.154218376808043
gap_horizon_5uav_dense_crossing,5001,1.0,ab638f3173d91cafb7ed29de974aa01634768e8d4c1ede7d519c0693ee4eaebc,525afbabc15e42c95e236738ba00f464af70be7fbabb1c2cecefba9ddfb00971,FALSE_RECONCILIATION,12,54,uav_5,108,11664,90,90,778,1,2.902492485833188,2.902492485833188
gap_horizon_5uav_dense_crossing,5001,20.0,ab638f3173d91cafb7ed29de974aa01634768e8d4c1ede7d519c0693ee4eaebc,983fc1d5684d4416eafb76de3f83959d71ef153144f151899e9a8fc3b48ea459,FALSE_RECONCILIATION,5,12,uav_5,102,10404,84,84,791,19,13.363248325820361,22.324342355712407
gap_horizon_5uav_dense_crossing,5001,21.0,ab638f3173d91cafb7ed29de974aa01634768e8d4c1ede7d519c0693ee4eaebc,42e82c0f91b46bd3f01d2adfcaaf7a1d12807f2879cc2d55ab3c6c8dc5b78dfb,FALSE_RECONCILIATION,5,12,uav_5,102,10404,84,84,791,18,22.67648540770095,35.13536395549679
gap_horizon_5uav_dense_crossing,5001,22.0,ab638f3173d91cafb7ed29de974aa01634768e8d4c1ede7d519c0693ee4eaebc,4660af2014fe7fc3a685c053e8af7241af6fbc2e1ad327d0af8d815c810b3591,FALSE_RECONCILIATION,5,12,uav_5,102,10404,84,84,793,14,25.25426629421191,47.36898162712254
gap_horizon_5uav_dense_crossing,5001,23.0,ab638f3173d91cafb7ed29de974aa01634768e8d4c1ede7d519c0693ee4eaebc,dc3c0d809dc7a5e10d3324881fe25f2058777bebbe0707ad0c142275c98639ac,FALSE_RECONCILIATION,5,12,uav_5,102,10404,84,84,794,17,24.19679127827122,38.79158625111794
gap_horizon_5uav_dense_crossing,5001,24.0,ab638f3173d91cafb7ed29de974aa01634768e8d4c1ede7d519c0693ee4eaebc,33a8b7a6d49da88d8d98dd7ca50ad83ff89fcfd54f39153a121da90b7b1e484c,FALSE_RECONCILIATION,5,12,uav_5,101,10201,83,83,789,16,25.8010130055345,48.56610164941881
gap_horizon_5uav_dense_crossing,5001,2.0,ab638f3173d91cafb7ed29de974aa01634768e8d4c1ede7d519c0693ee4eaebc,cb06cf2919c7c2d9a248398482d3643f6d0f098ab47a426706dc7e0f9f130a47,FALSE_RECONCILIATION,5,54,uav_5,107,11449,89,89,779,,,
gap_horizon_5uav_dense_crossing,5001,3.0,ab638f3173d91cafb7ed29de974aa01634768e8d4c1ede7d519c0693ee4eaebc,d4c6aaeede193e7d8f7c6f7d8254d5de47673b9878542a37f2dc085fa9dbc00a,FALSE_RECONCILIATION,5,13,uav_4,108,11664,90,90,778,3,2.675713728892165,3.441520650854191
gap_horizon_5uav_dense_crossing,5001,4.0,ab638f3173d91cafb7ed29de974aa01634768e8d4c1ede7d519c0693ee4eaebc,0a51067285fd14a147f4667815202afc5a5b2eaa4c784b6aa5039ffdec857b33,FALSE_RECONCILIATION,5,24,uav_5,108,11664,90,90,779,3,2.139741563637633,2.1513409449631773
gap_horizon_5uav_dense_crossing,5001,5.0,ab638f3173d91cafb7ed29de974aa01634768e8d4c1ede7d519c0693ee4eaebc,cc8627981a2dbd5d5055a36343d6452b2079e14a8a6041ffc40602ebb3af426a,FALSE_RECONCILIATION,5,13,uav_4,108,11664,90,90,780,5,2.60465279460517,2.8733815756925045
gap_horizon_5uav_dense_crossing,5001,6.0,ab638f3173d91cafb7ed29de974aa01634768e8d4c1ede7d519c0693ee4eaebc,4d9880bf10c8d07c33d1cb7db6c36c82c88be94178b8088cb6e3f0e18acf901d,FALSE_RECONCILIATION,5,54,uav_5,108,11664,90,90,782,6,4.774634547434202,7.714742554609551
gap_horizon_5uav_dense_crossing,5001,7.0,ab638f3173d91cafb7ed29de974aa01634768e8d4c1ede7d519c0693ee4eaebc,37362627bd2b6983d0fcb41de4a000a83a6e337f6b67faf07292e87d8be3200f,FALSE_RECONCILIATION,5,54,uav_5,108,11664,90,90,781,7,3.1731528277027925,5.475289858037568
gap_horizon_5uav_dense_crossing,5001,8.0,ab638f3173d91cafb7ed29de974aa01634768e8d4c1ede7d519c0693ee4eaebc,fc49aaa52869ac5584831ff72f8a2bb03be20be6632e8d016681caf959f7e8db,FALSE_RECONCILIATION,0,54,uav_5,108,11664,90,90,785,8,4.374950591001568,7.698078941767373
gap_horizon_5uav_dense_crossing,5001,9.0,ab638f3173d91cafb7ed29de974aa01634768e8d4c1ede7d519c0693ee4eaebc,09a34a92efa46dbcbc65049a961530250021b0da282c8b3d78ad5adf152fbd17,FALSE_RECONCILIATION,5,54,uav_5,107,11449,89,89,788,8,11.73069102909636,16.076403178836326
gap_horizon_5uav_dense_crossing,5002,10.0,ab638f3173d91cafb7ed29de974aa01634768e8d4c1ede7d519c0693ee4eaebc,7cb2992eb2b8d2c69b65de877bd9dd8ae4cc70349c7c822374e7ca1efb7ff857,FALSE_RECONCILIATION,37,31,uav_4,91,8281,70,70,739,10,7.026155920480686,15.453473141058643
gap_horizon_5uav_dense_crossing,5002,11.0,ab638f3173d91cafb7ed29de974aa01634768e8d4c1ede7d519c0693ee4eaebc,22ae36479888933e7ab2121d36087ce4e8e61a04f09897b74e35b1adf57e8b4e,FALSE_RECONCILIATION,37,31,uav_4,91,8281,70,70,740,11,7.192322286362181,15.925722181994976
gap_horizon_5uav_dense_crossing,5002,12.0,ab638f3173d91cafb7ed29de974aa01634768e8d4c1ede7d519c0693ee4eaebc,ff3e57d82276fade85adc2f31a8ffbd9495baef6e6275066dde8306b3bae8bea,FALSE_RECONCILIATION,37,8,uav_2,91,8281,70,70,741,11,7.832838630177492,15.712206755193177
gap_horizon_5uav_dense_crossing,5002,13.0,ab638f3173d91cafb7ed29de974aa01634768e8d4c1ede7d519c0693ee4eaebc,87450f6b4c9041e4d85e80fbdc2e47dd59e99cc04350a9f4148203acf50dfdb0,FALSE_RECONCILIATION,37,8,uav_2,91,8281,70,70,741,12,8.558931921097736,15.945379522762032
gap_horizon_5uav_dense_crossing,5002,14.0,ab638f3173d91cafb7ed29de974aa01634768e8d4c1ede7d519c0693ee4eaebc,52d298e7934458978693f18f4fcbb1ddf3950f4b48aeb8e8de5ab2f18a300e98,FALSE_RECONCILIATION,37,8,uav_2,91,8281,70,70,754,,,
gap_horizon_5uav_dense_crossing,5002,15.0,ab638f3173d91cafb7ed29de974aa01634768e8d4c1ede7d519c0693ee4eaebc,a28bb058c2a80944981780af8a88b85f07a4373d8e529d1f8a62fa73765f84e4,FALSE_RECONCILIATION,0,8,uav_2,90,8100,69,69,743,14,2.645081527832084,5.362847347390596
gap_horizon_5uav_dense_crossing,5002,16.0,ab638f3173d91cafb7ed29de974aa01634768e8d4c1ede7d519c0693ee4eaebc,1313cae813e4d36451e81717455c1d099cbe8d3baf3f0951081bf50ece332168,FALSE_RECONCILIATION,0,8,uav_2,89,7921,66,66,686,16,5.915792003140881,8.70738078296342
gap_horizon_5uav_dense_crossing,5002,17.0,ab638f3173d91cafb7ed29de974aa01634768e8d4c1ede7d519c0693ee4eaebc,b082903d89833c72b2267ee427ae834dd4bb96d00dc9180cae2634d5fd49957a,FALSE_RECONCILIATION,0,8,uav_2,89,7921,66,66,688,17,9.976922225868485,15.167369427277258
gap_horizon_5uav_dense_crossing,5002,18.0,ab638f3173d91cafb7ed29de974aa01634768e8d4c1ede7d519c0693ee4eaebc,d2c437edf3ca61e3f2104e4f9882584c5db5ddf7281728a289f1eb26ce23822d,FALSE_RECONCILIATION,0,8,uav_2,89,7921,66,66,688,17,5.5529098306285265,8.904657281945195
gap_horizon_5uav_dense_crossing,5002,19.0,ab638f3173d91cafb7ed29de974aa01634768e8d4c1ede7d519c0693ee4eaebc,1d5eb393740c6bf18f00498dc1d7ce33d85ba0a3d55145576b4ac2ca41f99742,FALSE_RECONCILIATION,0,8,uav_2,89,7921,66,66,689,19,5.800691232710065,9.095924764106135
gap_horizon_5uav_dense_crossing,5002,1.0,ab638f3173d91cafb7ed29de974aa01634768e8d4c1ede7d519c0693ee4eaebc,2b10e900e1c73f37aefd72784033d16ad0886ec5be85938314925521c998cef1,FALSE_RECONCILIATION,5,4,uav_5,94,8836,73,73,773,,,
gap_horizon_5uav_dense_crossing,5002,20.0,ab638f3173d91cafb7ed29de974aa01634768e8d4c1ede7d519c0693ee4eaebc,e3f3bb33e181f1c6cf2f39834f06bb57741bcfc43bdd13a4d2ee647e550eb1af,FALSE_RECONCILIATION,0,8,uav_2,88,7744,66,66,678,,,
gap_horizon_5uav_dense_crossing,5002,21.0,ab638f3173d91cafb7ed29de974aa01634768e8d4c1ede7d519c0693ee4eaebc,ab113880b7d44ef62bb390c92e9f4b63052188dd7d23e6161cf0559f57d5b87d,FALSE_RECONCILIATION,0,8,uav_2,87,7569,66,66,661,20,19.597911075755544,32.82454511366525
gap_horizon_5uav_dense_crossing,5002,22.0,ab638f3173d91cafb7ed29de974aa01634768e8d4c1ede7d519c0693ee4eaebc,cd4a4dafd21c942e8603655322aeb13544429da10ce4e0e94bfb6ee922adb891,FALSE_RECONCILIATION,5,31,uav_2,85,7225,64,64,659,19,36.72626006371194,62.03517612223452
gap_horizon_5uav_dense_crossing,5002,23.0,ab638f3173d91cafb7ed29de974aa01634768e8d4c1ede7d519c0693ee4eaebc,5e694d871f4eb4ee1bf700bce8c8e650359cefd05f86a8917b48df219bf3aeb4,FALSE_RECONCILIATION,5,8,uav_2,85,7225,64,64,658,22,19.27963544116004,33.843936676714385
gap_horizon_5uav_dense_crossing,5002,24.0,ab638f3173d91cafb7ed29de974aa01634768e8d4c1ede7d519c0693ee4eaebc,94554f36de5d466ed08dc6aaf26b0f4d820498fead36bc38e10ced27a4bbbc16,FALSE_RECONCILIATION,5,8,uav_2,85,7225,63,63,630,18,21.99098035519724,35.49334687868691
gap_horizon_5uav_dense_crossing,5002,2.0,ab638f3173d91cafb7ed29de974aa01634768e8d4c1ede7d519c0693ee4eaebc,6e2662fd3409a59a474d3ae44c43769385c770905b5048f66459066243367af5,FALSE_RECONCILIATION,5,4,uav_5,94,8836,73,73,773,,,
gap_horizon_5uav_dense_crossing,5002,3.0,ab638f3173d91cafb7ed29de974aa01634768e8d4c1ede7d519c0693ee4eaebc,7b906484b9139eaf384f6b9a5701962a893167b44a3df5dba16be85309a5d159,NO_RECONCILIATION,0,37,uav_1,94,8836,73,73,772,3,2.494471428558086,3.2400894380622893
gap_horizon_5uav_dense_crossing,5002,4.0,ab638f3173d91cafb7ed29de974aa01634768e8d4c1ede7d519c0693ee4eaebc,bc8ba5e3847668e0539e2fb1d55c6b37533bedc8dc7d7f7580e294a834dcc10a,FALSE_RECONCILIATION,0,30,uav_2,94,8836,73,73,777,4,1.4755132504179065,2.1754047964565464
gap_horizon_5uav_dense_crossing,5002,5.0,ab638f3173d91cafb7ed29de974aa01634768e8d4c1ede7d519c0693ee4eaebc,a7793221c40d9b6890b4158d25939e4edce3e02b28d15013bb675d43391f68bc,FALSE_RECONCILIATION,0,30,uav_2,94,8836,73,73,779,5,3.190098162193954,3.7802621546884594
gap_horizon_5uav_dense_crossing,5002,6.0,ab638f3173d91cafb7ed29de974aa01634768e8d4c1ede7d519c0693ee4eaebc,2a326c94eaf07231c0059c28dc3a04e5416a2eaa13a579624cc62c0d73b51265,FALSE_RECONCILIATION,37,30,uav_2,94,8836,73,73,781,5,2.503663759478621,3.064389237255323
gap_horizon_5uav_dense_crossing,5002,7.0,ab638f3173d91cafb7ed29de974aa01634768e8d4c1ede7d519c0693ee4eaebc,765fd90cad063b50e66a190b4e4b5a91cbb9f6c2c1d5d7ca69fe9416d1598619,FALSE_RECONCILIATION,0,30,uav_2,94,8836,73,73,783,7,6.406051534973983,9.725441968261707
gap_horizon_5uav_dense_crossing,5002,8.0,ab638f3173d91cafb7ed29de974aa01634768e8d4c1ede7d519c0693ee4eaebc,7102543514c62c231d224a78ea9338585b7c79db5e125c1d9a9916c89ffe5794,FALSE_RECONCILIATION,5,30,uav_2,92,8464,71,71,785,8,3.6566858459781773,9.293536776486654
gap_horizon_5uav_dense_crossing,5002,9.0,ab638f3173d91cafb7ed29de974aa01634768e8d4c1ede7d519c0693ee4eaebc,b40c61bdcc546d00be68179528e7bf874b3c13706ff9b38a490e8c96e467a0ed,FALSE_RECONCILIATION,37,31,uav_4,91,8281,70,70,738,8,7.6798293542263485,13.758311511659324
gap_horizon_5uav_dense_crossing,5003,10.0,ab638f3173d91cafb7ed29de974aa01634768e8d4c1ede7d519c0693ee4eaebc,073cb92fb7f5e329049b2963046ed8dfe06da87470942af3d286c3e591ad1489,FALSE_RECONCILIATION,8,7,uav_3,95,9025,79,79,802,10,4.061731422329453,7.110831864453041
gap_horizon_5uav_dense_crossing,5003,11.0,ab638f3173d91cafb7ed29de974aa01634768e8d4c1ede7d519c0693ee4eaebc,daa499577c95543c4150467aca8c1fcbb2df116dfad0fc7a9b657f3841062940,FALSE_RECONCILIATION,8,13,uav_5,95,9025,79,79,804,11,4.658712557775308,8.960244716540345
gap_horizon_5uav_dense_crossing,5003,12.0,ab638f3173d91cafb7ed29de974aa01634768e8d4c1ede7d519c0693ee4eaebc,b9894920ec8a115d4c8425e189f482e4649f72bf6b673580105e3b3be08a9abf,FALSE_RECONCILIATION,8,5,uav_5,96,9216,80,80,804,11,2.706223480062908,4.567988165277642
gap_horizon_5uav_dense_crossing,5003,13.0,ab638f3173d91cafb7ed29de974aa01634768e8d4c1ede7d519c0693ee4eaebc,8f24fafd94b336d9504a52976d9cb03884428daa2df36939dfab3fa9d68bc902,FALSE_RECONCILIATION,8,5,uav_5,96,9216,80,80,805,12,4.493034868137911,7.180576148770432
gap_horizon_5uav_dense_crossing,5003,14.0,ab638f3173d91cafb7ed29de974aa01634768e8d4c1ede7d519c0693ee4eaebc,95b58e02777ce5128ebaf584822095fbfbb16e89e9894bcd7d9c3b814da3bac2,FALSE_RECONCILIATION,8,5,uav_5,97,9409,81,81,807,13,3.576132559177815,6.531610924782318
gap_horizon_5uav_dense_crossing,5003,15.0,ab638f3173d91cafb7ed29de974aa01634768e8d4c1ede7d519c0693ee4eaebc,d8719b424a26d2a67d20dacc885504de16e28dde10cc004052e02791ab0c90dc,FALSE_RECONCILIATION,8,5,uav_5,96,9216,80,80,806,15,5.538044964676751,7.9537079475882955
gap_horizon_5uav_dense_crossing,5003,16.0,ab638f3173d91cafb7ed29de974aa01634768e8d4c1ede7d519c0693ee4eaebc,b910913d9ace3e83a02e0cbaf4fdf939ad5e534d498e97d2e48c928cb6db8daa,FALSE_RECONCILIATION,8,5,uav_5,95,9025,79,79,802,16,4.4433247463371375,6.2330978334958465
gap_horizon_5uav_dense_crossing,5003,17.0,ab638f3173d91cafb7ed29de974aa01634768e8d4c1ede7d519c0693ee4eaebc,ef67df7ec59459c576ed51a781819e8e5861f5a9ca973cf648f88cb6e8371df8,FALSE_RECONCILIATION,0,5,uav_5,94,8836,78,78,802,16,3.6407691537443716,6.419967706734059
gap_horizon_5uav_dense_crossing,5003,18.0,ab638f3173d91cafb7ed29de974aa01634768e8d4c1ede7d519c0693ee4eaebc,d66b76e7f4333a4996455db09a2d1d3fa0395d14a48feb18d903dbf4d236a625,FALSE_RECONCILIATION,0,5,uav_5,94,8836,78,78,804,18,5.327437064027722,8.18858699643112
gap_horizon_5uav_dense_crossing,5003,19.0,ab638f3173d91cafb7ed29de974aa01634768e8d4c1ede7d519c0693ee4eaebc,2550d1b55aa648fdcca5bbf0a44c53822aed8c1747e5ad21d00e4d20d5c9c000,FALSE_RECONCILIATION,0,5,uav_5,94,8836,78,78,804,18,36.86028248427071,58.34176329857236
gap_horizon_5uav_dense_crossing,5003,1.0,ab638f3173d91cafb7ed29de974aa01634768e8d4c1ede7d519c0693ee4eaebc,2ac2cc0c578e6cdf5775c25b3eddaa73613ebbf2e5fe8e19de642d8366e477cf,NO_RECONCILIATION,15,7,uav_1,95,9025,79,79,782,,,
gap_horizon_5uav_dense_crossing,5003,20.0,ab638f3173d91cafb7ed29de974aa01634768e8d4c1ede7d519c0693ee4eaebc,a7ac7a2d84a2b9fbcde97648a189292fd1271a7a28682260ae245815812c8e27,FALSE_RECONCILIATION,0,5,uav_5,94,8836,78,78,801,19,36.26342912248716,58.83328519009051
gap_horizon_5uav_dense_crossing,5003,21.0,ab638f3173d91cafb7ed29de974aa01634768e8d4c1ede7d519c0693ee4eaebc,971b71f531f41859d4bc40d890f5ef7b10a94b9cfa4d18cb24c93a1bcc672d5f,FALSE_RECONCILIATION,0,5,uav_5,94,8836,78,78,802,20,36.450618752469104,59.93303136923487
gap_horizon_5uav_dense_crossing,5003,22.0,ab638f3173d91cafb7ed29de974aa01634768e8d4c1ede7d519c0693ee4eaebc,41c2f5c9f043e948f531ff7e06157a38cd44452d4f764bd9645515242cdcfbf4,FALSE_RECONCILIATION,0,5,uav_5,94,8836,78,78,803,19,17.55423068259669,29.098864513630367
gap_horizon_5uav_dense_crossing,5003,23.0,ab638f3173d91cafb7ed29de974aa01634768e8d4c1ede7d519c0693ee4eaebc,c22523f3d6cd32c064b54f660f4e81017bcd9698e709b91957c226d6935af360,NO_RECONCILIATION,0,8,uav_1,95,9025,79,79,805,21,20.757812397359686,35.772935365683644
gap_horizon_5uav_dense_crossing,5003,24.0,ab638f3173d91cafb7ed29de974aa01634768e8d4c1ede7d519c0693ee4eaebc,497833df87cb9227d858ab8607018e682388d38e2f21374aa11cfaf1ab78372b,NO_RECONCILIATION,0,8,uav_1,95,9025,79,79,806,22,20.805588922126386,36.37912193800833
gap_horizon_5uav_dense_crossing,5003,2.0,ab638f3173d91cafb7ed29de974aa01634768e8d4c1ede7d519c0693ee4eaebc,03fae7bb7b23b47fdfd1380c083e7cede5082d768c43f512247c5cde957c1650,FALSE_RECONCILIATION,12,7,uav_3,96,9216,80,80,783,1,8.460345550383236,8.460345550383236
gap_horizon_5uav_dense_crossing,5003,3.0,ab638f3173d91cafb7ed29de974aa01634768e8d4c1ede7d519c0693ee4eaebc,ef6bff7518fa6637f584d36eb998edccd43095aed9efb8c844dff0d257cc938a,FALSE_RECONCILIATION,12,7,uav_3,96,9216,80,80,789,3,2.7769397469739623,3.946384818984331
gap_horizon_5uav_dense_crossing,5003,4.0,ab638f3173d91cafb7ed29de974aa01634768e8d4c1ede7d519c0693ee4eaebc,0f57d1d4a1b682b2ea08216f0988af3fe6265973f4e685552f96f1c19fd15c4f,FALSE_RECONCILIATION,12,7,uav_3,96,9216,80,80,789,3,5.108553087681795,6.011433543616414
gap_horizon_5uav_dense_crossing,5003,5.0,ab638f3173d91cafb7ed29de974aa01634768e8d4c1ede7d519c0693ee4eaebc,d0e32c1f1751c3b67ac8348c0aeb6a79fb51740332638d34735211693113e806,FALSE_RECONCILIATION,8,13,uav_5,96,9216,80,80,789,5,2.7349063657820176,3.9463812756591685
gap_horizon_5uav_dense_crossing,5003,6.0,ab638f3173d91cafb7ed29de974aa01634768e8d4c1ede7d519c0693ee4eaebc,66202eb4d94825ff0bef9ab39ace13cd58a28d04114aa152ccd7af9151de2f77,FALSE_RECONCILIATION,8,13,uav_5,95,9025,79,79,794,5,4.888766467942679,6.026352900684804
gap_horizon_5uav_dense_crossing,5003,7.0,ab638f3173d91cafb7ed29de974aa01634768e8d4c1ede7d519c0693ee4eaebc,7094b6aad3dbba2998942361f5c94aac86a2e6d3e658ded17ba0fc9e02ec8089,FALSE_RECONCILIATION,8,13,uav_5,95,9025,79,79,795,7,4.920583927134435,7.216772728695604
gap_horizon_5uav_dense_crossing,5003,8.0,ab638f3173d91cafb7ed29de974aa01634768e8d4c1ede7d519c0693ee4eaebc,cd871f696af3799fc156b992d11318d2c1cb6fe7f504b95ab3ba2fbf776fd78e,FALSE_RECONCILIATION,8,13,uav_5,95,9025,79,79,798,8,4.529582137961927,6.62425148159941
gap_horizon_5uav_dense_crossing,5003,9.0,ab638f3173d91cafb7ed29de974aa01634768e8d4c1ede7d519c0693ee4eaebc,8ab40c25a3ec2a85c41d8079d396fcd0c47fd370d8fa84ee83ce9f5ab38c1abd,FALSE_RECONCILIATION,8,13,uav_5,95,9025,79,79,800,9,2.489371840401833,4.681975812557157
gap_horizon_5uav_dense_crossing,5004,10.0,ab638f3173d91cafb7ed29de974aa01634768e8d4c1ede7d519c0693ee4eaebc,20a5491f2a1c0adb77d3187e4f5902c51fcba6baa2a0c7f3b232aa70e5772248,FALSE_RECONCILIATION,14,3,uav_4,116,13456,96,96,885,10,17.60196324184502,25.044288453856623
gap_horizon_5uav_dense_crossing,5004,11.0,ab638f3173d91cafb7ed29de974aa01634768e8d4c1ede7d519c0693ee4eaebc,de09291fa6d0a6e258b654fc3d1e60c568c7e096e3fec1b0fe274fef8ff0b199,NO_RECONCILIATION,15,9,uav_1,115,13225,94,94,905,11,3.3085143239004853,5.553385419914421
gap_horizon_5uav_dense_crossing,5004,12.0,ab638f3173d91cafb7ed29de974aa01634768e8d4c1ede7d519c0693ee4eaebc,cfb78fe3a7f6cd8b5be58d18817daf6a60bfbb31134874d0ce3828c2f0c37b00,NO_RECONCILIATION,15,9,uav_1,114,12996,93,93,907,11,2.917150868224903,4.9931589332118405
gap_horizon_5uav_dense_crossing,5004,13.0,ab638f3173d91cafb7ed29de974aa01634768e8d4c1ede7d519c0693ee4eaebc,6db527b0446f61e51b71007f37db16a4f29059313424288cd92410017377fbd5,NO_RECONCILIATION,59,9,uav_1,114,12996,93,93,909,13,3.9438565648227026,5.56519630888742
gap_horizon_5uav_dense_crossing,5004,14.0,ab638f3173d91cafb7ed29de974aa01634768e8d4c1ede7d519c0693ee4eaebc,ac63ed3a96be999ae30076e56f55e64c1646a7bb1aabe6b44d971d8f4ffdc72b,NO_RECONCILIATION,59,9,uav_1,114,12996,93,93,913,13,5.35167240729263,6.564894297005943
gap_horizon_5uav_dense_crossing,5004,15.0,ab638f3173d91cafb7ed29de974aa01634768e8d4c1ede7d519c0693ee4eaebc,062d0f1d09abdca8c5e42c898ed681a702bc1b7a3a9ace94e6f15c0c0af50ec6,NO_RECONCILIATION,15,9,uav_1,114,12996,94,94,888,15,5.674518204987385,6.868592137458953
gap_horizon_5uav_dense_crossing,5004,16.0,ab638f3173d91cafb7ed29de974aa01634768e8d4c1ede7d519c0693ee4eaebc,5e18527516a1f51dd2769f131640f5d68e7e4b4e75681b56735d262997a0e247,NO_RECONCILIATION,15,9,uav_1,114,12996,94,94,889,15,2.673279168008482,5.945531339662608
gap_horizon_5uav_dense_crossing,5004,17.0,ab638f3173d91cafb7ed29de974aa01634768e8d4c1ede7d519c0693ee4eaebc,3e9eebe84836f513346947fd1af1d937e0e9d3faf54962633e135e54bb2269fe,NO_RECONCILIATION,15,9,uav_1,113,12769,93,93,890,17,4.41957971529928,6.191460097895696
gap_horizon_5uav_dense_crossing,5004,18.0,ab638f3173d91cafb7ed29de974aa01634768e8d4c1ede7d519c0693ee4eaebc,72eb5ea9778353ff959194f2d0fd07081ba4a50c278f510ae536eb584c3e892a,NO_RECONCILIATION,15,9,uav_1,113,12769,93,93,891,18,4.854305897806732,6.288601399999149
gap_horizon_5uav_dense_crossing,5004,19.0,ab638f3173d91cafb7ed29de974aa01634768e8d4c1ede7d519c0693ee4eaebc,4aea87ddbcb3c83846085f1a25f40ae6406922d38b1d812d36383957cbf0d602,NO_RECONCILIATION,15,9,uav_1,114,12996,94,94,892,19,19.89709625830315,33.44873064591202
gap_horizon_5uav_dense_crossing,5004,1.0,ab638f3173d91cafb7ed29de974aa01634768e8d4c1ede7d519c0693ee4eaebc,a5a068362b452ebc8d2a6b8473a4923d0d1bf0ce6cf484aaf905f8506b389a1f,FALSE_RECONCILIATION,13,13,uav_5,115,13225,95,95,856,,,
gap_horizon_5uav_dense_crossing,5004,20.0,ab638f3173d91cafb7ed29de974aa01634768e8d4c1ede7d519c0693ee4eaebc,4d855e1d48c20007ea8973dcb15d078731e35cf838b6e3eb8363a49d1d1289b0,NO_RECONCILIATION,15,9,uav_1,114,12996,94,94,893,18,16.787092123949684,26.780526089828484
gap_horizon_5uav_dense_crossing,5004,21.0,ab638f3173d91cafb7ed29de974aa01634768e8d4c1ede7d519c0693ee4eaebc,f4252730a16899da7673d002bd017508db04a2e2e80cd9627ffce7edaadc51f0,NO_RECONCILIATION,15,9,uav_1,114,12996,94,94,894,19,16.830770005013058,27.248555010402775
gap_horizon_5uav_dense_crossing,5004,22.0,ab638f3173d91cafb7ed29de974aa01634768e8d4c1ede7d519c0693ee4eaebc,15e65ccb2f4bd07d0e386a4aa01add928c84bed9481f66b0b82a2062d9c42fa5,NO_RECONCILIATION,15,9,uav_1,114,12996,94,94,895,14,26.14395367605287,42.16757117325696
gap_horizon_5uav_dense_crossing,5004,23.0,ab638f3173d91cafb7ed29de974aa01634768e8d4c1ede7d519c0693ee4eaebc,2b71e65cab50b46c26004e8a3b14fd3af8e76275280100b71189720ef27c9d2c,NO_RECONCILIATION,15,9,uav_1,114,12996,94,94,897,15,25.52656094007222,42.393189862608146
gap_horizon_5uav_dense_crossing,5004,24.0,ab638f3173d91cafb7ed29de974aa01634768e8d4c1ede7d519c0693ee4eaebc,19f1282cd8571b66acf2ff230f88364a5beaa6d440989695e5857c1a2e99333a,NO_RECONCILIATION,15,9,uav_1,113,12769,94,94,847,21,20.694640498196247,35.45532527151045
gap_horizon_5uav_dense_crossing,5004,2.0,ab638f3173d91cafb7ed29de974aa01634768e8d4c1ede7d519c0693ee4eaebc,8820818b3b4bc43426f97d88cfdf396755656cad4af3b4c70e3eefa182b74974,FALSE_RECONCILIATION,13,1,uav_2,117,13689,97,97,871,,,
gap_horizon_5uav_dense_crossing,5004,3.0,ab638f3173d91cafb7ed29de974aa01634768e8d4c1ede7d519c0693ee4eaebc,c4a60d301ecfeade18b4c4887733d7f3b5da783ce5cc24f1a916998ef8be82a3,FALSE_RECONCILIATION,14,3,uav_4,117,13689,97,97,872,2,1.7787304593534183,2.350509902542705
gap_horizon_5uav_dense_crossing,5004,4.0,ab638f3173d91cafb7ed29de974aa01634768e8d4c1ede7d519c0693ee4eaebc,f746f55a0d3c99a4c410d5b79e6889c4a5fce553aaab24b64d823fce37081c37,FALSE_RECONCILIATION,14,3,uav_4,117,13689,97,97,874,4,2.1490634966505806,3.2865216681465075
gap_horizon_5uav_dense_crossing,5004,5.0,ab638f3173d91cafb7ed29de974aa01634768e8d4c1ede7d519c0693ee4eaebc,8390d0bbb09768c76ad9919ddb88092bee8983c3e8e6e3e5018d7c9e951037a2,FALSE_RECONCILIATION,14,3,uav_4,116,13456,96,96,876,5,1.0968308645122267,1.5917651636867713
gap_horizon_5uav_dense_crossing,5004,6.0,ab638f3173d91cafb7ed29de974aa01634768e8d4c1ede7d519c0693ee4eaebc,f2cb0a2d8a4fc61dee26964b1e8dd586b1bef6e9fa1f88e9242b4b1cca0f0124,FALSE_RECONCILIATION,14,3,uav_4,116,13456,96,96,877,6,2.3694490902594985,2.530017485319228
gap_horizon_5uav_dense_crossing,5004,7.0,ab638f3173d91cafb7ed29de974aa01634768e8d4c1ede7d519c0693ee4eaebc,2a93d8208e93ed093028cafef2c8e5430b0cd85682e706bb64cb04febc043a54,FALSE_RECONCILIATION,14,3,uav_4,116,13456,96,96,877,6,3.397907032491952,3.5828847679608766
gap_horizon_5uav_dense_crossing,5004,8.0,ab638f3173d91cafb7ed29de974aa01634768e8d4c1ede7d519c0693ee4eaebc,59892aea4fb5632e8a0603cedb310e9fdafd90b6b9b84d86d3229c6928ae26f1,FALSE_RECONCILIATION,14,3,uav_4,116,13456,96,96,882,7,3.2377101020440344,7.086948725420066
gap_horizon_5uav_dense_crossing,5004,9.0,ab638f3173d91cafb7ed29de974aa01634768e8d4c1ede7d519c0693ee4eaebc,067b718f8b8b1c8bf4189ab6c0a9f59453886a322eab887895b84ee6ca89be65,FALSE_RECONCILIATION,14,3,uav_4,116,13456,96,96,882,9,3.4190342038856336,4.0407723796616315
gap_horizon_5uav_dense_crossing,5005,10.0,ab638f3173d91cafb7ed29de974aa01634768e8d4c1ede7d519c0693ee4eaebc,e95da21ca174d2253b0eed51cf321e0882a84abd40af5b7cfe5c6b89bb34e97f,FALSE_RECONCILIATION,12,9,uav_5,86,7396,70,70,623,9,6.701820761300643,13.200074950717742
gap_horizon_5uav_dense_crossing,5005,11.0,ab638f3173d91cafb7ed29de974aa01634768e8d4c1ede7d519c0693ee4eaebc,3bc0ceb359bd010f4abde63a1ecb752faecec0776836c91a76294bfdee2f2e90,FALSE_RECONCILIATION,12,9,uav_5,86,7396,70,70,626,11,2.736104698418973,4.687288387169892
gap_horizon_5uav_dense_crossing,5005,12.0,ab638f3173d91cafb7ed29de974aa01634768e8d4c1ede7d519c0693ee4eaebc,2ee7a1d4825da0676199f9fdc23e945edb1a1fbf372d52059aeac1cd00202184,FALSE_RECONCILIATION,12,9,uav_5,86,7396,70,70,600,11,4.384931634413824,6.1781339276307925
gap_horizon_5uav_dense_crossing,5005,13.0,ab638f3173d91cafb7ed29de974aa01634768e8d4c1ede7d519c0693ee4eaebc,e91d7144fee242332efd118bb37423bf80a477e5c0cc2c1bc15f06dfc8241306,FALSE_RECONCILIATION,12,9,uav_5,86,7396,70,70,609,12,1.7279709451710046,2.5933412952212147
gap_horizon_5uav_dense_crossing,5005,14.0,ab638f3173d91cafb7ed29de974aa01634768e8d4c1ede7d519c0693ee4eaebc,f2b40c3ebeee71d4c24d7802d836fb70ed00f76055b1882ec1707cefa28c8dff,FALSE_RECONCILIATION,12,9,uav_5,87,7569,71,71,614,13,6.418772744325221,8.702135627507374
gap_horizon_5uav_dense_crossing,5005,15.0,ab638f3173d91cafb7ed29de974aa01634768e8d4c1ede7d519c0693ee4eaebc,b6bffc380f211f1c9d1912ec2c060b2a482ea57fde2940e4a67090fd4cfdcd8c,FALSE_RECONCILIATION,8,4,uav_5,85,7225,69,69,588,14,3.4043762062058893,3.773609678736165
gap_horizon_5uav_dense_crossing,5005,16.0,ab638f3173d91cafb7ed29de974aa01634768e8d4c1ede7d519c0693ee4eaebc,630f240fa3c9848f36ea91d2d807ef6e134bab1b09ab8c39ce30cf894118d1b5,FALSE_RECONCILIATION,8,9,uav_5,85,7225,69,69,593,16,8.499339578565927,11.916027853416882
gap_horizon_5uav_dense_crossing,5005,17.0,ab638f3173d91cafb7ed29de974aa01634768e8d4c1ede7d519c0693ee4eaebc,512c66b691b1e4cb7c3579eca49e7c31342a2928ba2e2e85207591c4d7ec4c2f,FALSE_RECONCILIATION,8,4,uav_5,84,7056,68,68,596,16,7.069885788723914,9.864340755442845
gap_horizon_5uav_dense_crossing,5005,18.0,ab638f3173d91cafb7ed29de974aa01634768e8d4c1ede7d519c0693ee4eaebc,0aa63cf806260182d752c4dceffc905fd0447b95415204984927d5db6c8db808,FALSE_RECONCILIATION,8,9,uav_5,84,7056,68,68,596,16,34.7109959919361,56.86829083532992
gap_horizon_5uav_dense_crossing,5005,19.0,ab638f3173d91cafb7ed29de974aa01634768e8d4c1ede7d519c0693ee4eaebc,254e9064a454ad4b37035fedc8b219e8ae291054d72b9350563e53a05a16ffc0,FALSE_RECONCILIATION,8,9,uav_5,84,7056,68,68,597,14,18.107421745729766,27.307879892668776
gap_horizon_5uav_dense_crossing,5005,1.0,ab638f3173d91cafb7ed29de974aa01634768e8d4c1ede7d519c0693ee4eaebc,ec3765a8b3a4a98dfac73324b98d1667f597738b856dffa78fe07fe383040b3e,NO_RECONCILIATION,5,8,uav_1,83,6889,66,66,596,,,
gap_horizon_5uav_dense_crossing,5005,20.0,ab638f3173d91cafb7ed29de974aa01634768e8d4c1ede7d519c0693ee4eaebc,9b613c8c27b3b8373f1b43d4812c55eccf2ef0baf0022de6b2c4944f66b29b3b,FALSE_RECONCILIATION,8,9,uav_5,84,7056,68,68,598,15,17.08756242123718,27.62725390899761
gap_horizon_5uav_dense_crossing,5005,21.0,ab638f3173d91cafb7ed29de974aa01634768e8d4c1ede7d519c0693ee4eaebc,91b74a4d1b18b9361ca73f4c1d7c87c431e916071b74b0160d473efddf3d59e2,FALSE_RECONCILIATION,8,9,uav_5,85,7225,68,68,660,19,37.39705542940594,60.27398835990077
gap_horizon_5uav_dense_crossing,5005,22.0,ab638f3173d91cafb7ed29de974aa01634768e8d4c1ede7d519c0693ee4eaebc,757273f0380de0ecd1364999730e01c168955131510793c345df885fdc9f746c,FALSE_RECONCILIATION,12,5,uav_5,88,7744,71,71,651,17,18.997918307858782,28.95806628358136
gap_horizon_5uav_dense_crossing,5005,23.0,ab638f3173d91cafb7ed29de974aa01634768e8d4c1ede7d519c0693ee4eaebc,c972bbf48d36c38833a4f8a3f62267ca978a8268862010b744d66d12cf829989,FALSE_RECONCILIATION,12,5,uav_5,88,7744,71,71,684,18,18.299708423132664,29.118486369619916
gap_horizon_5uav_dense_crossing,5005,24.0,ab638f3173d91cafb7ed29de974aa01634768e8d4c1ede7d519c0693ee4eaebc,e5fa5a92dc8da31c2d3db3b01457f44ebc8f424a4b6c602ac296e98121327d43,FALSE_RECONCILIATION,8,5,uav_5,89,7921,73,73,648,19,17.7942062680604,29.451744638379733
gap_horizon_5uav_dense_crossing,5005,2.0,ab638f3173d91cafb7ed29de974aa01634768e8d4c1ede7d519c0693ee4eaebc,d40cdd87eab200ff8af16aa4305a3e576ac24ca7472fbf5da5388235cdba78ae,CORRECT_RECONCILIATION,8,8,uav_1,83,6889,66,66,596,,,
gap_horizon_5uav_dense_crossing,5005,3.0,ab638f3173d91cafb7ed29de974aa01634768e8d4c1ede7d519c0693ee4eaebc,0509486e8a72f228c0b39d6e8ef2906f55282f0a01ee6fb57ed6b88e3ef4da4c,FALSE_RECONCILIATION,8,9,uav_5,84,7056,68,68,617,3,1.928865635677175,2.2364310938677328
gap_horizon_5uav_dense_crossing,5005,4.0,ab638f3173d91cafb7ed29de974aa01634768e8d4c1ede7d519c0693ee4eaebc,b84acda14a30c064e87c40b96aca7348db45ac6429b199ab6494b15469393246,FALSE_RECONCILIATION,8,9,uav_5,84,7056,68,68,617,3,1.0902585780157086,1.4841161556033302
gap_horizon_5uav_dense_crossing,5005,5.0,ab638f3173d91cafb7ed29de974aa01634768e8d4c1ede7d519c0693ee4eaebc,048f707490dab2167c9a896465a84dbe91ba36b3c043359846b7e78fce831c3e,FALSE_RECONCILIATION,12,9,uav_5,84,7056,68,68,606,5,2.3210408918106076,2.8839789092716446
gap_horizon_5uav_dense_crossing,5005,6.0,ab638f3173d91cafb7ed29de974aa01634768e8d4c1ede7d519c0693ee4eaebc,4308443b67ea93aed99f4ec8878dbd77154992d4bd74acfbc376b373349332f6,FALSE_RECONCILIATION,12,9,uav_5,84,7056,68,68,608,6,3.857978939942289,5.244401828647758
gap_horizon_5uav_dense_crossing,5005,7.0,ab638f3173d91cafb7ed29de974aa01634768e8d4c1ede7d519c0693ee4eaebc,211fd31f1f76d05393f36811477c5ce35ee90236204a46e22d3e2a840a72aa4c,FALSE_RECONCILIATION,12,9,uav_5,84,7056,68,68,582,6,4.008690265256212,5.946908173432906
gap_horizon_5uav_dense_crossing,5005,8.0,ab638f3173d91cafb7ed29de974aa01634768e8d4c1ede7d519c0693ee4eaebc,326e468afbec08c222ce7d6bef4cdcffbbdf4bb7efddd34de2e95e21360872e9,FALSE_RECONCILIATION,8,9,uav_5,86,7396,70,70,602,7,4.713215813672399,6.511429836976692
gap_horizon_5uav_dense_crossing,5005,9.0,ab638f3173d91cafb7ed29de974aa01634768e8d4c1ede7d519c0693ee4eaebc,dcb084c6a1fdac9eb7d2442864383b6370279e8b795e33d9d8a56717f553a1b7,FALSE_RECONCILIATION,12,9,uav_5,86,7396,70,70,604,8,5.223051219728811,6.872782027496233
gap_horizon_5uav_dense_crossing,5006,10.0,ab638f3173d91cafb7ed29de974aa01634768e8d4c1ede7d519c0693ee4eaebc,8110507e4eec47eba0a1a82e4f544e51d86771bf1caaacc9c60a43717989c513,NO_RECONCILIATION,0,29,uav_1,90,8100,73,73,722,10,4.722346687725599,6.825191179467252
gap_horizon_5uav_dense_crossing,5006,11.0,ab638f3173d91cafb7ed29de974aa01634768e8d4c1ede7d519c0693ee4eaebc,7c04370c7e3baabcb3c8cae599c82c5be2fec3f82cdbf72c78abc213b7cb6c68,NO_RECONCILIATION,0,29,uav_1,90,8100,74,74,672,10,6.092723825673529,8.474337416224326
gap_horizon_5uav_dense_crossing,5006,12.0,ab638f3173d91cafb7ed29de974aa01634768e8d4c1ede7d519c0693ee4eaebc,3d030ef4ec1b97fcde2ed2cca9327653af1e6fd515d41471110e7ce4acdffaf5,NO_RECONCILIATION,0,29,uav_1,89,7921,73,73,674,12,2.6644329502928144,6.005144524199291
gap_horizon_5uav_dense_crossing,5006,13.0,ab638f3173d91cafb7ed29de974aa01634768e8d4c1ede7d519c0693ee4eaebc,c0b2814a664b1df3bc52ec5877cac087bb96637f0afe2205a28853ece0bbb7f5,NO_RECONCILIATION,7,29,uav_1,89,7921,73,73,676,11,7.306856560634008,11.38561842613626
gap_horizon_5uav_dense_crossing,5006,14.0,ab638f3173d91cafb7ed29de974aa01634768e8d4c1ede7d519c0693ee4eaebc,f387c16276cc97df7c73083df25d283ffe99eb6dd77beee801fe00b20f47da5a,NO_RECONCILIATION,7,29,uav_1,87,7569,72,72,626,13,3.614102422606292,4.590093517250835
gap_horizon_5uav_dense_crossing,5006,15.0,ab638f3173d91cafb7ed29de974aa01634768e8d4c1ede7d519c0693ee4eaebc,12eba78bde5e45d9b2a3618793bb96275e36ddc530f9fada83d9d36ab0ec2a84,NO_RECONCILIATION,7,29,uav_1,87,7569,72,72,629,15,5.529321076419176,6.860580080675012
gap_horizon_5uav_dense_crossing,5006,16.0,ab638f3173d91cafb7ed29de974aa01634768e8d4c1ede7d519c0693ee4eaebc,77eeae7de4c67b0680b6411e9506a00f4354f78f92472212161fa91609e7416f,NO_RECONCILIATION,7,29,uav_1,88,7744,73,73,633,16,4.097054848033276,4.987888409650599
gap_horizon_5uav_dense_crossing,5006,17.0,ab638f3173d91cafb7ed29de974aa01634768e8d4c1ede7d519c0693ee4eaebc,887f56d8abeb79c609d4f76495a991300026d704bbe5e80779944c1b3c495571,NO_RECONCILIATION,7,29,uav_1,88,7744,73,73,634,16,3.7479363549414333,4.938271766759749
gap_horizon_5uav_dense_crossing,5006,18.0,ab638f3173d91cafb7ed29de974aa01634768e8d4c1ede7d519c0693ee4eaebc,f1e4714256afb60ac983dbac521658a04cfd7330c76e1ae994331d079a631d97,NO_RECONCILIATION,7,29,uav_1,88,7744,73,73,644,13,45.21256639804588,74.54328778099669
gap_horizon_5uav_dense_crossing,5006,19.0,ab638f3173d91cafb7ed29de974aa01634768e8d4c1ede7d519c0693ee4eaebc,00c9fb4451c33e8185c4c0e7d7df39a864d05704ed3899817a2983bf602eb478,NO_RECONCILIATION,7,29,uav_1,87,7569,72,72,649,17,8.668001654753143,15.068874315745767
gap_horizon_5uav_dense_crossing,5006,1.0,ab638f3173d91cafb7ed29de974aa01634768e8d4c1ede7d519c0693ee4eaebc,b23202c3d80d7e18588188543130545dc09db08ce3cfc7cc0b95745259449ba3,FALSE_RECONCILIATION,3,13,uav_5,93,8649,76,76,713,,,
gap_horizon_5uav_dense_crossing,5006,20.0,ab638f3173d91cafb7ed29de974aa01634768e8d4c1ede7d519c0693ee4eaebc,4a32c0bef163f64dae72d7cbf315f674bd7455fc1ccb62281daab22c3f4d6f1a,NO_RECONCILIATION,7,29,uav_1,88,7744,73,73,650,15,44.68512200386677,76.4555171647953
gap_horizon_5uav_dense_crossing,5006,21.0,ab638f3173d91cafb7ed29de974aa01634768e8d4c1ede7d519c0693ee4eaebc,05d52a52aca0a2dfaec3ec04ce54fac283266603780d733ada3a83f5f1c818ff,NO_RECONCILIATION,0,29,uav_1,88,7744,73,73,652,16,47.25449064167729,77.71433820358352
gap_horizon_5uav_dense_crossing,5006,22.0,ab638f3173d91cafb7ed29de974aa01634768e8d4c1ede7d519c0693ee4eaebc,b803f501fb3a5f170a738849d527f46c98358a144c96314581edd7a6fc51a418,NO_RECONCILIATION,0,7,uav_1,87,7569,72,72,659,17,47.620807262990745,78.80911271688355
gap_horizon_5uav_dense_crossing,5006,23.0,ab638f3173d91cafb7ed29de974aa01634768e8d4c1ede7d519c0693ee4eaebc,2648e2b22627550ab58e4427e870b4f2b9c2ac5ace02fbbc0921e103c5e3da7e,NO_RECONCILIATION,0,7,uav_1,87,7569,72,72,659,18,48.25449240166832,80.04562693253682
gap_horizon_5uav_dense_crossing,5006,24.0,ab638f3173d91cafb7ed29de974aa01634768e8d4c1ede7d519c0693ee4eaebc,74b7c1a7ca64e9b9c9e52c4772c87a0f75a89d23f5733b698fa94c3d949d6a18,NO_RECONCILIATION,0,7,uav_1,87,7569,72,72,660,23,44.03238937124603,75.144024642455
gap_horizon_5uav_dense_crossing,5006,2.0,ab638f3173d91cafb7ed29de974aa01634768e8d4c1ede7d519c0693ee4eaebc,22459926b2df740a2ee7c45396831eae36d3f62da349ad5c51e8e97c11b95a2a,NO_RECONCILIATION,3,7,uav_1,94,8836,77,77,713,1,0.8535461732865115,0.8535461732865115
gap_horizon_5uav_dense_crossing,5006,3.0,ab638f3173d91cafb7ed29de974aa01634768e8d4c1ede7d519c0693ee4eaebc,95d8af21e535d07d2c4c243b5c58fe9f18f6a476a2dd2f1a49b08e6d9498afc6,FALSE_RECONCILIATION,29,13,uav_5,93,8649,76,76,713,2,7.944380345546544,10.102097137821811
gap_horizon_5uav_dense_crossing,5006,4.0,ab638f3173d91cafb7ed29de974aa01634768e8d4c1ede7d519c0693ee4eaebc,ecb909093b47e2a2aeab84fe36eb839807c4dabfbcedff6483c7d943d4d58a2d,FALSE_RECONCILIATION,7,13,uav_5,92,8464,75,75,715,4,3.1421364296921763,3.886243865310309
gap_horizon_5uav_dense_crossing,5006,5.0,ab638f3173d91cafb7ed29de974aa01634768e8d4c1ede7d519c0693ee4eaebc,14f8d5a7129ff529908b2727fbb32be8b2863107b38af3426b507d9a9be5644a,NO_RECONCILIATION,7,29,uav_1,92,8464,75,75,716,4,1.8112031434079328,2.0720088835826393
gap_horizon_5uav_dense_crossing,5006,6.0,ab638f3173d91cafb7ed29de974aa01634768e8d4c1ede7d519c0693ee4eaebc,e4a0e2ce5c45709e90381961cceb5bb0dc79162d3d0962b4d48c4c553c15f701,NO_RECONCILIATION,7,29,uav_1,91,8281,74,74,717,6,3.060763231229472,4.37110289717424
gap_horizon_5uav_dense_crossing,5006,7.0,ab638f3173d91cafb7ed29de974aa01634768e8d4c1ede7d519c0693ee4eaebc,e55dd6bf3ee00a1d64eb09c307f72ee50c831f2b131cc48f60feb8c1ffb0ed3c,NO_RECONCILIATION,7,29,uav_1,91,8281,74,74,718,6,1.5320718239307043,3.155687039282007
gap_horizon_5uav_dense_crossing,5006,8.0,ab638f3173d91cafb7ed29de974aa01634768e8d4c1ede7d519c0693ee4eaebc,d5a4c79dfbdb673f574afa6e06f6726c93a4346cef826230deaeaf336d234117,NO_RECONCILIATION,7,29,uav_1,90,8100,73,73,718,7,1.88163972399876,3.4820177029323407
gap_horizon_5uav_dense_crossing,5006,9.0,ab638f3173d91cafb7ed29de974aa01634768e8d4c1ede7d519c0693ee4eaebc,2c758302d5c1371472fa7c255a593b1146ff36838ed9e348ecbe1259ad1df9af,NO_RECONCILIATION,0,29,uav_1,90,8100,73,73,720,9,2.969676216262098,5.578862637418062
gap_horizon_5uav_dense_crossing,5007,10.0,ab638f3173d91cafb7ed29de974aa01634768e8d4c1ede7d519c0693ee4eaebc,34cd742286c24467b74de9762a4aa377a06baeb29e9ac187a5103e5aab551021,FALSE_RECONCILIATION,4,41,uav_5,98,9604,76,76,780,10,6.79398297132028,10.81484711953746
gap_horizon_5uav_dense_crossing,5007,11.0,ab638f3173d91cafb7ed29de974aa01634768e8d4c1ede7d519c0693ee4eaebc,da3ed8361b0f85d91074d5a9e09f715d41e62d2b331d9b62e5c36ef3a9c9eeed,FALSE_RECONCILIATION,8,41,uav_5,99,9801,77,77,782,11,7.413499017593833,10.841791467180093
gap_horizon_5uav_dense_crossing,5007,12.0,ab638f3173d91cafb7ed29de974aa01634768e8d4c1ede7d519c0693ee4eaebc,125954b63686f633e37555b71d5dac659262eb94f08c4c4426c3b1c890f74e84,FALSE_RECONCILIATION,8,41,uav_5,97,9409,75,75,780,12,5.599377626581904,10.051300862297952
gap_horizon_5uav_dense_crossing,5007,13.0,ab638f3173d91cafb7ed29de974aa01634768e8d4c1ede7d519c0693ee4eaebc,df354f8dd5d80b6f0a084105daa1b472c8b9e9904b51e3175f5d7a55642dfe85,FALSE_RECONCILIATION,8,41,uav_5,97,9409,75,75,781,13,5.573181671594019,10.153000661909266
gap_horizon_5uav_dense_crossing,5007,14.0,ab638f3173d91cafb7ed29de974aa01634768e8d4c1ede7d519c0693ee4eaebc,eab9f443262063788c880dc3d7a157d5491fd57df3498b584a6f698fc03d402e,FALSE_RECONCILIATION,0,41,uav_5,97,9409,75,75,782,14,6.341058356407991,20.333594875601246
gap_horizon_5uav_dense_crossing,5007,15.0,ab638f3173d91cafb7ed29de974aa01634768e8d4c1ede7d519c0693ee4eaebc,856ffb3f0694f36eea6c8770f39d874857b6fd7de4cadb768cd417b5f798a411,FALSE_RECONCILIATION,0,41,uav_5,98,9604,76,76,784,15,5.302537218712828,20.317036217379627
gap_horizon_5uav_dense_crossing,5007,16.0,ab638f3173d91cafb7ed29de974aa01634768e8d4c1ede7d519c0693ee4eaebc,072c969e634cdbbff24c7e8687c8edb5ea86b6bc64f840fbf0a8640dd6976fd9,FALSE_RECONCILIATION,17,41,uav_5,98,9604,76,76,787,16,7.131372186394588,10.875398093651697
gap_horizon_5uav_dense_crossing,5007,17.0,ab638f3173d91cafb7ed29de974aa01634768e8d4c1ede7d519c0693ee4eaebc,2d128ab43648d5c7194ce4cf2672de3623a138688318c830e9c3ac2d61bd21f5,FALSE_RECONCILIATION,17,41,uav_5,98,9604,76,76,789,17,8.061692252596785,13.375872843285038
gap_horizon_5uav_dense_crossing,5007,18.0,ab638f3173d91cafb7ed29de974aa01634768e8d4c1ede7d519c0693ee4eaebc,786472ad7caaef1fc3cdfd85f561aebaa63a778d7e84212d2dcded0818ab039f,FALSE_RECONCILIATION,17,41,uav_5,98,9604,76,76,791,17,6.766176489923055,13.934397834931834
gap_horizon_5uav_dense_crossing,5007,19.0,ab638f3173d91cafb7ed29de974aa01634768e8d4c1ede7d519c0693ee4eaebc,e6f7eb7db9ce3ed68bc06aab9094d21585582b5fc56e26114413ac958929dd9e,FALSE_RECONCILIATION,17,41,uav_5,98,9604,76,76,793,19,8.212671646307346,20.243825804283183
gap_horizon_5uav_dense_crossing,5007,1.0,ab638f3173d91cafb7ed29de974aa01634768e8d4c1ede7d519c0693ee4eaebc,abf63e6c60c37e1fef08b99f1ca2c5372c8d385bd581937eb8ff46521229b239,FALSE_RECONCILIATION,32,41,uav_5,98,9604,76,76,772,,,
gap_horizon_5uav_dense_crossing,5007,20.0,ab638f3173d91cafb7ed29de974aa01634768e8d4c1ede7d519c0693ee4eaebc,5c0c84e45122569787640d690b9cf8524d1ce292d94a86b1a4b5ec022266ec9e,FALSE_RECONCILIATION,17,40,uav_5,98,9604,76,76,795,17,20.007100636741477,32.5446576892562
gap_horizon_5uav_dense_crossing,5007,21.0,ab638f3173d91cafb7ed29de974aa01634768e8d4c1ede7d519c0693ee4eaebc,bce3a53efffd83972147b8caa2baf7bb223f9ff1d6a900089538ce28ca0ae504,FALSE_RECONCILIATION,32,40,uav_5,97,9409,75,75,797,17,37.919753313153684,63.36204448030525
gap_horizon_5uav_dense_crossing,5007,22.0,ab638f3173d91cafb7ed29de974aa01634768e8d4c1ede7d519c0693ee4eaebc,40012d9b3caa69651d619f4774759b9b6326e3427c59a49e6cff33831d2d8ed6,FALSE_RECONCILIATION,32,40,uav_5,97,9409,75,75,799,19,21.223877642423986,34.59774891516957
gap_horizon_5uav_dense_crossing,5007,23.0,ab638f3173d91cafb7ed29de974aa01634768e8d4c1ede7d519c0693ee4eaebc,069aa79fbf8b13f661c1b137925331bb8f1af9dfe5e4f50b53b2f12185819fe7,FALSE_RECONCILIATION,32,40,uav_5,97,9409,75,75,800,22,50.19169115717647,84.0327271318481
gap_horizon_5uav_dense_crossing,5007,24.0,ab638f3173d91cafb7ed29de974aa01634768e8d4c1ede7d519c0693ee4eaebc,e25350635f1b9a457f24eb41e237823ebe7f06f9a44d8c5c60fd4a818fe7ca58,FALSE_RECONCILIATION,4,41,uav_5,96,9216,74,74,802,23,54.82893289573561,94.94253723295532
gap_horizon_5uav_dense_crossing,5007,2.0,ab638f3173d91cafb7ed29de974aa01634768e8d4c1ede7d519c0693ee4eaebc,d89b0b974bc59a52dafa2c8e4613f59a872bbc61765e42d337285ae80bd2f937,NO_RECONCILIATION,14,8,uav_1,98,9604,76,76,773,2,3.5034474897069194,3.569558435683046
gap_horizon_5uav_dense_crossing,5007,3.0,ab638f3173d91cafb7ed29de974aa01634768e8d4c1ede7d519c0693ee4eaebc,6ea68ecf8f83f4d2ad99fa5aa4a06fac411475df580e28ada1655bbc28b0abd5,FALSE_RECONCILIATION,8,41,uav_5,97,9409,75,75,774,3,3.248871261849915,4.444752152668677
gap_horizon_5uav_dense_crossing,5007,4.0,ab638f3173d91cafb7ed29de974aa01634768e8d4c1ede7d519c0693ee4eaebc,69f789646a511f54b985b7441f0560729d848603ef37de6cde74e1f19e090c26,FALSE_RECONCILIATION,8,41,uav_5,97,9409,74,74,781,3,1.8847909310112467,1.9331490747605322
gap_horizon_5uav_dense_crossing,5007,5.0,ab638f3173d91cafb7ed29de974aa01634768e8d4c1ede7d519c0693ee4eaebc,1381cbc326c2092621569d2262a1020e00a6d2250e9e94d980b0b1bb1c8ad2bf,FALSE_RECONCILIATION,8,40,uav_5,97,9409,74,74,782,4,3.3853987589391004,4.212994862900399
gap_horizon_5uav_dense_crossing,5007,6.0,ab638f3173d91cafb7ed29de974aa01634768e8d4c1ede7d519c0693ee4eaebc,84f109f64a00eea7cbd6be7cd63cd70e78f3ff709e1374eb1a6822f16a943ed9,FALSE_RECONCILIATION,8,6,uav_4,97,9409,74,74,783,6,2.021577521061283,3.786418351074537
gap_horizon_5uav_dense_crossing,5007,7.0,ab638f3173d91cafb7ed29de974aa01634768e8d4c1ede7d519c0693ee4eaebc,62863a06cf9f5695971b49c0e44f6d4899bdd5da1c66cbfa61cde854a2344f34,FALSE_RECONCILIATION,8,41,uav_5,98,9604,76,76,777,7,2.5739715378222123,3.8922566260028995
gap_horizon_5uav_dense_crossing,5007,8.0,ab638f3173d91cafb7ed29de974aa01634768e8d4c1ede7d519c0693ee4eaebc,bf209961c11d9b2cf7a9f1b21534342e6e8c9cf00e59ef5e7e1223ad4c8f4619,FALSE_RECONCILIATION,8,41,uav_5,98,9604,76,76,778,7,3.331849829743681,3.8614434583028956
gap_horizon_5uav_dense_crossing,5007,9.0,ab638f3173d91cafb7ed29de974aa01634768e8d4c1ede7d519c0693ee4eaebc,b9151a58256cd1f42815820cafaa975b281d35c7199025f64848c81390cdf7fd,FALSE_RECONCILIATION,8,41,uav_5,98,9604,76,76,778,9,7.709612118463609,10.797447690058862
gap_horizon_5uav_dense_crossing,5008,10.0,ab638f3173d91cafb7ed29de974aa01634768e8d4c1ede7d519c0693ee4eaebc,258299b106cffde1eaece1f719ae4abe6333525cc1abe68c7b53e5f0bf85f9b5,FALSE_RECONCILIATION,31,13,uav_5,97,9409,77,77,842,10,6.944632933589065,12.21646977226807
gap_horizon_5uav_dense_crossing,5008,11.0,ab638f3173d91cafb7ed29de974aa01634768e8d4c1ede7d519c0693ee4eaebc,3df418cae9d109134b175699058917b47e5629c964c91f1f2079718b5caaa8f9,FALSE_RECONCILIATION,31,13,uav_5,97,9409,77,77,843,10,4.618690290427709,7.629537978964493
gap_horizon_5uav_dense_crossing,5008,12.0,ab638f3173d91cafb7ed29de974aa01634768e8d4c1ede7d519c0693ee4eaebc,427dd52d43fad1641d1883f085381169353ca4d2e6b68d1397b2803325105222,NO_RECONCILIATION,31,7,uav_1,97,9409,77,77,850,10,13.32556633496569,19.02628321302233
gap_horizon_5uav_dense_crossing,5008,13.0,ab638f3173d91cafb7ed29de974aa01634768e8d4c1ede7d519c0693ee4eaebc,a7ba8f19afdf1a353221beb6a1ce29f16f9af1d7046b6937be546bd8ec0ab0f3,FALSE_RECONCILIATION,31,13,uav_5,97,9409,77,77,851,12,3.2424506890733125,8.151284846166563
gap_horizon_5uav_dense_crossing,5008,14.0,ab638f3173d91cafb7ed29de974aa01634768e8d4c1ede7d519c0693ee4eaebc,3d9fd53ef698cf72876511a13e65a93f15cc818a3b61136108eb6c7839043856,FALSE_RECONCILIATION,31,13,uav_5,97,9409,77,77,853,13,6.802415305558469,14.423358254351724
gap_horizon_5uav_dense_crossing,5008,15.0,ab638f3173d91cafb7ed29de974aa01634768e8d4c1ede7d519c0693ee4eaebc,65f4e58804c4eb48f9e26791d584502cfafc3d53e528109f034da3bdc3559535,CORRECT_RECONCILIATION,35,35,uav_1,96,9216,76,76,847,12,10.798229714997705,15.969448915805247
gap_horizon_5uav_dense_crossing,5008,16.0,ab638f3173d91cafb7ed29de974aa01634768e8d4c1ede7d519c0693ee4eaebc,f27a4f92537c554be6ebe925bf1569dee2b0a0df1a24c13cc908f81b843d5b20,CORRECT_RECONCILIATION,31,31,uav_1,97,9409,77,77,859,13,9.611122073065811,15.977921557778892
gap_horizon_5uav_dense_crossing,5008,17.0,ab638f3173d91cafb7ed29de974aa01634768e8d4c1ede7d519c0693ee4eaebc,1fa714682e5bda09d71e3a94f2a7873a5aac4e67c9b051bcd775eec792072073,FALSE_RECONCILIATION,32,13,uav_5,95,9025,75,75,814,16,12.076583058231378,18.132561401458457
gap_horizon_5uav_dense_crossing,5008,18.0,ab638f3173d91cafb7ed29de974aa01634768e8d4c1ede7d519c0693ee4eaebc,07da70bcf49a0091f0d061f0442a1232bc47eb9bb76fb98d24e05d101845eb37,CORRECT_RECONCILIATION,29,29,uav_1,94,8836,73,73,775,15,11.122993456592765,17.503608285768493
gap_horizon_5uav_dense_crossing,5008,19.0,ab638f3173d91cafb7ed29de974aa01634768e8d4c1ede7d519c0693ee4eaebc,c152c7b2e4613e67f25cbd15e36517c23e8ee43108408e512d33fbd9d7ce355f,CORRECT_RECONCILIATION,29,29,uav_1,94,8836,73,73,776,16,10.948279360155688,17.860536227818436
gap_horizon_5uav_dense_crossing,5008,1.0,ab638f3173d91cafb7ed29de974aa01634768e8d4c1ede7d519c0693ee4eaebc,84e1ec1e5a611b5ed074c0467dc18b8e5eeab6aee9eae8a473dcac93f7fee570,FALSE_RECONCILIATION,0,37,uav_4,99,9801,79,79,829,,,
gap_horizon_5uav_dense_crossing,5008,20.0,ab638f3173d91cafb7ed29de974aa01634768e8d4c1ede7d519c0693ee4eaebc,96be199f6f67a945fcb5b0ea8a19a5db0c2ede4550123214abdfec89393bccf7,CORRECT_RECONCILIATION,29,29,uav_1,94,8836,73,73,777,17,12.046078949033179,18.749611396327815
gap_horizon_5uav_dense_crossing,5008,21.0,ab638f3173d91cafb7ed29de974aa01634768e8d4c1ede7d519c0693ee4eaebc,f367f4dea05b12995699ef62357012613961ab1c208bbe58543fa403a9467e4d,CORRECT_RECONCILIATION,29,29,uav_1,94,8836,73,73,778,18,10.667339493091509,18.53160045482096
gap_horizon_5uav_dense_crossing,5008,22.0,ab638f3173d91cafb7ed29de974aa01634768e8d4c1ede7d519c0693ee4eaebc,39329401bb8368270689a11d954c05e527df6a57167fe00b94f1b10602adab55,FALSE_RECONCILIATION,29,1,uav_2,94,8836,73,73,775,21,15.027483907517396,25.223735317079804
gap_horizon_5uav_dense_crossing,5008,23.0,ab638f3173d91cafb7ed29de974aa01634768e8d4c1ede7d519c0693ee4eaebc,646ef5e419dafa2cc17685c4b0e5a22bdb33d20204a9dce0b5df954d776387d2,CORRECT_RECONCILIATION,29,29,uav_1,94,8836,73,73,776,19,12.453617738238025,20.163256345978294
gap_horizon_5uav_dense_crossing,5008,24.0,ab638f3173d91cafb7ed29de974aa01634768e8d4c1ede7d519c0693ee4eaebc,4cbb05a5a3163d499dbe493cf48c26fa4c4d66cb7543f5382f869fc1d3874141,NO_RECONCILIATION,29,7,uav_1,94,8836,73,73,778,23,23.240861088985156,39.009724654734676
gap_horizon_5uav_dense_crossing,5008,2.0,ab638f3173d91cafb7ed29de974aa01634768e8d4c1ede7d519c0693ee4eaebc,9ac6d9d614c8aaa85892dc8f8633fc8ea7f6fc67a63c5b9f0617b0bad16e2025,FALSE_RECONCILIATION,5,3,uav_4,100,10000,80,80,828,2,3.2305986374434865,3.639759405329725
gap_horizon_5uav_dense_crossing,5008,3.0,ab638f3173d91cafb7ed29de974aa01634768e8d4c1ede7d519c0693ee4eaebc,c92159d275619aeb0a3dc4d7920e3ff1df49d693e6349b7e5f7d6e55659f74ee,FALSE_RECONCILIATION,0,3,uav_4,100,10000,80,80,830,3,3.189896707991883,4.7742085679144965
gap_horizon_5uav_dense_crossing,5008,4.0,ab638f3173d91cafb7ed29de974aa01634768e8d4c1ede7d519c0693ee4eaebc,136d545e69f029f5bea15d7cabd54af43768ea3346b304cd60602f5fe3ff2cc4,FALSE_RECONCILIATION,32,13,uav_5,100,10000,80,80,832,4,2.1184397548705176,4.53115821882751
gap_horizon_5uav_dense_crossing,5008,5.0,ab638f3173d91cafb7ed29de974aa01634768e8d4c1ede7d519c0693ee4eaebc,38681dfb09f511286290d9f23c25e8b36f17e60649b9a4a4dae74dc40978f646,FALSE_RECONCILIATION,32,13,uav_5,99,9801,79,79,833,5,6.010565926065132,11.185876375828334
gap_horizon_5uav_dense_crossing,5008,6.0,ab638f3173d91cafb7ed29de974aa01634768e8d4c1ede7d519c0693ee4eaebc,6f389af405e4e42ed6a08b99076106c52f415ed05e2d1902eea1170a5634c0a3,FALSE_RECONCILIATION,32,13,uav_5,99,9801,79,79,835,5,5.237996323874002,9.729669444209778
gap_horizon_5uav_dense_crossing,5008,7.0,ab638f3173d91cafb7ed29de974aa01634768e8d4c1ede7d519c0693ee4eaebc,0e3bf2f882995f131c48e8a679736564287a9e7c50f17deea9b4a046e94508bc,NO_RECONCILIATION,31,29,uav_1,99,9801,79,79,836,7,3.6902572919701977,8.023456030512396
gap_horizon_5uav_dense_crossing,5008,8.0,ab638f3173d91cafb7ed29de974aa01634768e8d4c1ede7d519c0693ee4eaebc,5c93cb204b5dbe592cf62b2bc505b1c7032d9699acd92123e3994bba5ea8728a,FALSE_RECONCILIATION,0,13,uav_5,98,9604,78,78,838,8,3.335841500778869,7.471882433904641
gap_horizon_5uav_dense_crossing,5008,9.0,ab638f3173d91cafb7ed29de974aa01634768e8d4c1ede7d519c0693ee4eaebc,0e34f6a9d3d2b98dec5728acf9495bf938d9103adc6e3d32a29229ee3fe0f4f5,FALSE_RECONCILIATION,0,13,uav_5,98,9604,78,78,840,9,3.833016676686711,7.067969179600361
gap_horizon_5uav_dense_crossing,5009,10.0,ab638f3173d91cafb7ed29de974aa01634768e8d4c1ede7d519c0693ee4eaebc,a6dd3ec720609340ef378932e11d193a9786828b407e71dcb109239ccc21618a,FALSE_RECONCILIATION,13,9,uav_4,90,8100,75,75,596,9,6.412441935237755,8.229254433149286
gap_horizon_5uav_dense_crossing,5009,11.0,ab638f3173d91cafb7ed29de974aa01634768e8d4c1ede7d519c0693ee4eaebc,4029fed7a602fda14e2c76486178b4c84a5940da0d3bed56302ba9b29c4330e7,FALSE_RECONCILIATION,13,9,uav_4,90,8100,75,75,598,10,2.0754890371650174,4.788412239777894
gap_horizon_5uav_dense_crossing,5009,12.0,ab638f3173d91cafb7ed29de974aa01634768e8d4c1ede7d519c0693ee4eaebc,2e1fec78472023e030e6b3029395ee343fb20d5331d37183ac02efa7d94188e0,FALSE_RECONCILIATION,0,9,uav_4,90,8100,75,75,600,11,2.9384445593721193,5.213677059138376
gap_horizon_5uav_dense_crossing,5009,13.0,ab638f3173d91cafb7ed29de974aa01634768e8d4c1ede7d519c0693ee4eaebc,00960676cab59ece7696f1e289646f5357d1768efd1c1cf0c450cc244d21d995,FALSE_RECONCILIATION,0,9,uav_4,90,8100,75,75,602,12,6.762851929284369,10.167403149456913
gap_horizon_5uav_dense_crossing,5009,14.0,ab638f3173d91cafb7ed29de974aa01634768e8d4c1ede7d519c0693ee4eaebc,81da44d2272a65b98e8c0e4d17adb01661dbb7b24f48215674d11168be795f77,FALSE_RECONCILIATION,13,9,uav_4,90,8100,75,75,604,14,3.414739155881988,5.516344489318987
gap_horizon_5uav_dense_crossing,5009,15.0,ab638f3173d91cafb7ed29de974aa01634768e8d4c1ede7d519c0693ee4eaebc,e07a14d5fc6e42213d8ea189d65f22906e91dbaa1cef794388f1f52ad557f5e4,FALSE_RECONCILIATION,0,9,uav_4,89,7921,74,74,606,14,7.2595737183753135,11.476129062814854
gap_horizon_5uav_dense_crossing,5009,16.0,ab638f3173d91cafb7ed29de974aa01634768e8d4c1ede7d519c0693ee4eaebc,e045897661e241c562bd34b715a5f07a3a72eeb1ad3fbec9947802beb4a7fe1a,FALSE_RECONCILIATION,0,9,uav_4,89,7921,74,74,608,15,17.988870309914237,28.640352292722625
gap_horizon_5uav_dense_crossing,5009,17.0,ab638f3173d91cafb7ed29de974aa01634768e8d4c1ede7d519c0693ee4eaebc,b4b9cc918d8a9bfba60c2a40fe6d042bf49d2b7e4556f165d6f6901e1a5548c4,FALSE_RECONCILIATION,0,9,uav_4,88,7744,73,73,611,16,18.675086401898167,29.09462934108721
gap_horizon_5uav_dense_crossing,5009,18.0,ab638f3173d91cafb7ed29de974aa01634768e8d4c1ede7d519c0693ee4eaebc,6f6d43aa67c0b9ad4fcbdc7d8689313852889c7eeffa6192f61bcc5ca68d8c34,FALSE_RECONCILIATION,0,9,uav_4,88,7744,73,73,612,17,18.585073475317216,29.352691760419287
gap_horizon_5uav_dense_crossing,5009,19.0,ab638f3173d91cafb7ed29de974aa01634768e8d4c1ede7d519c0693ee4eaebc,271f11391bd1180fcd2829307b8e082f58bf78904f66b51e62abbdd402dc9e84,NO_RECONCILIATION,13,0,uav_1,88,7744,73,73,620,18,8.265588282341632,13.528124997298324
gap_horizon_5uav_dense_crossing,5009,1.0,ab638f3173d91cafb7ed29de974aa01634768e8d4c1ede7d519c0693ee4eaebc,a5dd8dc26d8f27d9fb59bd6a5be7ae921b7fa80deb18884389462b047ac0e9bc,NO_RECONCILIATION,4,0,uav_1,88,7744,73,73,587,,,
gap_horizon_5uav_dense_crossing,5009,20.0,ab638f3173d91cafb7ed29de974aa01634768e8d4c1ede7d519c0693ee4eaebc,85ea9f09b426dd6c80f21497a31df8a98ba68ab22dbe00c718255c16fb9f7195,CORRECT_RECONCILIATION,0,0,uav_1,88,7744,73,73,622,14,31.58104667909159,52.383415923055004
gap_horizon_5uav_dense_crossing,5009,21.0,ab638f3173d91cafb7ed29de974aa01634768e8d4c1ede7d519c0693ee4eaebc,c873c6dedc1fa67892b4d1afb71914dc0a08563a32c561b7b7a5a525744e4bc8,NO_RECONCILIATION,0,13,uav_1,88,7744,73,73,624,19,9.200712600626499,12.84429460272575
gap_horizon_5uav_dense_crossing,5009,22.0,ab638f3173d91cafb7ed29de974aa01634768e8d4c1ede7d519c0693ee4eaebc,6771194db88abce653dc9b4959f02cb561aab4eff6b50f4e01a77ad74e1e1e41,CORRECT_RECONCILIATION,0,0,uav_1,88,7744,73,73,628,16,34.693996552450514,55.37180708338286
gap_horizon_5uav_dense_crossing,5009,23.0,ab638f3173d91cafb7ed29de974aa01634768e8d4c1ede7d519c0693ee4eaebc,b8b0edfc7e8f47bdf7cf999582a70c2adeef18a02cbda37ec5f418f15917c73c,CORRECT_RECONCILIATION,13,13,uav_1,88,7744,73,73,630,17,34.84291850504926,56.121167579055594
gap_horizon_5uav_dense_crossing,5009,24.0,ab638f3173d91cafb7ed29de974aa01634768e8d4c1ede7d519c0693ee4eaebc,93a0aaad0c02ec3aa375e478792cbe2e8d4ef736e540130b9f3200212e09408f,NO_RECONCILIATION,0,13,uav_1,88,7744,73,73,632,20,46.67612095008177,76.66676732013906
gap_horizon_5uav_dense_crossing,5009,2.0,ab638f3173d91cafb7ed29de974aa01634768e8d4c1ede7d519c0693ee4eaebc,b2950cf1bfb87ea68f137e1c453d88ec151dd7043e4497aaef5534f12c8d2736,FALSE_RECONCILIATION,5,4,uav_5,89,7921,74,74,584,,,
gap_horizon_5uav_dense_crossing,5009,3.0,ab638f3173d91cafb7ed29de974aa01634768e8d4c1ede7d519c0693ee4eaebc,381567cf2bd453d9db5098c9e75f29d14a3b21d748c51d07004a179475b32b63,FALSE_RECONCILIATION,0,10,uav_2,89,7921,74,74,586,1,6.484031588280586,6.484031588280586
gap_horizon_5uav_dense_crossing,5009,4.0,ab638f3173d91cafb7ed29de974aa01634768e8d4c1ede7d519c0693ee4eaebc,ed5ed4e5da1e488ecd07b78460e7ba59dce51deab3a5a5e5575763fa202d5ac0,FALSE_RECONCILIATION,0,10,uav_2,88,7744,73,73,590,3,2.483604198376385,3.375616408952474
gap_horizon_5uav_dense_crossing,5009,5.0,ab638f3173d91cafb7ed29de974aa01634768e8d4c1ede7d519c0693ee4eaebc,866effbab5da57736bdae53549d602011deebc59ebe215e2f388295c500c7a10,FALSE_RECONCILIATION,0,10,uav_2,89,7921,74,74,588,4,2.9009187929217597,4.31362218941045
gap_horizon_5uav_dense_crossing,5009,6.0,ab638f3173d91cafb7ed29de974aa01634768e8d4c1ede7d519c0693ee4eaebc,bfaa051b341b9d83e46def051adcf2cccc478634d986411f4d746dc4ad672ca1,FALSE_RECONCILIATION,0,9,uav_4,89,7921,74,74,589,5,5.35494020566075,6.693539609420752
gap_horizon_5uav_dense_crossing,5009,7.0,ab638f3173d91cafb7ed29de974aa01634768e8d4c1ede7d519c0693ee4eaebc,41592b3122c98be0bd75b6b4e666cc7018d53330ccb279ee0b359622d389a543,FALSE_RECONCILIATION,13,9,uav_4,89,7921,74,74,590,6,5.0825951572193855,7.021746469113797
gap_horizon_5uav_dense_crossing,5009,8.0,ab638f3173d91cafb7ed29de974aa01634768e8d4c1ede7d519c0693ee4eaebc,8fa222cbc0895b719af517b6fe1a558784e35e393b5620443be5c8bb2a37ba75,FALSE_RECONCILIATION,13,9,uav_4,89,7921,74,74,592,8,2.9981664667275356,5.24648047351705
gap_horizon_5uav_dense_crossing,5009,9.0,ab638f3173d91cafb7ed29de974aa01634768e8d4c1ede7d519c0693ee4eaebc,8a1ccc0cd85101814b8ce9a68ff0e37b0510903246cba1c79fb4968d6681e068,FALSE_RECONCILIATION,0,9,uav_4,90,8100,75,75,594,8,6.903084723923881,10.156373151992712
gap_horizon_5uav_dense_crossing,5010,10.0,ab638f3173d91cafb7ed29de974aa01634768e8d4c1ede7d519c0693ee4eaebc,06de8a10457ab49f27bcfc37de4c9da6f4b321677867fb1125eb202689c93ea9,NO_RECONCILIATION,15,6,uav_1,114,12996,96,96,795,10,3.3611452759812375,5.346234684129801
gap_horizon_5uav_dense_crossing,5010,11.0,ab638f3173d91cafb7ed29de974aa01634768e8d4c1ede7d519c0693ee4eaebc,67b68485af496c14c1494f7b5db1f7e794ef6794d7ebb3f6bd78ea64afd13eb0,FALSE_RECONCILIATION,15,15,uav_5,114,12996,96,96,798,11,2.092705868422984,3.1077488091036365
gap_horizon_5uav_dense_crossing,5010,12.0,ab638f3173d91cafb7ed29de974aa01634768e8d4c1ede7d519c0693ee4eaebc,f5e6606ed30768cf7b105df8b23a0a93353f5a6c40eb268fdad5f86a9f72077e,NO_RECONCILIATION,4,6,uav_1,114,12996,94,94,721,11,5.125195849293471,10.210684468143215
gap_horizon_5uav_dense_crossing,5010,13.0,ab638f3173d91cafb7ed29de974aa01634768e8d4c1ede7d519c0693ee4eaebc,9047765aa18cfd0f15decd284e8be0a3f7e9baa9c43e5c3378e35453b38cae26,FALSE_RECONCILIATION,6,4,uav_5,114,12996,95,95,744,13,5.315956247080833,12.244904427643931
gap_horizon_5uav_dense_crossing,5010,14.0,ab638f3173d91cafb7ed29de974aa01634768e8d4c1ede7d519c0693ee4eaebc,b55f3c117bdd512390221350148792216df2859750982856832424f3602bb5ef,FALSE_RECONCILIATION,15,15,uav_5,115,13225,96,96,774,13,2.5708018465463787,3.0948194284486235
gap_horizon_5uav_dense_crossing,5010,15.0,ab638f3173d91cafb7ed29de974aa01634768e8d4c1ede7d519c0693ee4eaebc,6d1c6c75f41828f71fe88c5c7f03b76fc8041eff49c66a51e8ba5f51bb2b4a18,FALSE_RECONCILIATION,6,13,uav_5,114,12996,95,95,748,15,4.946151657804956,12.260439413262823
gap_horizon_5uav_dense_crossing,5010,16.0,ab638f3173d91cafb7ed29de974aa01634768e8d4c1ede7d519c0693ee4eaebc,44974aa6bf13fd161d646edd28f3ef4c534935c4577f17e5f25d43fed1be129f,CORRECT_RECONCILIATION,6,6,uav_1,114,12996,95,95,745,15,4.3783059497715895,5.238606310575769
gap_horizon_5uav_dense_crossing,5010,17.0,ab638f3173d91cafb7ed29de974aa01634768e8d4c1ede7d519c0693ee4eaebc,6a133fcd45f6f1380feb34d7e3182eb246537b53ca24ec2089f4997a6851e0df,FALSE_RECONCILIATION,6,5,uav_3,112,12544,93,93,753,17,4.3169855749883785,12.145857666597033
gap_horizon_5uav_dense_crossing,5010,18.0,ab638f3173d91cafb7ed29de974aa01634768e8d4c1ede7d519c0693ee4eaebc,1b415711d734be8aebf5dd82c3c56b09544c4054c09d08833453ab15eb81f0d3,FALSE_RECONCILIATION,6,5,uav_3,112,12544,93,93,748,17,4.984712617223687,10.088362658159285
gap_horizon_5uav_dense_crossing,5010,19.0,ab638f3173d91cafb7ed29de974aa01634768e8d4c1ede7d519c0693ee4eaebc,4efaed80043c36c3015aca1488c1024ceb20c83aca19cadf849ad707ce5e6e98,FALSE_RECONCILIATION,6,5,uav_3,112,12544,93,93,749,18,13.071032532784514,21.429690337049134
gap_horizon_5uav_dense_crossing,5010,1.0,ab638f3173d91cafb7ed29de974aa01634768e8d4c1ede7d519c0693ee4eaebc,60cd053dac87dc651d2dfb23675f80b6297f5d0fe05bbac3611658cf1aa0b8a8,FALSE_RECONCILIATION,21,12,uav_4,115,13225,97,97,858,,,
gap_horizon_5uav_dense_crossing,5010,20.0,ab638f3173d91cafb7ed29de974aa01634768e8d4c1ede7d519c0693ee4eaebc,f5aa11e1e69d870811c9783fa37d966f475d8ccce975062b54dba093a2244676,FALSE_RECONCILIATION,6,2,uav_3,112,12544,93,93,750,19,13.495819445643848,22.038388007837455
gap_horizon_5uav_dense_crossing,5010,21.0,ab638f3173d91cafb7ed29de974aa01634768e8d4c1ede7d519c0693ee4eaebc,8f52be1959dde240607ba18103f92e6503fa66e8d8f7f7d738d3d711e74ada18,FALSE_RECONCILIATION,0,5,uav_3,112,12544,93,93,752,20,13.81545676339022,22.60953912244523
gap_horizon_5uav_dense_crossing,5010,22.0,ab638f3173d91cafb7ed29de974aa01634768e8d4c1ede7d519c0693ee4eaebc,8fd314049947f18eee59fd1ab00fc7d15de286782766fd733f319d0a2f5148d9,FALSE_RECONCILIATION,6,5,uav_3,112,12544,93,93,754,13,25.677376364459285,40.9259762061662
gap_horizon_5uav_dense_crossing,5010,23.0,ab638f3173d91cafb7ed29de974aa01634768e8d4c1ede7d519c0693ee4eaebc,a263bc712cd9848b6fce539cfa0bb238dfc3390c61a968bb935a367d827d48b8,FALSE_RECONCILIATION,6,5,uav_3,112,12544,93,93,756,14,25.37206143137027,41.476751212917776
gap_horizon_5uav_dense_crossing,5010,24.0,ab638f3173d91cafb7ed29de974aa01634768e8d4c1ede7d519c0693ee4eaebc,eb5c20958ffd55c3b0c7ebcc54322d89691bbb28740bb295cfdbfedac2f590e5,FALSE_RECONCILIATION,6,5,uav_3,112,12544,93,93,759,15,27.057883022799015,41.97912208348764
gap_horizon_5uav_dense_crossing,5010,2.0,ab638f3173d91cafb7ed29de974aa01634768e8d4c1ede7d519c0693ee4eaebc,ecc3ea5473490d5c185349b9857d64313bc7071145fd35c287af8977aa1c000b,FALSE_RECONCILIATION,21,21,uav_2,115,13225,97,97,866,,,
gap_horizon_5uav_dense_crossing,5010,3.0,ab638f3173d91cafb7ed29de974aa01634768e8d4c1ede7d519c0693ee4eaebc,c961e18d2998df8074f4c10577b8517acc2890df165bd23669b1372d4e2f98c1,FALSE_RECONCILIATION,6,9,uav_5,114,12996,96,96,781,2,3.1795942888640614,4.012617271976738
gap_horizon_5uav_dense_crossing,5010,4.0,ab638f3173d91cafb7ed29de974aa01634768e8d4c1ede7d519c0693ee4eaebc,afa8cdceb4d45cdb8c57cad0077af307f416221deef1fa49cd2fbfb9456e0c25,FALSE_RECONCILIATION,6,9,uav_5,114,12996,96,96,783,4,1.4068738096299291,2.1717503659683057
gap_horizon_5uav_dense_crossing,5010,5.0,ab638f3173d91cafb7ed29de974aa01634768e8d4c1ede7d519c0693ee4eaebc,4a034d69d9f3109633c3ea4e0157541e08802e29719e06083a59f21407828907,FALSE_RECONCILIATION,6,15,uav_5,114,12996,96,96,787,4,2.8680529705832822,5.335511592671325
gap_horizon_5uav_dense_crossing,5010,6.0,ab638f3173d91cafb7ed29de974aa01634768e8d4c1ede7d519c0693ee4eaebc,7dd319543a22cccd2c62b2a4b350ecb446bbb5a46e24643a072231032ec73434,FALSE_RECONCILIATION,6,15,uav_5,115,13225,97,97,789,6,5.762362897416345,10.791852587971896
gap_horizon_5uav_dense_crossing,5010,7.0,ab638f3173d91cafb7ed29de974aa01634768e8d4c1ede7d519c0693ee4eaebc,085c7ee9683e016a1806bf7e6bdc192c644e2199baf368ad4a6a58d3d25a684d,NO_RECONCILIATION,4,6,uav_1,115,13225,97,97,790,6,6.2886797617116335,10.193974879300184
gap_horizon_5uav_dense_crossing,5010,8.0,ab638f3173d91cafb7ed29de974aa01634768e8d4c1ede7d519c0693ee4eaebc,ab48f46d9634805327e30bd30c0b8aa0770d82187e1f2b2960d9acb0a6430a7d,CORRECT_RECONCILIATION,6,6,uav_1,114,12996,96,96,792,7,2.143729831775109,3.068402916480859
gap_horizon_5uav_dense_crossing,5010,9.0,ab638f3173d91cafb7ed29de974aa01634768e8d4c1ede7d519c0693ee4eaebc,b637dfa2e4e3324e0b136f8863fc16e7afdb247bc74387b9b2950ec89948c849,CORRECT_RECONCILIATION,6,6,uav_1,114,12996,96,96,793,8,2.0497804020043935,3.067931034805303
