run_id,scenario_id,split,seed,config_hash,status,error,failure_category,retry_count,estimator,motion_model,fusion,association,association_mode,merger_enabled,num_real_targets,num_global_tracks_created,association_accuracy,id_switches,excess_global_tracks_total,fragmentation_events_total,track_availability_any_active_mean,track_availability_confirmed_mean,position_rmse_update_m,position_rmse_coasting_m,position_rmse_overall_m,velocity_rmse_update_mps,velocity_rmse_coasting_mps,velocity_rmse_overall_mps,mean_nees_6d,mean_nis,num_nis_samples,recovery_num_events_total,recovery_num_target_reacquisitions_observed,recovery_num_target_reacquisition_censored,recovery_target_reacquisition_latency_mean,recovery_target_reacquisition_latency_median,recovery_target_reacquisition_latency_stdev,recovery_num_identity_recovery_censored,recovery_num_identity_recovery_eligible,recovery_identity_preserving_recovery_rate,recovery_identity_recovery_latency_mean,recovery_identity_recovery_latency_median,recovery_identity_recovery_latency_stdev,recovery_identity_preservation_given_reacquisition,recovery_identity_recovery_penalty_mean,recovery_identity_recovery_penalty_median,identity_switches_epoch_level,same_timestamp_disagreement_epochs
final_extreme_dense_swarm_crossing__seed5001__9f73dbdc,final_extreme_dense_swarm_crossing,final,5001,9f73dbdc,completed,,,0,ukf,coordinated_turn,covariance_intersection,mahalanobis,full_state,True,5,5,1.0,0,0,0,1.0,0.9142857142857143,0.6660536871893531,0.25928848726829457,0.6413773574755836,0.3421931419731677,0.4041201348757461,0.3479333242967667,4.752289221243317,6.21187236062069,32,3,3,0,0.040000000000000036,0.040000000000000036,0.0,0,3,1.0,0.040000000000000036,0.040000000000000036,0.0,1.0,0.0,0.0,0,0
final_extreme_dense_swarm_crossing__seed5002__9f73dbdc,final_extreme_dense_swarm_crossing,final,5002,9f73dbdc,completed,,,0,ukf,coordinated_turn,covariance_intersection,mahalanobis,full_state,True,5,5,1.0,0,0,0,1.0,0.9142857142857143,0.7514349650182609,0.5492053821821009,0.7362806892622483,0.43348028799855776,0.5844157378090589,0.44841276859807644,7.900996375664243,5.155903393190986,32,3,3,0,0.014285714285714235,0.014285714285714235,0.0,0,3,1.0,0.014285714285714235,0.014285714285714235,0.0,1.0,0.0,0.0,0,0
final_geometry_inline__seed5001__9f73dbdc,final_geometry_inline,final,5001,9f73dbdc,completed,,,0,ukf,coordinated_turn,covariance_intersection,mahalanobis,full_state,True,1,1,1.0,0,0,0,1.0,0.7906976744186046,0.6009159979645945,11.350676086798037,5.220304789042298,0.23700519869342265,0.35375987139440385,0.26572166774710243,152.2352718682687,5.468413193844353,34,1,0,1,nan,nan,nan,1,0,nan,nan,nan,nan,nan,nan,nan,0,0
final_geometry_inline__seed5002__9f73dbdc,final_geometry_inline,final,5002,9f73dbdc,completed,,,0,ukf,coordinated_turn,covariance_intersection,mahalanobis,full_state,True,1,1,1.0,0,0,0,1.0,0.7906976744186046,0.44339683483228814,11.104233721480007,5.0954162814125565,0.2527671873607639,0.31613363768828145,0.26727595817177174,142.58694360132694,5.436503439229982,34,1,0,1,nan,nan,nan,1,0,nan,nan,nan,nan,nan,nan,nan,0,0
final_dropout_and_id_switch__seed5001__9f73dbdc,final_dropout_and_id_switch,final,5001,9f73dbdc,completed,,,0,ukf,coordinated_turn,covariance_intersection,mahalanobis,full_state,True,1,1,1.0,0,0,0,1.0,0.91,0.28610202631035686,11.918738311806768,3.5860223843818,0.19603347742234617,0.08051726211697449,0.1885576191535732,90.94441282433425,5.886596440037283,91,1,0,1,nan,nan,nan,1,0,nan,nan,nan,nan,nan,nan,nan,0,0
final_dropout_and_id_switch__seed5002__9f73dbdc,final_dropout_and_id_switch,final,5002,9f73dbdc,completed,,,0,ukf,coordinated_turn,covariance_intersection,mahalanobis,full_state,True,1,1,1.0,0,0,0,1.0,0.9,0.37629326461796153,11.129711195969957,3.5375816724800937,0.18549663595673443,0.10598287114445372,0.17914055558064157,88.32791688656673,5.917085649130512,90,2,1,1,0.0,0.0,0.0,1,1,1.0,0.0,0.0,0.0,1.0,0.0,0.0,0,0
final_dropout_and_id_switch__seed5003__9f73dbdc,final_dropout_and_id_switch,final,5003,9f73dbdc,completed,,,0,ukf,coordinated_turn,covariance_intersection,mahalanobis,full_state,True,1,1,1.0,0,0,0,1.0,0.91,0.7418995024424996,11.84938959029457,3.624582812255991,0.18210249618049643,0.2051300071015918,0.1842928353952414,170.78342218048047,5.850597506360885,91,1,0,1,nan,nan,nan,1,0,nan,nan,nan,nan,nan,nan,nan,0,0
final_dropout_and_id_switch__seed5004__9f73dbdc,final_dropout_and_id_switch,final,5004,9f73dbdc,completed,,,0,ukf,coordinated_turn,covariance_intersection,mahalanobis,full_state,True,1,1,1.0,0,0,0,1.0,0.91,0.3336073190507914,11.695842049084959,3.523155163879107,0.206432398791879,0.13204994096292239,0.20086909149575538,88.49064565289655,5.987639578273364,91,1,0,1,nan,nan,nan,1,0,nan,nan,nan,nan,nan,nan,nan,0,0
final_dropout_and_id_switch__seed5005__9f73dbdc,final_dropout_and_id_switch,final,5005,9f73dbdc,completed,,,0,ukf,coordinated_turn,covariance_intersection,mahalanobis,full_state,True,1,1,1.0,0,0,0,1.0,0.9108910891089109,0.3059016690439188,11.758060205371919,3.522033608390357,0.18111188764415243,0.27185339381030266,0.1909558517058198,88.47537809676427,6.317391524289177,92,1,0,1,nan,nan,nan,1,0,nan,nan,nan,nan,nan,nan,nan,0,0
final_dropout_and_id_switch__seed5006__9f73dbdc,final_dropout_and_id_switch,final,5006,9f73dbdc,completed,,,0,ukf,coordinated_turn,covariance_intersection,mahalanobis,full_state,True,1,1,1.0,0,0,0,1.0,0.91,0.2745743497718258,11.85164064138212,3.56512701137762,0.17568854994011962,0.36533126727446474,0.200251114164714,88.85653675631376,6.784489155492802,91,1,0,1,nan,nan,nan,1,0,nan,nan,nan,nan,nan,nan,nan,0,0
final_dropout_and_id_switch__seed5007__9f73dbdc,final_dropout_and_id_switch,final,5007,9f73dbdc,completed,,,0,ukf,coordinated_turn,covariance_intersection,mahalanobis,full_state,True,1,1,1.0,0,0,0,1.0,0.8921568627450981,0.4178614489687159,12.392674321492942,4.088783666112184,0.19756907023695164,0.25052790642483713,0.20394295782357347,92.36806952713476,5.387886644059627,91,2,1,1,0.016666666666666607,0.016666666666666607,0.0,1,1,1.0,0.016666666666666607,0.016666666666666607,0.0,1.0,0.0,0.0,0,0
final_dropout_and_id_switch__seed5008__9f73dbdc,final_dropout_and_id_switch,final,5008,9f73dbdc,completed,,,0,ukf,coordinated_turn,covariance_intersection,mahalanobis,full_state,True,1,1,1.0,0,0,0,1.0,0.92,0.24917332326146863,10.82730917558305,3.0717373383992883,0.1742362242879316,0.13205974673045537,0.17124480442426923,82.10217716103881,5.53255949702193,92,1,0,1,nan,nan,nan,1,0,nan,nan,nan,nan,nan,nan,nan,0,0
final_dropout_and_id_switch__seed5009__9f73dbdc,final_dropout_and_id_switch,final,5009,9f73dbdc,completed,,,0,ukf,coordinated_turn,covariance_intersection,mahalanobis,full_state,True,1,1,1.0,0,0,0,1.0,0.900990099009901,0.28174259192533446,13.426479801165188,4.233210374238381,0.1881811926933116,0.2403060335966039,0.19396785930106855,102.9179118818567,5.6529132999344345,91,1,0,1,nan,nan,nan,1,0,nan,nan,nan,nan,nan,nan,nan,0,0
final_dropout_and_id_switch__seed5010__9f73dbdc,final_dropout_and_id_switch,final,5010,9f73dbdc,completed,,,0,ukf,coordinated_turn,covariance_intersection,mahalanobis,full_state,True,1,1,1.0,0,0,0,1.0,0.9108910891089109,0.26733540627235136,11.915769194616896,3.5661292709413526,0.20044053229424977,0.2073249881551985,0.20106356561429634,91.28367623283654,6.403947582559042,92,1,0,1,nan,nan,nan,1,0,nan,nan,nan,nan,nan,nan,nan,0,0
final_dropout_and_id_switch__seed5011__9f73dbdc,final_dropout_and_id_switch,final,5011,9f73dbdc,completed,,,0,ukf,coordinated_turn,covariance_intersection,mahalanobis,full_state,True,1,1,1.0,0,0,0,1.0,0.900990099009901,0.31820303172975556,13.457913280902346,4.245403265056813,0.20463235826600515,0.43998152717924943,0.23852699847384182,102.09939150937494,5.987723114758186,91,1,0,1,nan,nan,nan,1,0,nan,nan,nan,nan,nan,nan,nan,0,0
final_dropout_and_id_switch__seed5012__9f73dbdc,final_dropout_and_id_switch,final,5012,9f73dbdc,completed,,,0,ukf,coordinated_turn,covariance_intersection,mahalanobis,full_state,True,1,1,1.0,0,0,0,1.0,0.900990099009901,0.25715096827991984,13.229351457374458,4.169876559052992,0.19096934742379082,0.30626215781747496,0.20529309243026694,100.5787538524297,4.9563246092970115,91,1,0,1,nan,nan,nan,1,0,nan,nan,nan,nan,nan,nan,nan,0,0
final_dropout_and_id_switch__seed5013__9f73dbdc,final_dropout_and_id_switch,final,5013,9f73dbdc,completed,,,0,ukf,coordinated_turn,covariance_intersection,mahalanobis,full_state,True,1,1,1.0,0,0,0,1.0,0.92,0.2369848619526245,10.797247854409935,3.0623706139486,0.22126264877298435,0.2569119835579006,0.22432317835285429,83.52727086507554,5.954677691043306,92,1,0,1,nan,nan,nan,1,0,nan,nan,nan,nan,nan,nan,nan,0,0
final_dropout_and_id_switch__seed5014__9f73dbdc,final_dropout_and_id_switch,final,5014,9f73dbdc,completed,,,0,ukf,coordinated_turn,covariance_intersection,mahalanobis,full_state,True,1,1,1.0,0,0,0,1.0,0.9019607843137255,0.2663659630435712,13.111470063837684,4.113147199643975,0.21408578014939103,0.19248131708795477,0.21206503188647272,94.4021721404404,6.132104066426157,92,1,0,1,nan,nan,nan,1,0,nan,nan,nan,nan,nan,nan,nan,0,0
final_dropout_and_id_switch__seed5015__9f73dbdc,final_dropout_and_id_switch,final,5015,9f73dbdc,completed,,,0,ukf,coordinated_turn,covariance_intersection,mahalanobis,full_state,True,1,1,1.0,0,0,0,1.0,0.8921568627450981,0.2714872218988187,12.420419174655512,4.086853769238532,0.19078251857925077,0.2674619301238116,0.20046783370421833,94.12535671312457,6.422262001953545,91,2,1,1,0.014285714285712459,0.014285714285712459,0.0,1,1,1.0,0.014285714285712459,0.014285714285712459,0.0,1.0,0.0,0.0,0,0
final_dropout_and_id_switch__seed5016__9f73dbdc,final_dropout_and_id_switch,final,5016,9f73dbdc,completed,,,0,ukf,coordinated_turn,covariance_intersection,mahalanobis,full_state,True,1,1,1.0,0,0,0,1.0,0.900990099009901,0.2874066806773156,13.544214073222731,4.270523172927701,0.20229495043466195,1.0408261402180625,0.3796455618517428,103.53233037040829,5.921836061671398,91,1,0,1,nan,nan,nan,1,0,nan,nan,nan,nan,nan,nan,nan,0,0
final_dropout_and_id_switch__seed5017__9f73dbdc,final_dropout_and_id_switch,final,5017,9f73dbdc,completed,,,0,ukf,coordinated_turn,covariance_intersection,mahalanobis,full_state,True,1,1,1.0,0,0,0,1.0,0.9108910891089109,0.2856628474852032,11.499962829117628,3.4436766642870196,0.18137083466702292,0.39945670166210917,0.2101971219566255,83.45060871494812,5.9054236362043016,92,1,0,1,nan,nan,nan,1,0,nan,nan,nan,nan,nan,nan,nan,0,0
final_dropout_and_id_switch__seed5018__9f73dbdc,final_dropout_and_id_switch,final,5018,9f73dbdc,completed,,,0,ukf,coordinated_turn,covariance_intersection,mahalanobis,full_state,True,1,1,1.0,0,0,0,1.0,0.8823529411764706,0.32574788464361354,12.078447228799513,4.154157734289234,0.17878119007922744,0.18540407526983704,0.17957303137385106,96.42768192450016,6.163378353630023,90,3,2,1,0.0035714285714281147,0.0035714285714281147,0.005050762722760407,1,2,1.0,0.0035714285714281147,0.0035714285714281147,0.005050762722760407,1.0,0.0,0.0,0,0
final_dropout_and_id_switch__seed5019__9f73dbdc,final_dropout_and_id_switch,final,5019,9f73dbdc,completed,,,0,ukf,coordinated_turn,covariance_intersection,mahalanobis,full_state,True,1,1,1.0,0,0,0,1.0,0.9398496240601504,0.2827240708076751,10.457892038181082,2.5794614749279265,0.20582299408072086,0.19350063355525443,0.20510272638041457,61.55090730939396,5.393366685013147,125,1,0,1,nan,nan,nan,1,0,nan,nan,nan,nan,nan,nan,nan,0,0
final_dropout_and_id_switch__seed5020__9f73dbdc,final_dropout_and_id_switch,final,5020,9f73dbdc,completed,,,0,ukf,coordinated_turn,covariance_intersection,mahalanobis,full_state,True,1,1,1.0,0,0,0,1.0,0.927007299270073,0.2802304177973151,12.962957632432492,3.5126007789879163,0.184895237723844,0.20804123883414066,0.18668184389415665,70.76650013361461,5.661407204367573,127,1,0,1,nan,nan,nan,1,0,nan,nan,nan,nan,nan,nan,nan,0,0
final_extreme_dense_swarm_crossing__seed5003__9f73dbdc,final_extreme_dense_swarm_crossing,final,5003,9f73dbdc,completed,,,0,ukf,coordinated_turn,covariance_intersection,mahalanobis,full_state,True,5,5,1.0,0,0,0,1.0,0.9142857142857143,0.750319542148314,0.3518547656550681,0.7248003985116281,0.3758633247985475,0.2225626518511739,0.36525318215932157,7.4176281126570025,4.715974053094593,32,3,3,0,0.0028571428571426694,0.0028571428571426694,0.0,0,3,1.0,0.0028571428571426694,0.0028571428571426694,0.0,1.0,0.0,0.0,0,0
final_extreme_dense_swarm_crossing__seed5004__9f73dbdc,final_extreme_dense_swarm_crossing,final,5004,9f73dbdc,completed,,,0,ukf,coordinated_turn,covariance_intersection,mahalanobis,full_state,True,5,5,1.0,0,0,0,1.0,0.9142857142857143,0.8128226329244955,0.31303463672570564,0.782591889527319,0.41793158486726795,0.23321178370857737,0.4054098848724737,7.476036685024865,5.683415762015692,32,3,3,0,0.0028571428571426694,0.0028571428571426694,0.0,0,3,1.0,0.0028571428571426694,0.0028571428571426694,0.0,1.0,0.0,0.0,0,0
final_extreme_dense_swarm_crossing__seed5005__9f73dbdc,final_extreme_dense_swarm_crossing,final,5005,9f73dbdc,completed,,,0,ukf,coordinated_turn,covariance_intersection,mahalanobis,full_state,True,5,5,1.0,0,0,0,1.0,1.0,0.7749199073965122,nan,0.7749199073965122,0.32194105596905825,nan,0.32194105596905825,6.081623624055666,5.774870623407827,30,0,0,0,nan,nan,nan,0,0,nan,nan,nan,nan,nan,nan,nan,0,0
final_extreme_dense_swarm_crossing__seed5006__9f73dbdc,final_extreme_dense_swarm_crossing,final,5006,9f73dbdc,completed,,,0,ukf,coordinated_turn,covariance_intersection,mahalanobis,full_state,True,5,5,1.0,0,0,0,0.9666666666666666,0.8666666666666666,1.2584393100511146,0.46391807353530384,1.20087707690137,0.542673215153487,0.2778219247529507,0.5215495726493509,69.42146301665571,5.4576148945627425,26,3,3,0,0.008571428571428452,0.008571428571428452,0.0,0,3,1.0,0.008571428571428452,0.008571428571428452,0.0,1.0,0.0,0.0,0,0
final_extreme_dense_swarm_crossing__seed5007__9f73dbdc,final_extreme_dense_swarm_crossing,final,5007,9f73dbdc,completed,,,0,ukf,coordinated_turn,covariance_intersection,mahalanobis,full_state,True,5,5,1.0,0,0,0,1.0,0.9,0.6959538057686947,0.2094516972614755,0.6635537138288868,0.36885348025971176,0.1918032662550407,0.35514285886716296,5.042664968904585,5.6360116215132905,27,3,3,0,0.005714285714285783,0.005714285714285783,0.0,0,3,1.0,0.005714285714285783,0.005714285714285783,0.0,1.0,0.0,0.0,0,0
final_extreme_dense_swarm_crossing__seed5008__9f73dbdc,final_extreme_dense_swarm_crossing,final,5008,9f73dbdc,completed,,,0,ukf,coordinated_turn,covariance_intersection,mahalanobis,full_state,True,5,5,1.0,0,0,0,1.0,0.9,0.7925338816404226,0.3603105789531877,0.7604481110002115,0.40728912938731987,0.22380270243229716,0.392816441085366,4.844353147166863,6.195378278287827,27,3,3,0,0.005714285714285783,0.005714285714285783,0.0,0,3,1.0,0.005714285714285783,0.005714285714285783,0.0,1.0,0.0,0.0,0,0
final_extreme_dense_swarm_crossing__seed5009__9f73dbdc,final_extreme_dense_swarm_crossing,final,5009,9f73dbdc,completed,,,0,ukf,coordinated_turn,covariance_intersection,mahalanobis,full_state,True,5,5,1.0,0,0,0,1.0,1.0,0.6922259484282662,nan,0.6922259484282662,0.3748495574255475,nan,0.3748495574255475,5.377475546947354,5.276551193726883,20,0,0,0,nan,nan,nan,0,0,nan,nan,nan,nan,nan,nan,nan,0,0
final_extreme_dense_swarm_crossing__seed5010__9f73dbdc,final_extreme_dense_swarm_crossing,final,5010,9f73dbdc,completed,,,0,ukf,coordinated_turn,covariance_intersection,mahalanobis,full_state,True,5,5,1.0,0,0,0,1.0,0.8,1.537062359143571,nan,1.537062359143571,0.6212496917899106,nan,0.6212496917899106,5.186514744312863,5.758614975362191,20,0,0,0,nan,nan,nan,0,0,nan,nan,nan,nan,nan,nan,nan,0,0
final_extreme_dense_swarm_crossing__seed5011__9f73dbdc,final_extreme_dense_swarm_crossing,final,5011,9f73dbdc,completed,,,0,ukf,coordinated_turn,covariance_intersection,mahalanobis,full_state,True,5,5,1.0,0,0,0,1.0,1.0,1.000485223592477,nan,1.000485223592477,0.5734582527583852,nan,0.5734582527583852,6.794664462821727,6.698502625821523,20,0,0,0,nan,nan,nan,0,0,nan,nan,nan,nan,nan,nan,nan,0,0
final_extreme_dense_swarm_crossing__seed5012__9f73dbdc,final_extreme_dense_swarm_crossing,final,5012,9f73dbdc,completed,,,0,ukf,coordinated_turn,covariance_intersection,mahalanobis,full_state,True,5,5,1.0,0,0,0,1.0,1.0,0.9164482949187983,nan,0.9164482949187983,0.4763836083213763,nan,0.4763836083213763,5.579791081125363,4.699264813240653,20,0,0,0,nan,nan,nan,0,0,nan,nan,nan,nan,nan,nan,nan,0,0
final_extreme_dense_swarm_crossing__seed5013__9f73dbdc,final_extreme_dense_swarm_crossing,final,5013,9f73dbdc,completed,,,0,ukf,coordinated_turn,covariance_intersection,mahalanobis,full_state,True,5,5,1.0,0,0,0,1.0,0.85,0.796930082069346,0.3242321775442955,0.7453870793716938,0.33897630207927465,0.30716761275244353,0.33439794364535796,4.352607733449172,5.883742555934979,17,3,0,3,nan,nan,nan,3,0,nan,nan,nan,nan,nan,nan,nan,0,0
final_extreme_dense_swarm_crossing__seed5014__9f73dbdc,final_extreme_dense_swarm_crossing,final,5014,9f73dbdc,completed,,,0,ukf,coordinated_turn,covariance_intersection,mahalanobis,full_state,True,5,5,1.0,0,0,0,1.0,0.85,1.0323856363612987,0.5128050976274148,0.97231293679723,0.47342507261774286,0.32502009720049596,0.4542656865902165,6.633918121062297,6.8558294503072545,17,3,0,3,nan,nan,nan,3,0,nan,nan,nan,nan,nan,nan,nan,0,0
final_extreme_dense_swarm_crossing__seed5015__9f73dbdc,final_extreme_dense_swarm_crossing,final,5015,9f73dbdc,completed,,,0,ukf,coordinated_turn,covariance_intersection,mahalanobis,full_state,True,5,5,1.0,0,0,0,1.0,0.85,1.0136935969583445,0.4907847359510087,0.9537132434823214,0.37114131801806644,0.337233438536455,0.3662553140354793,4.831093383284924,6.172757562782704,17,3,0,3,nan,nan,nan,3,0,nan,nan,nan,nan,nan,nan,nan,0,0
final_extreme_dense_swarm_crossing__seed5016__9f73dbdc,final_extreme_dense_swarm_crossing,final,5016,9f73dbdc,completed,,,0,ukf,coordinated_turn,covariance_intersection,mahalanobis,full_state,True,5,5,1.0,0,0,0,1.0,0.85,1.197012146559374,0.5270619064875344,1.122310788128502,0.48036041610722746,0.23363356560479606,0.4520198075360017,7.537480208767524,5.959379548742661,17,3,0,3,nan,nan,nan,3,0,nan,nan,nan,nan,nan,nan,nan,0,0
final_extreme_dense_swarm_crossing__seed5017__9f73dbdc,final_extreme_dense_swarm_crossing,final,5017,9f73dbdc,completed,,,0,ukf,coordinated_turn,covariance_intersection,mahalanobis,full_state,True,5,5,1.0,0,0,0,1.0,0.85,0.8235102179172672,0.4654285722257041,0.7803443345976389,0.38065056744816383,0.49714855385368995,0.40029255428204014,4.3910491054874194,5.396215499886835,17,3,0,3,nan,nan,nan,3,0,nan,nan,nan,nan,nan,nan,nan,0,0
final_extreme_dense_swarm_crossing__seed5018__9f73dbdc,final_extreme_dense_swarm_crossing,final,5018,9f73dbdc,completed,,,0,ukf,coordinated_turn,covariance_intersection,mahalanobis,full_state,True,5,5,1.0,0,0,0,1.0,0.85,0.6379468088400232,0.5994757826741021,0.6323253856794797,0.34988677451623795,0.4127765714605949,0.3600212721856651,4.512624602066729,7.2368619748157,17,3,0,3,nan,nan,nan,3,0,nan,nan,nan,nan,nan,nan,nan,0,0
final_extreme_dense_swarm_crossing__seed5019__9f73dbdc,final_extreme_dense_swarm_crossing,final,5019,9f73dbdc,completed,,,0,ukf,coordinated_turn,covariance_intersection,mahalanobis,full_state,True,5,5,1.0,0,0,0,1.0,0.85,0.6103672013027805,0.43145744274815295,0.5870172323685882,0.34697877793867493,0.3068100688380446,0.3412550281532929,3.108711942920376,6.188527085592642,17,3,0,3,nan,nan,nan,3,0,nan,nan,nan,nan,nan,nan,nan,0,0
final_extreme_dense_swarm_crossing__seed5020__9f73dbdc,final_extreme_dense_swarm_crossing,final,5020,9f73dbdc,completed,,,0,ukf,coordinated_turn,covariance_intersection,mahalanobis,full_state,True,5,5,1.0,0,0,0,1.0,0.85,0.8748349357870395,0.4179795494880079,0.8226431642644435,0.3182064536585567,0.48340377142230817,0.3480214447577313,4.218827436627157,5.559362792651097,17,3,0,3,nan,nan,nan,3,0,nan,nan,nan,nan,nan,nan,nan,0,0
final_extreme_noise_and_dropout__seed5001__9f73dbdc,final_extreme_noise_and_dropout,final,5001,9f73dbdc,completed,,,0,ukf,coordinated_turn,covariance_intersection,mahalanobis,full_state,True,2,2,1.0,0,0,0,1.0,0.8214285714285714,2.669058173043065,14.661499959548715,6.366006529573081,1.0544771848072585,1.491783077993718,1.136167516495466,31.36389088013174,6.293116148496291,94,2,0,2,nan,nan,nan,2,0,nan,nan,nan,nan,nan,nan,nan,0,0
final_extreme_noise_and_dropout__seed5002__9f73dbdc,final_extreme_noise_and_dropout,final,5002,9f73dbdc,completed,,,0,ukf,coordinated_turn,covariance_intersection,mahalanobis,full_state,True,2,2,0.5700996677740864,1,0,0,0.5526315789473684,0.30701754385964913,31.782737571990545,94.9854276027131,67.60969511782817,5.2972051730094,21.02216117898001,14.560322629838348,1699.5093162191033,8.041164252059572,35,4,3,1,0.0033333333333338544,0.0,0.00577350269189716,1,3,1.0,0.0033333333333338544,0.0,0.00577350269189716,1.0,0.0,0.0,1,0
final_extreme_noise_and_dropout__seed5003__9f73dbdc,final_extreme_noise_and_dropout,final,5003,9f73dbdc,completed,,,0,ukf,coordinated_turn,covariance_intersection,mahalanobis,full_state,True,2,2,1.0,0,0,0,1.0,0.8035714285714286,1.9126894896452178,15.781008223186298,6.890324136136618,1.0866380509490512,0.520636174735519,1.009124478533855,36.724025774802634,6.623060606500344,92,2,0,2,nan,nan,nan,2,0,nan,nan,nan,nan,nan,nan,nan,0,0
final_extreme_noise_and_dropout__seed5004__9f73dbdc,final_extreme_noise_and_dropout,final,5004,9f73dbdc,completed,,,0,ukf,coordinated_turn,covariance_intersection,mahalanobis,full_state,True,2,2,1.0,0,0,0,1.0,0.8125,1.952555486904985,15.915306452017813,7.112722256930163,1.1402732011335643,0.7981772128658006,1.0843822907915903,39.116816468943476,5.241625758177121,91,2,1,1,0.019999999999999574,0.019999999999999574,0.0,1,1,1.0,0.019999999999999574,0.019999999999999574,0.0,1.0,0.0,0.0,0,0
final_extreme_noise_and_dropout__seed5005__9f73dbdc,final_extreme_noise_and_dropout,final,5005,9f73dbdc,completed,,,0,ukf,coordinated_turn,covariance_intersection,mahalanobis,full_state,True,2,2,1.0,0,0,0,1.0,0.8275862068965517,1.637737943837015,15.685189004347025,6.681157818963066,0.8100875402294997,0.5966169782183898,0.7774751984409748,33.3231890081842,6.314543652807743,96,2,0,2,nan,nan,nan,2,0,nan,nan,nan,nan,nan,nan,nan,0,0
final_extreme_noise_and_dropout__seed5006__9f73dbdc,final_extreme_noise_and_dropout,final,5006,9f73dbdc,completed,,,0,ukf,coordinated_turn,covariance_intersection,mahalanobis,full_state,True,2,1,0.500329163923634,0,0,0,1.0,0.4727272727272727,30.9636756893141,95.58565153483667,72.59969523074723,13.248375820913973,15.168655422979317,14.293075960114356,1692.5527256858481,10.100039042149225,26,4,3,1,0.006666666666666821,0.009999999999999787,0.005773502691896391,1,3,1.0,0.006666666666666821,0.009999999999999787,0.005773502691896391,1.0,0.0,0.0,0,0
final_extreme_noise_and_dropout__seed5007__9f73dbdc,final_extreme_noise_and_dropout,final,5007,9f73dbdc,completed,,,0,ukf,coordinated_turn,covariance_intersection,mahalanobis,full_state,True,2,2,1.0,0,0,0,1.0,0.8181818181818182,1.8024166908263732,15.438064056475408,6.4588837608163425,1.0349950663349,0.5228407809387431,0.9698748050176614,34.83449065710429,6.872623672159487,92,2,0,2,nan,nan,nan,2,0,nan,nan,nan,nan,nan,nan,nan,0,0
final_extreme_noise_and_dropout__seed5008__9f73dbdc,final_extreme_noise_and_dropout,final,5008,9f73dbdc,completed,,,0,ukf,coordinated_turn,covariance_intersection,mahalanobis,full_state,True,2,2,1.0,0,0,0,1.0,0.8181818181818182,3.729610404378471,16.373996883375327,7.754209952075906,1.0414447167277756,0.9358413349303106,1.023055223353073,264.9794230676767,6.034331077173106,90,2,0,2,nan,nan,nan,2,0,nan,nan,nan,nan,nan,nan,nan,0,0
final_extreme_noise_and_dropout__seed5009__9f73dbdc,final_extreme_noise_and_dropout,final,5009,9f73dbdc,completed,,,0,ukf,coordinated_turn,covariance_intersection,mahalanobis,full_state,True,2,2,0.6145360155743024,1,0,0,0.5818181818181818,0.2727272727272727,40.08545743567506,460.33331564614497,326.73659528096994,5.251746645765547,8959.951572327978,6335.643604216758,7949.1058146705445,11.73386819049308,30,4,4,0,0.00749999999999984,0.009999999999999787,0.004999999999999893,0,4,1.0,0.00749999999999984,0.009999999999999787,0.004999999999999893,1.0,0.0,0.0,1,1
final_extreme_noise_and_dropout__seed5010__9f73dbdc,final_extreme_noise_and_dropout,final,5010,9f73dbdc,completed,,,0,ukf,coordinated_turn,covariance_intersection,mahalanobis,full_state,True,2,2,1.0,0,0,0,1.0,0.8461538461538461,2.1405268811859943,12.361575396167114,5.233159813006982,0.922978578316315,0.7095583085471453,0.8934690387987471,24.36722813614233,6.408214839850407,88,2,0,2,nan,nan,nan,2,0,nan,nan,nan,nan,nan,nan,nan,0,0
final_extreme_noise_and_dropout__seed5011__9f73dbdc,final_extreme_noise_and_dropout,final,5011,9f73dbdc,completed,,,0,ukf,coordinated_turn,covariance_intersection,mahalanobis,full_state,True,2,2,1.0,0,0,0,1.0,0.8275862068965517,2.4740363106889713,15.497120531868323,6.514398681696357,1.1259367455572016,2.6117327033795577,1.4592704460881258,33.492330983622566,6.709492331214695,98,2,0,2,nan,nan,nan,2,0,nan,nan,nan,nan,nan,nan,nan,0,0
final_extreme_noise_and_dropout__seed5012__9f73dbdc,final_extreme_noise_and_dropout,final,5012,9f73dbdc,completed,,,0,ukf,coordinated_turn,covariance_intersection,mahalanobis,full_state,True,2,2,1.0,0,0,0,1.0,0.8392857142857143,2.1484922496326213,12.811212841180547,5.500158213072865,1.0634277341021638,1.1581937743484616,1.0792193525908138,28.2096709592438,6.742383735512602,94,2,0,2,nan,nan,nan,2,0,nan,nan,nan,nan,nan,nan,nan,0,0
final_extreme_noise_and_dropout__seed5013__9f73dbdc,final_extreme_noise_and_dropout,final,5013,9f73dbdc,completed,,,0,ukf,coordinated_turn,covariance_intersection,mahalanobis,full_state,True,2,1,0.5003257328990228,0,0,0,1.0,0.4444444444444444,31.254936568750278,158245.6867694218,117949.3727613269,14.155864755613162,4010935.1815685933,2989574.573125841,1380.2216814474439,10.653532931787774,24,6,6,0,0.021666666666666945,0.025000000000000355,0.014719601443880055,0,6,1.0,0.021666666666666945,0.025000000000000355,0.014719601443880055,1.0,0.0,0.0,0,0
final_extreme_noise_and_dropout__seed5014__9f73dbdc,final_extreme_noise_and_dropout,final,5014,9f73dbdc,completed,,,0,ukf,coordinated_turn,covariance_intersection,mahalanobis,full_state,True,2,2,1.0,0,0,0,1.0,0.8518518518518519,2.316110916028158,12.299537807904652,5.194352438823571,0.9498770949896207,1.2457323057942224,0.9992501875809225,25.05034228896198,6.3965944004920345,92,2,0,2,nan,nan,nan,2,0,nan,nan,nan,nan,nan,nan,nan,0,0
final_extreme_noise_and_dropout__seed5015__9f73dbdc,final_extreme_noise_and_dropout,final,5015,9f73dbdc,completed,,,0,ukf,coordinated_turn,covariance_intersection,mahalanobis,full_state,True,2,2,1.0,0,0,0,1.0,0.8333333333333334,2.7125833512654443,13.072818349165406,5.620171384051609,1.0950386783280703,0.6988990507742373,1.0458624439416586,27.180054558442762,6.2892774117023205,92,2,0,2,nan,nan,nan,2,0,nan,nan,nan,nan,nan,nan,nan,0,0
final_extreme_noise_and_dropout__seed5016__9f73dbdc,final_extreme_noise_and_dropout,final,5016,9f73dbdc,completed,,,0,ukf,coordinated_turn,covariance_intersection,mahalanobis,full_state,True,2,2,0.6149461684610513,1,0,0,0.5803571428571429,0.3125,20.769340049072234,1436390.727571591,975835.3398515483,4.972712942276208,55188544.60277611,37493232.96095303,2346.7272054545165,9.352515378011883,35,5,5,0,0.01000000000000032,0.009999999999999787,0.007071067811865952,0,5,1.0,0.01000000000000032,0.009999999999999787,0.007071067811865952,1.0,0.0,0.0,1,0
final_extreme_noise_and_dropout__seed5017__9f73dbdc,final_extreme_noise_and_dropout,final,5017,9f73dbdc,completed,,,0,ukf,coordinated_turn,covariance_intersection,mahalanobis,full_state,True,2,2,1.0,0,0,0,1.0,0.8214285714285714,1.928812351780679,15.770334024694739,6.564495710704373,1.125046942719004,0.7237193619206996,1.0707412880259546,34.49984235708251,6.090835601558142,94,2,0,2,nan,nan,nan,2,0,nan,nan,nan,nan,nan,nan,nan,0,0
final_extreme_noise_and_dropout__seed5018__9f73dbdc,final_extreme_noise_and_dropout,final,5018,9f73dbdc,completed,,,0,ukf,coordinated_turn,covariance_intersection,mahalanobis,full_state,True,2,2,0.6193590582079791,1,0,0,0.5803571428571429,0.26785714285714285,12.711979312488054,37805618172.91576,27741739391.496326,4.3181253042888335,733068612011.7596,537925297174.09753,2273.905046298678,7.180591097887033,30,4,4,0,0.012500000000000178,0.010000000000000231,0.015000000000000173,0,4,1.0,0.012500000000000178,0.010000000000000231,0.015000000000000173,1.0,0.0,0.0,1,0
final_extreme_noise_and_dropout__seed5019__9f73dbdc,final_extreme_noise_and_dropout,final,5019,9f73dbdc,completed,,,0,ukf,coordinated_turn,covariance_intersection,mahalanobis,full_state,True,2,2,1.0,0,0,0,1.0,0.8181818181818182,1.9237525532318953,14.112469275651662,5.973721240513558,0.9866896103776703,0.5510748352817273,0.9294841685695647,29.741385190401065,5.57441158577573,92,2,0,2,nan,nan,nan,2,0,nan,nan,nan,nan,nan,nan,nan,0,0
final_extreme_noise_and_dropout__seed5020__9f73dbdc,final_extreme_noise_and_dropout,final,5020,9f73dbdc,completed,,,0,ukf,coordinated_turn,covariance_intersection,mahalanobis,full_state,True,2,2,0.5376690276883451,1,0,0,0.5277777777777778,0.25925925925925924,22.635967885054097,115.07167159570798,80.88239573453683,4.917189850539244,750.1538405369581,516.3036054907083,991.416874649542,9.335613804344437,30,3,3,0,0.0033333333333338544,0.0,0.00577350269189716,0,3,1.0,0.0033333333333338544,0.0,0.00577350269189716,1.0,0.0,0.0,1,1
final_extreme_sharp_zigzag__seed5001__9f73dbdc,final_extreme_sharp_zigzag,final,5001,9f73dbdc,completed,,,0,ukf,coordinated_turn,covariance_intersection,mahalanobis,full_state,True,1,1,1.0,0,0,0,1.0,0.625,0.6145972997197319,14.832791628289332,9.096178948251184,0.8326697374660029,2.884770718013608,1.8852188448885965,827.2472932048058,8.555183835225225,30,8,7,1,0.004761904761904618,0.0023809523809523725,0.005832118435198083,1,7,1.0,0.004761904761904618,0.0023809523809523725,0.005832118435198083,1.0,0.0,0.0,0,0
final_extreme_sharp_zigzag__seed5002__9f73dbdc,final_extreme_sharp_zigzag,final,5002,9f73dbdc,completed,,,0,ukf,coordinated_turn,covariance_intersection,mahalanobis,full_state,True,1,1,1.0,0,0,0,1.0,0.56,0.6859882435357098,18.012467340471527,11.959141933752365,0.7156735123227584,2.482600941038537,1.731669966526708,897.8848522333302,7.665189770313922,28,8,7,1,0.005782312925170174,0.0023809523809523725,0.007636035483212309,1,7,1.0,0.005782312925170174,0.0023809523809523725,0.007636035483212309,1.0,0.0,0.0,0,0
final_extreme_sharp_zigzag__seed5003__9f73dbdc,final_extreme_sharp_zigzag,final,5003,9f73dbdc,completed,,,0,ukf,coordinated_turn,covariance_intersection,mahalanobis,full_state,True,1,1,1.0,0,0,0,1.0,0.625,0.6103895285097505,20.146085106504092,12.34634111912356,0.8305697889293697,2.7818567154365743,1.8256988808080314,964.340995989433,8.32095477905226,30,7,6,1,0.007539682539682217,0.005952380952380487,0.007591716853058892,1,6,1.0,0.007539682539682217,0.005952380952380487,0.007591716853058892,1.0,0.0,0.0,0,0
final_extreme_sharp_zigzag__seed5004__9f73dbdc,final_extreme_sharp_zigzag,final,5004,9f73dbdc,completed,,,0,ukf,coordinated_turn,covariance_intersection,mahalanobis,full_state,True,1,1,1.0,0,0,0,1.0,0.5869565217391305,0.8385174324703409,14.349704104345065,9.244681384974498,0.7085562592053807,2.782690219888161,1.8689646959338064,849.5718518465497,7.8296459778051695,27,7,6,1,0.008333333333333007,0.0071428571428571175,0.007182430061427704,1,6,1.0,0.008333333333333007,0.0071428571428571175,0.007182430061427704,1.0,0.0,0.0,0,0
final_extreme_sharp_zigzag__seed5005__9f73dbdc,final_extreme_sharp_zigzag,final,5005,9f73dbdc,completed,,,0,ukf,coordinated_turn,covariance_intersection,mahalanobis,full_state,True,1,1,1.0,0,0,0,1.0,0.6086956521739131,0.6056534904392936,17.4102727833644,10.901124416729106,0.8286062829619654,2.8333920418147174,1.8866260588204333,930.6071559828088,7.392389980031573,28,6,5,1,0.009523809523809667,0.014285714285714235,0.008748177652797215,1,5,1.0,0.009523809523809667,0.014285714285714235,0.008748177652797215,1.0,0.0,0.0,0,0
final_extreme_sharp_zigzag__seed5006__9f73dbdc,final_extreme_sharp_zigzag,final,5006,9f73dbdc,completed,,,0,ukf,coordinated_turn,covariance_intersection,mahalanobis,full_state,True,1,1,1.0,0,0,0,1.0,0.6363636363636364,0.6455227670904383,15.471887819271808,9.344099490968766,0.9249718677631663,2.6380881321888414,1.7536208428655007,861.3001867640024,7.453704139515693,28,7,6,1,0.006349206349206327,0.007142857142856673,0.006147592613027624,1,6,1.0,0.006349206349206327,0.007142857142856673,0.006147592613027624,1.0,0.0,0.0,0,0
final_extreme_sharp_zigzag__seed5007__9f73dbdc,final_extreme_sharp_zigzag,final,5007,9f73dbdc,completed,,,0,ukf,coordinated_turn,covariance_intersection,mahalanobis,full_state,True,1,1,1.0,0,0,0,1.0,0.5581395348837209,0.6169198981099193,14.048782668544197,9.349955551129497,0.7121729461483863,2.7220224681423537,1.8860028320638935,873.1670535867677,8.572357164696143,24,7,6,1,0.007936507936507908,0.0071428571428571175,0.005960312176355228,1,6,1.0,0.007936507936507908,0.0071428571428571175,0.005960312176355228,1.0,0.0,0.0,0,0
final_extreme_sharp_zigzag__seed5008__9f73dbdc,final_extreme_sharp_zigzag,final,5008,9f73dbdc,completed,,,0,ukf,coordinated_turn,covariance_intersection,mahalanobis,full_state,True,1,1,1.0,0,0,0,1.0,0.6136363636363636,0.701562865680288,15.057385414995691,9.375514151208971,0.855609140962002,2.855290208916604,1.8971354366993214,896.482784575109,8.711318353029322,27,7,6,1,0.011904761904762307,0.014285714285714235,0.006563832739090043,1,6,1.0,0.011904761904762307,0.014285714285714235,0.006563832739090043,1.0,0.0,0.0,0,0
final_extreme_sharp_zigzag__seed5009__9f73dbdc,final_extreme_sharp_zigzag,final,5009,9f73dbdc,completed,,,0,ukf,coordinated_turn,covariance_intersection,mahalanobis,full_state,True,1,1,1.0,0,0,0,1.0,0.6222222222222222,0.6132269831635517,20.780584416531724,12.78165789376398,0.7538466287177588,2.758972921871792,1.7970025018914495,1012.4770823099667,7.508191173635262,28,7,6,1,0.008730158730158625,0.00952380952380949,0.007478869199612417,1,6,1.0,0.008730158730158625,0.00952380952380949,0.007478869199612417,1.0,0.0,0.0,0,0
final_extreme_sharp_zigzag__seed5010__9f73dbdc,final_extreme_sharp_zigzag,final,5010,9f73dbdc,completed,,,0,ukf,coordinated_turn,covariance_intersection,mahalanobis,full_state,True,1,1,1.0,0,0,0,1.0,0.6086956521739131,0.6051793790309234,19.98112497763805,12.507972392384787,0.7669698071844354,2.9139301356568432,1.9184946217107126,979.7361606377634,8.589657620091868,28,7,6,1,0.011904761904762085,0.015476190476190421,0.006900655593423701,1,6,1.0,0.011904761904762085,0.015476190476190421,0.006900655593423701,1.0,0.0,0.0,0,0
final_extreme_sharp_zigzag__seed5011__9f73dbdc,final_extreme_sharp_zigzag,final,5011,9f73dbdc,completed,,,0,ukf,coordinated_turn,covariance_intersection,mahalanobis,full_state,True,1,1,1.0,0,0,0,1.0,0.6304347826086957,0.6257444610335711,17.932318043927378,10.912708631473922,1.057857099871799,2.716504125603416,1.852744714599259,945.1785615908753,8.370810877240016,29,6,5,1,0.0023809523809523725,0.0,0.003367175148507357,1,5,1.0,0.0023809523809523725,0.0,0.003367175148507357,1.0,0.0,0.0,0,0
final_extreme_sharp_zigzag__seed5012__9f73dbdc,final_extreme_sharp_zigzag,final,5012,9f73dbdc,completed,,,0,ukf,coordinated_turn,covariance_intersection,mahalanobis,full_state,True,1,1,1.0,0,0,0,1.0,0.5777777777777777,0.665236235234988,14.349177380392323,9.337600166174868,0.6765363656836246,2.7434479235952685,1.855345798775391,883.6138981248996,6.301461526452458,26,8,7,1,0.004761904761904618,0.0,0.006873217490352407,1,7,1.0,0.004761904761904618,0.0,0.006873217490352407,1.0,0.0,0.0,0,0
final_extreme_sharp_zigzag__seed5013__9f73dbdc,final_extreme_sharp_zigzag,final,5013,9f73dbdc,completed,,,0,ukf,coordinated_turn,covariance_intersection,mahalanobis,full_state,True,1,1,1.0,0,0,0,1.0,0.6086956521739131,0.553682825149666,17.071669344076067,10.687800752205291,0.8111758304063419,2.6596644816488566,1.780039369181091,895.4033094126022,9.534142884487709,28,7,6,1,0.01349206349206363,0.016666666666666607,0.004918074090422242,1,6,1.0,0.01349206349206363,0.016666666666666607,0.004918074090422242,1.0,0.0,0.0,0,0
final_extreme_sharp_zigzag__seed5014__9f73dbdc,final_extreme_sharp_zigzag,final,5014,9f73dbdc,completed,,,0,ukf,coordinated_turn,covariance_intersection,mahalanobis,full_state,True,1,1,1.0,0,0,0,1.0,0.5869565217391305,0.6687302659715894,16.967544726298605,10.916808252388131,0.9532741635715731,2.855685848947862,1.9752800886970192,964.6953638354146,10.56630647949421,27,7,6,1,0.004365079365079498,0.0011904761904761862,0.0066354142749456,1,6,1.0,0.004365079365079498,0.0011904761904761862,0.0066354142749456,1.0,0.0,0.0,0,0
final_extreme_sharp_zigzag__seed5015__9f73dbdc,final_extreme_sharp_zigzag,final,5015,9f73dbdc,completed,,,0,ukf,coordinated_turn,covariance_intersection,mahalanobis,full_state,True,1,1,1.0,0,0,0,1.0,0.6222222222222222,0.5265664060731888,20.56826725504807,12.64882526378244,0.7561826836519316,2.53188992024799,1.6665911628887429,972.9556826286914,7.194354785545306,28,7,6,1,0.00515873015873014,0.005952380952380931,0.004620929088257011,1,6,1.0,0.00515873015873014,0.005952380952380931,0.004620929088257011,1.0,0.0,0.0,0,0
final_extreme_sharp_zigzag__seed5016__9f73dbdc,final_extreme_sharp_zigzag,final,5016,9f73dbdc,completed,,,0,ukf,coordinated_turn,covariance_intersection,mahalanobis,full_state,True,1,1,1.0,0,0,0,1.0,0.5869565217391305,0.5478089828100507,19.53975914162607,12.564913290023233,0.8667968271604325,2.592563228052563,1.7936626949278696,976.2062173118519,8.873409889276271,27,8,7,1,0.005782312925170111,0.004761904761904301,0.0065720529461178925,1,7,1.0,0.005782312925170111,0.004761904761904301,0.0065720529461178925,1.0,0.0,0.0,0,0
final_extreme_sharp_zigzag__seed5017__9f73dbdc,final_extreme_sharp_zigzag,final,5017,9f73dbdc,completed,,,0,ukf,coordinated_turn,covariance_intersection,mahalanobis,full_state,True,1,1,1.0,0,0,0,1.0,0.5652173913043478,0.6105203067064504,16.21273720505301,10.700211359929568,0.9273093431944682,2.7482393412037833,1.9416143977436706,913.513580281327,9.77554439598447,26,7,6,1,0.006349206349206327,0.0035714285714285587,0.007628961803617697,1,6,1.0,0.006349206349206327,0.0035714285714285587,0.007628961803617697,1.0,0.0,0.0,0,0
final_extreme_sharp_zigzag__seed5018__9f73dbdc,final_extreme_sharp_zigzag,final,5018,9f73dbdc,completed,,,0,ukf,coordinated_turn,covariance_intersection,mahalanobis,full_state,True,1,1,1.0,0,0,0,1.0,0.5434782608695652,0.6600102967739764,15.882502806940424,10.74225923879313,0.8136916528205023,2.7210968834253855,1.933930925183204,930.2841863249649,7.078537613362162,25,8,7,1,0.010204081632653152,0.014285714285714235,0.0077413650862184925,1,7,1.0,0.010204081632653152,0.014285714285714235,0.0077413650862184925,1.0,0.0,0.0,0,0
final_extreme_sharp_zigzag__seed5019__9f73dbdc,final_extreme_sharp_zigzag,final,5019,9f73dbdc,completed,,,0,ukf,coordinated_turn,covariance_intersection,mahalanobis,full_state,True,1,1,1.0,0,0,0,1.0,0.6304347826086957,0.5986135374673383,20.717397063816094,12.603459674738383,0.9262992170196743,2.572148768072635,1.7279921421340643,964.6371881706866,8.9740319753317,29,7,6,1,0.00793650793650776,0.0071428571428571175,0.00873737075842702,1,6,1.0,0.00793650793650776,0.0071428571428571175,0.00873737075842702,1.0,0.0,0.0,0,0
final_extreme_sharp_zigzag__seed5020__9f73dbdc,final_extreme_sharp_zigzag,final,5020,9f73dbdc,completed,,,0,ukf,coordinated_turn,covariance_intersection,mahalanobis,full_state,True,1,1,1.0,0,0,0,1.0,0.6170212765957447,0.6177072593950238,17.311456373758087,10.724224613681471,0.7091699814872269,2.7380426043543347,1.7836642375291785,886.6178743129722,8.003486630004689,29,7,6,1,0.007936507936507908,0.0071428571428571175,0.008737370758427197,1,6,1.0,0.007936507936507908,0.0071428571428571175,0.008737370758427197,1.0,0.0,0.0,0,0
final_geometry_flanking__seed5001__9f73dbdc,final_geometry_flanking,final,5001,9f73dbdc,completed,,,0,ukf,coordinated_turn,covariance_intersection,mahalanobis,full_state,True,1,1,1.0,0,0,0,1.0,0.7727272727272727,0.4447548532660539,12.507978901496758,5.9757479484428,0.21276410605287244,0.3827947780902004,0.2613100572710297,163.41510606201211,5.3160866685424875,34,1,0,1,nan,nan,nan,1,0,nan,nan,nan,nan,nan,nan,nan,0,0
final_geometry_flanking__seed5002__9f73dbdc,final_geometry_flanking,final,5002,9f73dbdc,completed,,,0,ukf,coordinated_turn,covariance_intersection,mahalanobis,full_state,True,1,1,1.0,0,0,0,1.0,0.7777777777777778,0.48479299424170263,12.28647305614138,5.807657876071301,0.24630559348947886,0.32537577741621676,0.2659164260414342,149.3232543238986,5.146585263439387,35,1,0,1,nan,nan,nan,1,0,nan,nan,nan,nan,nan,nan,nan,0,0
final_geometry_flanking__seed5003__9f73dbdc,final_geometry_flanking,final,5003,9f73dbdc,completed,,,0,ukf,coordinated_turn,covariance_intersection,mahalanobis,full_state,True,1,1,1.0,0,0,0,1.0,0.8095238095238095,0.5302088928782488,10.845914762457713,4.757523030645027,0.23855833066191845,0.4285606271996688,0.28469935319665896,152.9594938145942,5.454788338786079,34,1,0,1,nan,nan,nan,1,0,nan,nan,nan,nan,nan,nan,nan,0,0
final_geometry_flanking__seed5004__9f73dbdc,final_geometry_flanking,final,5004,9f73dbdc,completed,,,0,ukf,coordinated_turn,covariance_intersection,mahalanobis,full_state,True,1,1,1.0,0,0,0,1.0,0.8095238095238095,0.7524291401874439,10.157660039748436,4.484559612712763,0.24401972136031766,0.1454098254789154,0.2285410960647762,140.35921919212166,5.561779669405148,34,1,0,1,nan,nan,nan,1,0,nan,nan,nan,nan,nan,nan,nan,0,0
final_geometry_flanking__seed5005__9f73dbdc,final_geometry_flanking,final,5005,9f73dbdc,completed,,,0,ukf,coordinated_turn,covariance_intersection,mahalanobis,full_state,True,1,1,1.0,0,0,0,1.0,0.7906976744186046,0.6117266099102173,11.34671292350881,5.2194942476547705,0.22742362804220087,0.4915924075331096,0.3024511907738219,149.1556848962953,5.011046654561939,34,1,0,1,nan,nan,nan,1,0,nan,nan,nan,nan,nan,nan,nan,0,0
final_geometry_flanking__seed5006__9f73dbdc,final_geometry_flanking,final,5006,9f73dbdc,completed,,,0,ukf,coordinated_turn,covariance_intersection,mahalanobis,full_state,True,1,1,1.0,0,0,0,1.0,0.7906976744186046,0.5568294211024993,11.638514761155742,5.347542880121504,0.24259205702528513,0.42072780034277024,0.28910598950908656,162.72613620410678,6.228116180224174,34,1,0,1,nan,nan,nan,1,0,nan,nan,nan,nan,nan,nan,nan,0,0
final_geometry_flanking__seed5007__9f73dbdc,final_geometry_flanking,final,5007,9f73dbdc,completed,,,0,ukf,coordinated_turn,covariance_intersection,mahalanobis,full_state,True,1,1,1.0,0,0,0,1.0,0.75,0.5316710717461227,12.47084417054154,6.252399073786095,0.24701271282605788,0.38504171996741743,0.2877946173091727,179.42576247787514,6.964233923665727,30,1,0,1,nan,nan,nan,1,0,nan,nan,nan,nan,nan,nan,nan,0,0
final_geometry_flanking__seed5008__9f73dbdc,final_geometry_flanking,final,5008,9f73dbdc,completed,,,0,ukf,coordinated_turn,covariance_intersection,mahalanobis,full_state,True,1,1,1.0,0,0,0,1.0,0.7857142857142857,0.4164805467563772,11.105936810693048,5.154287492906215,0.25335167913686996,0.4492646032313596,0.3060781713510081,147.13050151521375,6.187345596916754,33,1,0,1,nan,nan,nan,1,0,nan,nan,nan,nan,nan,nan,nan,0,0
final_geometry_flanking__seed5009__9f73dbdc,final_geometry_flanking,final,5009,9f73dbdc,completed,,,0,ukf,coordinated_turn,covariance_intersection,mahalanobis,full_state,True,1,1,1.0,0,0,0,1.0,0.8095238095238095,0.4519027256421023,10.396163189337067,4.555438975689417,0.21647675506993647,0.12890511823312875,0.2027340823746531,143.54960711665768,5.462434449516135,34,1,0,1,nan,nan,nan,1,0,nan,nan,nan,nan,nan,nan,nan,0,0
final_geometry_flanking__seed5010__9f73dbdc,final_geometry_flanking,final,5010,9f73dbdc,completed,,,0,ukf,coordinated_turn,covariance_intersection,mahalanobis,full_state,True,1,1,1.0,0,0,0,1.0,0.8095238095238095,0.5658818162809742,10.813271312247796,4.746683673386541,0.28045141388466355,0.4126455672911799,0.31000817048899854,152.3348288375711,5.133683155905563,34,1,0,1,nan,nan,nan,1,0,nan,nan,nan,nan,nan,nan,nan,0,0
final_geometry_flanking__seed5011__9f73dbdc,final_geometry_flanking,final,5011,9f73dbdc,completed,,,0,ukf,coordinated_turn,covariance_intersection,mahalanobis,full_state,True,1,1,1.0,0,0,0,1.0,0.7777777777777778,0.3934069274929489,12.480855850150803,5.893752893989469,0.2759732967109172,0.08091244141601674,0.24635621676170108,156.953992177905,5.484465075894452,35,1,0,1,nan,nan,nan,1,0,nan,nan,nan,nan,nan,nan,nan,0,0
final_geometry_flanking__seed5012__9f73dbdc,final_geometry_flanking,final,5012,9f73dbdc,completed,,,0,ukf,coordinated_turn,covariance_intersection,mahalanobis,full_state,True,1,1,1.0,0,0,0,1.0,0.7777777777777778,0.6497356889065588,12.555087373506263,5.946198908834534,0.2497809501554358,0.12011795846270651,0.22744726111889058,152.0093358008676,5.997504351502864,35,1,0,1,nan,nan,nan,1,0,nan,nan,nan,nan,nan,nan,nan,0,0
final_geometry_flanking__seed5013__9f73dbdc,final_geometry_flanking,final,5013,9f73dbdc,completed,,,0,ukf,coordinated_turn,covariance_intersection,mahalanobis,full_state,True,1,1,1.0,0,0,0,1.0,0.7619047619047619,0.6183604550311739,12.559024548255286,6.151900219235155,0.27140094436465034,0.1255035713418156,0.24468554102592432,173.07724712645427,6.495315700971011,32,1,0,1,nan,nan,nan,1,0,nan,nan,nan,nan,nan,nan,nan,0,0
final_geometry_flanking__seed5014__9f73dbdc,final_geometry_flanking,final,5014,9f73dbdc,completed,,,0,ukf,coordinated_turn,covariance_intersection,mahalanobis,full_state,True,1,1,1.0,0,0,0,1.0,0.7727272727272727,1.162503997815598,12.603415756959123,6.094723902978262,0.24687772482036133,0.2914858800208135,0.257694893453979,246.3239057016673,6.6864052717963665,34,1,0,1,nan,nan,nan,1,0,nan,nan,nan,nan,nan,nan,nan,0,0
final_geometry_flanking__seed5015__9f73dbdc,final_geometry_flanking,final,5015,9f73dbdc,completed,,,0,ukf,coordinated_turn,covariance_intersection,mahalanobis,full_state,True,1,1,1.0,0,0,0,1.0,0.7906976744186046,0.3303620101894422,11.45888197808631,5.2506135049149565,0.26946977026662106,0.2908535168449774,0.27408352382229373,155.79282364986886,6.2138167871709085,34,1,0,1,nan,nan,nan,1,0,nan,nan,nan,nan,nan,nan,nan,0,0
final_geometry_flanking__seed5016__9f73dbdc,final_geometry_flanking,final,5016,9f73dbdc,completed,,,0,ukf,coordinated_turn,covariance_intersection,mahalanobis,full_state,True,1,1,1.0,0,0,0,1.0,0.7906976744186046,0.4534044348584201,11.306428293272177,5.188330951168826,0.293710915405065,0.24558882150976297,0.2843136282269557,147.49522082464745,5.514357203431109,34,1,0,1,nan,nan,nan,1,0,nan,nan,nan,nan,nan,nan,nan,0,0
final_geometry_flanking__seed5017__9f73dbdc,final_geometry_flanking,final,5017,9f73dbdc,completed,,,0,ukf,coordinated_turn,covariance_intersection,mahalanobis,full_state,True,1,1,1.0,0,0,0,1.0,0.7906976744186046,2.2416179957462727,11.187075194623002,5.492491290574043,0.25892025394938967,0.23090525620967584,0.25331315598941506,646.9621462351818,6.7585340076285,34,1,0,1,nan,nan,nan,1,0,nan,nan,nan,nan,nan,nan,nan,0,0
final_geometry_flanking__seed5018__9f73dbdc,final_geometry_flanking,final,5018,9f73dbdc,completed,,,0,ukf,coordinated_turn,covariance_intersection,mahalanobis,full_state,True,1,1,1.0,0,0,0,1.0,0.7906976744186046,0.386312237562531,11.375112179496993,5.215390143027601,0.2145797745447533,0.21490281367912065,0.21464742761582192,151.47472884280398,5.676907292609591,34,1,0,1,nan,nan,nan,1,0,nan,nan,nan,nan,nan,nan,nan,0,0
final_geometry_flanking__seed5019__9f73dbdc,final_geometry_flanking,final,5019,9f73dbdc,completed,,,0,ukf,coordinated_turn,covariance_intersection,mahalanobis,full_state,True,1,1,1.0,0,0,0,1.0,0.775,0.5351335197882521,11.559606261063855,5.503403212107646,0.21805615874525008,0.06822665670754108,0.19467261168036343,173.31100297384663,5.563525163036855,31,1,0,1,nan,nan,nan,1,0,nan,nan,nan,nan,nan,nan,nan,0,0
final_geometry_flanking__seed5020__9f73dbdc,final_geometry_flanking,final,5020,9f73dbdc,completed,,,0,ukf,coordinated_turn,covariance_intersection,mahalanobis,full_state,True,1,1,1.0,0,0,0,1.0,0.7727272727272727,0.613937797612769,12.649743425468435,6.054628872267328,0.28197177341589125,0.19735981063314084,0.26512362907981185,168.54167967675505,5.130799838062556,34,1,0,1,nan,nan,nan,1,0,nan,nan,nan,nan,nan,nan,nan,0,0
final_geometry_inline__seed5003__9f73dbdc,final_geometry_inline,final,5003,9f73dbdc,completed,,,0,ukf,coordinated_turn,covariance_intersection,mahalanobis,full_state,True,1,1,1.0,0,0,0,1.0,0.7777777777777778,0.5239063483968511,13.056386187396532,6.172157785681255,0.179812487605489,0.4587550136448642,0.26817076648631477,170.85111670215906,6.148697694421068,35,1,0,1,nan,nan,nan,1,0,nan,nan,nan,nan,nan,nan,nan,0,0
final_geometry_inline__seed5004__9f73dbdc,final_geometry_inline,final,5004,9f73dbdc,completed,,,0,ukf,coordinated_turn,covariance_intersection,mahalanobis,full_state,True,1,1,1.0,0,0,0,1.0,0.7777777777777778,0.5244415527831763,12.31858696072885,5.825427423651485,0.2545128478170624,0.15579924362531497,0.2361695098761101,155.9323406119095,5.966016580040113,35,1,0,1,nan,nan,nan,1,0,nan,nan,nan,nan,nan,nan,nan,0,0
final_geometry_inline__seed5005__9f73dbdc,final_geometry_inline,final,5005,9f73dbdc,completed,,,0,ukf,coordinated_turn,covariance_intersection,mahalanobis,full_state,True,1,1,1.0,0,0,0,1.0,0.7674418604651163,0.39730600831624113,12.508691445676089,6.042259578404616,0.24107057440067797,0.5118554019313394,0.32485256926670575,162.44130251463926,5.8914180348554215,33,1,0,1,nan,nan,nan,1,0,nan,nan,nan,nan,nan,nan,nan,0,0
final_geometry_inline__seed5006__9f73dbdc,final_geometry_inline,final,5006,9f73dbdc,completed,,,0,ukf,coordinated_turn,covariance_intersection,mahalanobis,full_state,True,1,1,1.0,0,0,0,1.0,0.7954545454545454,0.6041722639763741,11.683273714514973,5.311363903235364,0.2447220093512117,0.4185042888610336,0.28890163170528793,159.9270910638819,5.225946621231235,35,1,0,1,nan,nan,nan,1,0,nan,nan,nan,nan,nan,nan,nan,0,0
final_geometry_inline__seed5007__9f73dbdc,final_geometry_inline,final,5007,9f73dbdc,completed,,,0,ukf,coordinated_turn,covariance_intersection,mahalanobis,full_state,True,1,1,1.0,0,0,0,1.0,0.7674418604651163,0.6478750983077194,12.598116170075347,6.101804538777906,0.214259559513155,0.3936550340458709,0.26696307122495544,169.22453084954194,5.518295682787924,33,1,0,1,nan,nan,nan,1,0,nan,nan,nan,nan,nan,nan,nan,0,0
final_geometry_inline__seed5008__9f73dbdc,final_geometry_inline,final,5008,9f73dbdc,completed,,,0,ukf,coordinated_turn,covariance_intersection,mahalanobis,full_state,True,1,1,1.0,0,0,0,1.0,0.8048780487804879,0.5645095291389062,10.04163679196457,4.464471943138806,0.21663953845839903,0.4321168128045546,0.2724137042522346,136.75292631288565,5.991726700078644,33,1,0,1,nan,nan,nan,1,0,nan,nan,nan,nan,nan,nan,nan,0,0
final_geometry_inline__seed5009__9f73dbdc,final_geometry_inline,final,5009,9f73dbdc,completed,,,0,ukf,coordinated_turn,covariance_intersection,mahalanobis,full_state,True,1,1,1.0,0,0,0,1.0,0.7906976744186046,0.415805830056361,11.634400906543505,5.335514998115849,0.20350353049315817,0.13694682164452143,0.19149687246307215,154.74862245991514,5.714075399372461,34,1,0,1,nan,nan,nan,1,0,nan,nan,nan,nan,nan,nan,nan,0,0
final_geometry_inline__seed5010__9f73dbdc,final_geometry_inline,final,5010,9f73dbdc,completed,,,0,ukf,coordinated_turn,covariance_intersection,mahalanobis,full_state,True,1,1,1.0,0,0,0,1.0,0.7906976744186046,0.4694338793801622,11.98737809099636,5.500037249662936,0.2789312964199073,0.41516359005855774,0.312400234298421,167.3737187246352,5.775139699434093,34,1,0,1,nan,nan,nan,1,0,nan,nan,nan,nan,nan,nan,nan,0,0
final_geometry_inline__seed5011__9f73dbdc,final_geometry_inline,final,5011,9f73dbdc,completed,,,0,ukf,coordinated_turn,covariance_intersection,mahalanobis,full_state,True,1,1,1.0,0,0,0,1.0,0.7857142857142857,0.4384501719099309,11.204980721626876,5.201438008596525,0.24358399000652145,0.07286992665371395,0.21853323393774057,151.3519522345405,5.5157237589528965,33,1,0,1,nan,nan,nan,1,0,nan,nan,nan,nan,nan,nan,nan,0,0
final_geometry_inline__seed5012__9f73dbdc,final_geometry_inline,final,5012,9f73dbdc,completed,,,0,ukf,coordinated_turn,covariance_intersection,mahalanobis,full_state,True,1,1,1.0,0,0,0,1.0,0.7906976744186046,0.4487467583756576,11.244968251658829,5.159976796041494,0.2559745222157213,0.11435039730807722,0.2335501850896145,145.86635953346828,6.100233783455171,34,1,0,1,nan,nan,nan,1,0,nan,nan,nan,nan,nan,nan,nan,0,0
final_geometry_inline__seed5013__9f73dbdc,final_geometry_inline,final,5013,9f73dbdc,completed,,,0,ukf,coordinated_turn,covariance_intersection,mahalanobis,full_state,True,1,1,1.0,0,0,0,1.0,0.7727272727272727,0.46487783866542987,12.617701759432743,6.029118291986885,0.26828329245212107,0.12588177415707907,0.24334990058058983,166.42154407825873,6.129024266190221,34,1,0,1,nan,nan,nan,1,0,nan,nan,nan,nan,nan,nan,nan,0,0
final_geometry_inline__seed5014__9f73dbdc,final_geometry_inline,final,5014,9f73dbdc,completed,,,0,ukf,coordinated_turn,covariance_intersection,mahalanobis,full_state,True,1,1,1.0,0,0,0,1.0,0.7857142857142857,0.6181707133856108,11.393360118719139,5.302488968966931,0.23889389413253426,0.21416685246443232,0.23381548605615085,156.43953110991862,5.004163386893278,33,1,0,1,nan,nan,nan,1,0,nan,nan,nan,nan,nan,nan,nan,0,0
final_geometry_inline__seed5015__9f73dbdc,final_geometry_inline,final,5015,9f73dbdc,completed,,,0,ukf,coordinated_turn,covariance_intersection,mahalanobis,full_state,True,1,1,1.0,0,0,0,1.0,0.7727272727272727,0.42683926625152674,12.61517880704296,6.025743792546088,0.2371827170186734,0.31157455304673937,0.2559953312626032,167.9456287193727,6.667925620376873,34,1,0,1,nan,nan,nan,1,0,nan,nan,nan,nan,nan,nan,nan,0,0
final_geometry_inline__seed5016__9f73dbdc,final_geometry_inline,final,5016,9f73dbdc,completed,,,0,ukf,coordinated_turn,covariance_intersection,mahalanobis,full_state,True,1,1,1.0,0,0,0,1.0,0.7954545454545454,0.5195377600746296,11.233532816043674,5.101643045732666,0.2793352759569415,0.2509619714711254,0.2737709756974211,144.06763678134942,5.484574422972243,35,1,0,1,nan,nan,nan,1,0,nan,nan,nan,nan,nan,nan,nan,0,0
final_geometry_inline__seed5017__9f73dbdc,final_geometry_inline,final,5017,9f73dbdc,completed,,,0,ukf,coordinated_turn,covariance_intersection,mahalanobis,full_state,True,1,1,1.0,0,0,0,1.0,0.7804878048780488,0.6160391665708422,11.399355209096523,5.368498515619096,0.19832121736986236,0.20495779195859642,0.1997969113174031,162.11113296621846,5.629224849348913,32,1,0,1,nan,nan,nan,1,0,nan,nan,nan,nan,nan,nan,nan,0,0
final_geometry_inline__seed5018__9f73dbdc,final_geometry_inline,final,5018,9f73dbdc,completed,,,0,ukf,coordinated_turn,covariance_intersection,mahalanobis,full_state,True,1,1,1.0,0,0,0,1.0,0.782608695652174,0.34186392620872696,12.50534689910005,5.83848618827997,0.22980700651705457,0.21410362054055893,0.22648586538494112,155.5747603137815,5.859073728965464,36,1,0,1,nan,nan,nan,1,0,nan,nan,nan,nan,nan,nan,nan,0,0
final_geometry_inline__seed5019__9f73dbdc,final_geometry_inline,final,5019,9f73dbdc,completed,,,0,ukf,coordinated_turn,covariance_intersection,mahalanobis,full_state,True,1,1,1.0,0,0,0,1.0,0.8043478260869565,0.5447203993595527,11.639754501009595,5.171690530085001,0.24219011774587457,0.07266329418759862,0.2195743686459785,151.7909598919339,5.619025107427601,37,1,0,1,nan,nan,nan,1,0,nan,nan,nan,nan,nan,nan,nan,0,0
final_geometry_inline__seed5020__9f73dbdc,final_geometry_inline,final,5020,9f73dbdc,completed,,,0,ukf,coordinated_turn,covariance_intersection,mahalanobis,full_state,True,1,1,1.0,0,0,0,1.0,0.8043478260869565,0.5566966410675767,11.528468844320251,5.123723717237286,0.2837577719700008,0.1902028231506895,0.2680354264419998,146.9161388388898,5.482173621546424,37,1,0,1,nan,nan,nan,1,0,nan,nan,nan,nan,nan,nan,nan,0,0
final_loop_crossing_obstacle__seed5001__9f73dbdc,final_loop_crossing_obstacle,final,5001,9f73dbdc,completed,,,0,ukf,coordinated_turn,covariance_intersection,mahalanobis,full_state,True,3,3,1.0,2,1,0,1.0,0.5698924731182796,0.4576682920144246,12.893790345158871,8.463136110473217,0.25570058877078833,1.8331012416767467,1.2175936713768316,583.2130849870342,5.863246613344024,53,8,5,3,0.009047619047619016,0.00952380952380949,0.009282661280770408,3,5,1.0,0.009047619047619016,0.00952380952380949,0.009282661280770408,1.0,0.0,0.0,2,0
final_loop_crossing_obstacle__seed5002__9f73dbdc,final_loop_crossing_obstacle,final,5002,9f73dbdc,completed,,,0,ukf,coordinated_turn,covariance_intersection,mahalanobis,full_state,True,3,4,1.0,2,1,0,1.0,0.5784313725490197,0.7601451402529101,14.550479000346561,9.419292390432139,0.2685537176601402,2.1548712427777446,1.4073195588454306,575.9658501540018,6.280236658244309,59,7,4,3,0.004166666666666652,0.004761904761904745,0.0035714285714285587,3,4,1.0,0.004166666666666652,0.004761904761904745,0.0035714285714285587,1.0,0.0,0.0,2,1
final_loop_crossing_obstacle__seed5003__9f73dbdc,final_loop_crossing_obstacle,final,5003,9f73dbdc,completed,,,0,ukf,coordinated_turn,covariance_intersection,mahalanobis,full_state,True,3,3,1.0,2,1,0,1.0,0.5945945945945946,0.545382040125009,16.625443014777943,10.594011625770618,0.2736328678343784,1.9360015657964105,1.2506082818502078,574.7226821741389,6.159665687723885,66,6,4,2,0.008333333333333526,0.005952380952380931,0.009221388919541856,2,4,1.0,0.008333333333333526,0.005952380952380931,0.009221388919541856,1.0,0.0,0.0,2,0
final_loop_crossing_obstacle__seed5004__9f73dbdc,final_loop_crossing_obstacle,final,5004,9f73dbdc,completed,,,0,ukf,coordinated_turn,covariance_intersection,mahalanobis,full_state,True,3,3,1.0,2,1,0,1.0,0.5675675675675675,0.4217044560376209,16.160756122646898,10.631995494101231,0.2637206567030128,1.9866055238301745,1.3214053165987383,591.6450703786039,6.609077119130647,63,7,4,3,0.00535714285714306,0.003571428571429003,0.006838765055402468,3,4,1.0,0.00535714285714306,0.003571428571429003,0.006838765055402468,1.0,0.0,0.0,2,0
final_loop_crossing_obstacle__seed5005__9f73dbdc,final_loop_crossing_obstacle,final,5005,9f73dbdc,completed,,,0,ukf,coordinated_turn,covariance_intersection,mahalanobis,full_state,True,3,3,1.0,2,1,0,1.0,0.5277777777777778,0.43849334864314216,15.529550259498224,10.67641622583011,0.2849795154595848,1.765576029830501,1.2308133190801633,585.9470245981798,6.558597025140449,57,7,5,2,0.0004761904761904745,0.0,0.001064794274999896,2,5,1.0,0.0004761904761904745,0.0,0.001064794274999896,1.0,0.0,0.0,2,0
final_loop_crossing_obstacle__seed5006__9f73dbdc,final_loop_crossing_obstacle,final,5006,9f73dbdc,completed,,,0,ukf,coordinated_turn,covariance_intersection,mahalanobis,full_state,True,3,3,1.0,2,1,0,1.0,0.5675675675675675,0.6179149721029917,16.029567018670072,10.551252645070921,0.26022005383267877,1.8426160974007615,1.2274534099503884,572.374893517029,5.972317410312358,63,7,5,2,0.0028571428571428693,0.0,0.003912303982179775,2,5,1.0,0.0028571428571428693,0.0,0.003912303982179775,1.0,0.0,0.0,2,0
final_loop_crossing_obstacle__seed5007__9f73dbdc,final_loop_crossing_obstacle,final,5007,9f73dbdc,completed,,,0,ukf,coordinated_turn,covariance_intersection,mahalanobis,full_state,True,3,3,1.0,2,1,0,1.0,0.6060606060606061,0.5081334876745579,13.020319329791052,8.181718893403726,0.2914020395308002,1.9709208189703602,1.257669542077782,534.4393373188092,6.399248702941454,60,7,4,3,0.004166666666666652,0.004761904761904745,0.0029959660457423505,3,4,1.0,0.004166666666666652,0.004761904761904745,0.0029959660457423505,1.0,0.0,0.0,2,0
final_loop_crossing_obstacle__seed5008__9f73dbdc,final_loop_crossing_obstacle,final,5008,9f73dbdc,completed,,,0,ukf,coordinated_turn,covariance_intersection,mahalanobis,full_state,True,3,4,1.0,2,1,0,1.0,0.5784313725490197,0.5913438445569396,14.502719004222865,9.381412198698177,0.25949264323464816,2.011200040648233,1.314489774632657,555.4859306483748,6.3062558976885565,59,7,4,3,0.0005952380952378711,0.0,0.0011904761904757422,3,4,1.0,0.0005952380952378711,0.0,0.0011904761904757422,1.0,0.0,0.0,2,1
final_loop_crossing_obstacle__seed5009__9f73dbdc,final_loop_crossing_obstacle,final,5009,9f73dbdc,completed,,,0,ukf,coordinated_turn,covariance_intersection,mahalanobis,full_state,True,3,4,1.0,2,1,0,1.0,0.6018518518518519,0.7133271664921759,14.439426200559609,9.08621064309554,0.2683912713214047,2.3098730215149077,1.4657600053436408,535.7835802426965,5.699734360234672,66,7,4,3,0.005357142857142894,0.0035714285714285587,0.006838765055402487,3,4,1.0,0.005357142857142894,0.0035714285714285587,0.006838765055402487,1.0,0.0,0.0,2,0
final_loop_crossing_obstacle__seed5010__9f73dbdc,final_loop_crossing_obstacle,final,5010,9f73dbdc,completed,,,0,ukf,coordinated_turn,covariance_intersection,mahalanobis,full_state,True,3,3,1.0,2,1,0,1.0,0.6095238095238095,1.1382247285989497,12.636719131446073,7.946289365117045,0.3347695458491707,1.63702308361588,1.055805488727905,617.87854900614,6.096345620690636,64,7,4,3,0.0029761904761904656,0.0023809523809523725,0.0035714285714285587,3,4,1.0,0.0029761904761904656,0.0023809523809523725,0.0035714285714285587,1.0,0.0,0.0,2,0
final_loop_crossing_obstacle__seed5011__9f73dbdc,final_loop_crossing_obstacle,final,5011,9f73dbdc,completed,,,0,ukf,coordinated_turn,covariance_intersection,mahalanobis,full_state,True,3,4,1.0,2,1,0,1.0,0.5904761904761905,0.7843916414878302,12.41148301020195,7.928152118572983,0.276718591559,2.3781876016338312,1.5296518589606152,501.7091904984011,6.311384211479437,63,6,3,3,0.0071428571428571175,0.0,0.012371791482634793,3,3,1.0,0.0071428571428571175,0.0,0.012371791482634793,1.0,0.0,0.0,2,1
final_loop_crossing_obstacle__seed5012__9f73dbdc,final_loop_crossing_obstacle,final,5012,9f73dbdc,completed,,,0,ukf,coordinated_turn,covariance_intersection,mahalanobis,full_state,True,3,4,1.0,2,1,0,1.0,0.6,0.535056378046701,12.566944132342114,7.921371750630726,0.28251390306812724,2.1602628834678956,1.3774155565195327,506.9196310963893,5.98018495990791,64,7,4,3,0.010714285714285954,0.009523809523809934,0.008132500607904382,3,4,1.0,0.010714285714285954,0.009523809523809934,0.008132500607904382,1.0,0.0,0.0,2,1
final_loop_crossing_obstacle__seed5013__9f73dbdc,final_loop_crossing_obstacle,final,5013,9f73dbdc,completed,,,0,ukf,coordinated_turn,covariance_intersection,mahalanobis,full_state,True,3,3,1.0,2,1,0,1.0,0.6190476190476191,0.5806384889730348,12.873753793424763,7.9589755490058955,0.2825594364664838,1.900475624791886,1.1938808000681007,503.1750454639322,5.600104213691705,65,7,4,3,0.010714285714285676,0.010714285714285676,0.012371791482634793,3,4,1.0,0.010714285714285676,0.010714285714285676,0.012371791482634793,1.0,0.0,0.0,2,1
final_loop_crossing_obstacle__seed5014__9f73dbdc,final_loop_crossing_obstacle,final,5014,9f73dbdc,completed,,,0,ukf,coordinated_turn,covariance_intersection,mahalanobis,full_state,True,3,3,1.0,2,1,0,1.0,0.5757575757575758,1.6472887046175415,12.332844603499353,8.194776522002632,0.28376379669897933,1.9778128380946025,1.3165127329194706,695.381699003663,5.982150340525509,58,6,3,3,0.0071428571428571175,0.0071428571428571175,0.0071428571428571175,3,3,1.0,0.0071428571428571175,0.0071428571428571175,0.0071428571428571175,1.0,0.0,0.0,2,0
final_loop_crossing_obstacle__seed5015__9f73dbdc,final_loop_crossing_obstacle,final,5015,9f73dbdc,completed,,,0,ukf,coordinated_turn,covariance_intersection,mahalanobis,full_state,True,3,3,1.0,2,1,0,1.0,0.6095238095238095,0.8167581916602078,12.695594357077663,7.958820666196583,0.29237514998354586,1.6976189825808838,1.0850904953428795,534.7222196035767,6.438023380793801,64,9,6,3,0.0,0.0,0.0,3,6,1.0,0.0,0.0,0.0,1.0,0.0,0.0,2,0
final_loop_crossing_obstacle__seed5016__9f73dbdc,final_loop_crossing_obstacle,final,5016,9f73dbdc,completed,,,0,ukf,coordinated_turn,covariance_intersection,mahalanobis,full_state,True,3,3,1.0,2,1,0,1.0,0.6,0.5404013006895136,12.64902041430852,8.010886787123484,0.30524100090044237,2.0039443169713063,1.2892712559376558,519.3461149274519,5.86373924608283,63,7,4,3,0.0017857142857142932,0.0,0.0035714285714285865,3,4,1.0,0.0017857142857142932,0.0,0.0035714285714285865,1.0,0.0,0.0,2,0
final_loop_crossing_obstacle__seed5017__9f73dbdc,final_loop_crossing_obstacle,final,5017,9f73dbdc,completed,,,0,ukf,coordinated_turn,covariance_intersection,mahalanobis,full_state,True,3,3,1.0,2,1,0,1.0,0.6,1.0059913485871608,12.348408096300147,7.848597592001245,0.31187203624726145,1.7075368217280875,1.1066306064892255,554.9732104678965,6.939912288865142,63,8,5,3,0.006190476190476302,0.0071428571428571175,0.006859457281375302,3,5,1.0,0.006190476190476302,0.0071428571428571175,0.006859457281375302,1.0,0.0,0.0,2,0
final_loop_crossing_obstacle__seed5018__9f73dbdc,final_loop_crossing_obstacle,final,5018,9f73dbdc,completed,,,0,ukf,coordinated_turn,covariance_intersection,mahalanobis,full_state,True,3,3,1.0,2,1,0,1.0,0.5904761904761905,0.6366940644176238,12.386641569417282,7.941797662302136,0.27925114956960817,1.6694512649128546,1.0896864481113968,534.2375960297858,5.818556609258871,62,8,5,3,0.002857142857142847,0.0023809523809523725,0.003104382097715536,3,5,1.0,0.002857142857142847,0.0023809523809523725,0.003104382097715536,1.0,0.0,0.0,2,1
final_loop_crossing_obstacle__seed5019__9f73dbdc,final_loop_crossing_obstacle,final,5019,9f73dbdc,completed,,,0,ukf,coordinated_turn,covariance_intersection,mahalanobis,full_state,True,3,3,1.0,2,1,0,1.0,0.6095238095238095,0.5383453125282666,12.751996391751579,7.979556076814831,0.24752623777524688,1.8538844844517015,1.1744649286502853,488.48507420632683,5.57145083781084,64,8,5,3,0.00428571428571427,0.0,0.007221786137191927,3,5,1.0,0.00428571428571427,0.0,0.007221786137191927,1.0,0.0,0.0,2,0
final_loop_crossing_obstacle__seed5020__9f73dbdc,final_loop_crossing_obstacle,final,5020,9f73dbdc,completed,,,0,ukf,coordinated_turn,covariance_intersection,mahalanobis,full_state,True,3,3,1.0,2,1,0,1.0,0.5833333333333334,0.3632126110959829,16.55869087407351,10.692188274318315,0.28924609291941583,1.6349544678183252,1.0782324917459263,593.5864174905911,6.922316518941497,63,6,4,2,0.008333333333333526,0.008333333333333304,0.009622504486493984,2,4,1.0,0.008333333333333526,0.008333333333333304,0.009622504486493984,1.0,0.0,0.0,2,0
final_loop_crossing__seed5001__9f73dbdc,final_loop_crossing,final,5001,9f73dbdc,completed,,,0,ukf,coordinated_turn,covariance_intersection,mahalanobis,full_state,True,2,2,1.0,0,0,0,1.0,0.7837837837837838,0.37489088571972806,15.060354512709878,7.010783154960885,0.28423490966206666,0.3153938080146537,0.29125455873102574,413.2645752574527,6.2296005712465705,58,2,0,2,nan,nan,nan,2,0,nan,nan,nan,nan,nan,nan,nan,0,0
final_loop_crossing__seed5002__9f73dbdc,final_loop_crossing,final,5002,9f73dbdc,completed,,,0,ukf,coordinated_turn,covariance_intersection,mahalanobis,full_state,True,2,2,1.0,0,0,0,1.0,0.7837837837837838,0.39201007133021204,14.955395962968298,6.962772498928805,0.2653388290938816,0.42073547340070294,0.3057062200935666,412.6500147254224,6.5678947639474705,58,2,0,2,nan,nan,nan,2,0,nan,nan,nan,nan,nan,nan,nan,0,0
final_loop_crossing__seed5003__9f73dbdc,final_loop_crossing,final,5003,9f73dbdc,completed,,,0,ukf,coordinated_turn,covariance_intersection,mahalanobis,full_state,True,2,2,1.0,0,0,0,1.0,0.7297297297297297,0.48448015659770627,18.358389846390494,9.553041464340648,0.28917516959547573,0.3829001422804073,0.31724859017295887,503.26317658514944,6.27086928125285,54,2,0,2,nan,nan,nan,2,0,nan,nan,nan,nan,nan,nan,nan,0,0
final_loop_crossing__seed5004__9f73dbdc,final_loop_crossing,final,5004,9f73dbdc,completed,,,0,ukf,coordinated_turn,covariance_intersection,mahalanobis,full_state,True,2,2,1.0,0,0,0,1.0,0.7894736842105263,0.43407445801669886,15.399549764070333,7.076316471422759,0.275125516183226,0.5464926652126014,0.3501899993575659,405.3009093676401,5.45757925122582,60,2,0,2,nan,nan,nan,2,0,nan,nan,nan,nan,nan,nan,nan,0,0
final_loop_crossing__seed5005__9f73dbdc,final_loop_crossing,final,5005,9f73dbdc,completed,,,0,ukf,coordinated_turn,covariance_intersection,mahalanobis,full_state,True,2,2,1.0,0,0,0,1.0,0.7297297297297297,0.35447276470077915,18.617506455186707,9.683516283248702,0.2754755789384401,0.12505245412836744,0.24413801019455142,492.37518684705464,6.404118899806012,54,2,0,2,nan,nan,nan,2,0,nan,nan,nan,nan,nan,nan,nan,0,0
final_loop_crossing__seed5006__9f73dbdc,final_loop_crossing,final,5006,9f73dbdc,completed,,,0,ukf,coordinated_turn,covariance_intersection,mahalanobis,full_state,True,2,2,1.0,0,0,0,1.0,0.75,0.42357084036057063,17.22605729510562,8.620836483553564,0.2870335269404062,0.1924580339687524,0.2665543244831455,469.2300993466102,5.941652908116982,54,2,0,2,nan,nan,nan,2,0,nan,nan,nan,nan,nan,nan,nan,0,0
final_loop_crossing__seed5007__9f73dbdc,final_loop_crossing,final,5007,9f73dbdc,completed,,,0,ukf,coordinated_turn,covariance_intersection,mahalanobis,full_state,True,2,2,1.0,0,0,0,1.0,0.7714285714285715,0.4501370208452592,15.220054382814405,7.287310445346723,0.2934551107941037,0.3481162360317051,0.30680885932882457,445.0171484211603,5.3603941820550585,54,2,0,2,nan,nan,nan,2,0,nan,nan,nan,nan,nan,nan,nan,0,0
final_loop_crossing__seed5008__9f73dbdc,final_loop_crossing,final,5008,9f73dbdc,completed,,,0,ukf,coordinated_turn,covariance_intersection,mahalanobis,full_state,True,2,2,1.0,0,0,0,1.0,0.7714285714285715,0.4072562344824169,15.114617165859325,7.23501677924421,0.28684285544358734,0.3317470969356314,0.29770442345269643,436.71837291154054,5.7482091927103305,54,2,0,2,nan,nan,nan,2,0,nan,nan,nan,nan,nan,nan,nan,0,0
final_loop_crossing__seed5009__9f73dbdc,final_loop_crossing,final,5009,9f73dbdc,completed,,,0,ukf,coordinated_turn,covariance_intersection,mahalanobis,full_state,True,2,2,1.0,0,0,0,1.0,0.7142857142857143,0.2915448931660866,18.295473786735293,9.782445752366055,0.29397018632311167,0.3469757350895626,0.31004070555703067,519.0003713763396,6.318358406026288,50,2,0,2,nan,nan,nan,2,0,nan,nan,nan,nan,nan,nan,nan,0,0
final_loop_crossing__seed5010__9f73dbdc,final_loop_crossing,final,5010,9f73dbdc,completed,,,0,ukf,coordinated_turn,covariance_intersection,mahalanobis,full_state,True,2,2,1.0,0,0,0,1.0,0.7297297297297297,0.3750677633335407,18.614958757546464,9.68275862912073,0.320272741872372,0.13022183608365195,0.2818420227411307,504.1442642045749,5.573010138463166,54,2,0,2,nan,nan,nan,2,0,nan,nan,nan,nan,nan,nan,nan,0,0
final_loop_crossing__seed5011__9f73dbdc,final_loop_crossing,final,5011,9f73dbdc,completed,,,0,ukf,coordinated_turn,covariance_intersection,mahalanobis,full_state,True,2,2,1.0,0,0,0,1.0,0.7368421052631579,0.3743540630236502,18.515403158361444,9.503635714505148,0.31323293482852105,0.3191271864118642,0.314794754018501,488.339753420309,6.331970221341867,56,2,0,2,nan,nan,nan,2,0,nan,nan,nan,nan,nan,nan,nan,0,0
final_loop_crossing__seed5012__9f73dbdc,final_loop_crossing,final,5012,9f73dbdc,completed,,,0,ukf,coordinated_turn,covariance_intersection,mahalanobis,full_state,True,2,2,1.0,0,0,0,1.0,0.7368421052631579,0.3126532944469796,18.33761142008826,9.410823813500338,0.3031197918594868,0.3012483258757996,0.3026284228704446,479.45506739302874,5.8080994717084655,56,2,0,2,nan,nan,nan,2,0,nan,nan,nan,nan,nan,nan,nan,0,0
final_loop_crossing__seed5013__9f73dbdc,final_loop_crossing,final,5013,9f73dbdc,completed,,,0,ukf,coordinated_turn,covariance_intersection,mahalanobis,full_state,True,2,2,1.0,0,0,0,1.0,0.7714285714285715,0.556715591066257,15.023351496169317,7.199160451353639,0.30264743737495636,0.34309772020585105,0.3123553878573745,432.08990035405026,6.2586447592329995,54,2,0,2,nan,nan,nan,2,0,nan,nan,nan,nan,nan,nan,nan,0,0
final_loop_crossing__seed5014__9f73dbdc,final_loop_crossing,final,5014,9f73dbdc,completed,,,0,ukf,coordinated_turn,covariance_intersection,mahalanobis,full_state,True,2,2,1.0,0,0,0,1.0,0.7714285714285715,0.46352102973301196,15.154295092211825,7.256568010233038,0.30416893299524284,0.5553810424094011,0.3766616819499417,445.76912384106464,6.802662757367665,54,2,0,2,nan,nan,nan,2,0,nan,nan,nan,nan,nan,nan,nan,0,0
final_loop_crossing__seed5015__9f73dbdc,final_loop_crossing,final,5015,9f73dbdc,completed,,,0,ukf,coordinated_turn,covariance_intersection,mahalanobis,full_state,True,2,2,1.0,0,0,0,1.0,0.7647058823529411,0.34552707189589066,14.796931655993573,7.1839232365828165,0.26817467235343584,0.2177482305022321,0.25720061763965696,439.4631556842545,6.6027290675204435,52,2,0,2,nan,nan,nan,2,0,nan,nan,nan,nan,nan,nan,nan,0,0
final_loop_crossing__seed5016__9f73dbdc,final_loop_crossing,final,5016,9f73dbdc,completed,,,0,ukf,coordinated_turn,covariance_intersection,mahalanobis,full_state,True,2,2,1.0,0,0,0,1.0,0.7222222222222222,0.47066073437662254,18.07057306996968,9.532423718944896,0.32456635904588316,0.4328167921278604,0.3579350543398723,491.1250386164712,6.0037866437669525,52,2,0,2,nan,nan,nan,2,0,nan,nan,nan,nan,nan,nan,nan,0,0
final_loop_crossing__seed5017__9f73dbdc,final_loop_crossing,final,5017,9f73dbdc,completed,,,0,ukf,coordinated_turn,covariance_intersection,mahalanobis,full_state,True,2,2,1.0,0,0,0,1.0,0.7837837837837838,0.32055847617854943,14.982276389192599,6.972395029938889,0.2703647359475742,0.19874960008285597,0.256579730569156,413.46313624269146,5.086412690675884,58,2,0,2,nan,nan,nan,2,0,nan,nan,nan,nan,nan,nan,nan,0,0
final_loop_crossing__seed5018__9f73dbdc,final_loop_crossing,final,5018,9f73dbdc,completed,,,0,ukf,coordinated_turn,covariance_intersection,mahalanobis,full_state,True,2,2,1.0,0,0,0,1.0,0.7777777777777778,0.35233553952745184,15.211465412402191,7.177482863575774,0.2585795272677431,0.1914363920379403,0.24525256547464935,440.95118526949716,6.844977302647225,56,2,0,2,nan,nan,nan,2,0,nan,nan,nan,nan,nan,nan,nan,0,0
final_loop_crossing__seed5019__9f73dbdc,final_loop_crossing,final,5019,9f73dbdc,completed,,,0,ukf,coordinated_turn,covariance_intersection,mahalanobis,full_state,True,2,2,1.0,0,0,0,1.0,0.7631578947368421,0.3889234949372477,16.491710598355564,8.033114440276067,0.3257084515104974,0.4155262739240655,0.3490759465347338,436.1273972365587,5.344629553532862,58,2,0,2,nan,nan,nan,2,0,nan,nan,nan,nan,nan,nan,nan,0,0
final_loop_crossing__seed5020__9f73dbdc,final_loop_crossing,final,5020,9f73dbdc,completed,,,0,ukf,coordinated_turn,covariance_intersection,mahalanobis,full_state,True,2,2,1.0,0,0,0,1.0,0.7567567567567568,0.31370999669655636,16.611047792951684,8.197062377485379,0.2777420326204508,0.389673356673156,0.3087264927593122,455.49158437950314,5.532260984484036,56,2,0,2,nan,nan,nan,2,0,nan,nan,nan,nan,nan,nan,nan,0,0
final_multi_uav_crossing__seed5001__9f73dbdc,final_multi_uav_crossing,final,5001,9f73dbdc,completed,,,0,ukf,coordinated_turn,covariance_intersection,mahalanobis,full_state,True,3,3,1.0,0,0,0,1.0,0.7333333333333333,1.2542759778687878,12.233424162666008,6.407973977735593,0.19625179629207556,0.21352224150437144,0.20100239360013172,503.11309089309225,7.337194854797309,66,3,0,3,nan,nan,nan,3,0,nan,nan,nan,nan,nan,nan,nan,0,0
final_multi_uav_crossing__seed5002__9f73dbdc,final_multi_uav_crossing,final,5002,9f73dbdc,completed,,,0,ukf,coordinated_turn,covariance_intersection,mahalanobis,full_state,True,3,3,1.0,0,0,0,1.0,0.7586206896551723,0.35993418890546297,11.086391626101332,5.455799548403941,0.22380042724164131,0.2039182931734823,0.21916649152181011,320.7111698553471,6.576479734022773,66,3,0,3,nan,nan,nan,3,0,nan,nan,nan,nan,nan,nan,nan,0,0
final_multi_uav_crossing__seed5003__9f73dbdc,final_multi_uav_crossing,final,5003,9f73dbdc,completed,,,0,ukf,coordinated_turn,covariance_intersection,mahalanobis,full_state,True,3,3,1.0,0,0,0,1.0,0.7586206896551723,0.38104001048745045,10.942751806087145,5.386448296894444,0.20463549464064165,0.3451706146070475,0.24602105019184772,305.1572020755885,6.122049008311263,66,3,0,3,nan,nan,nan,3,0,nan,nan,nan,nan,nan,nan,nan,0,0
final_multi_uav_crossing__seed5004__9f73dbdc,final_multi_uav_crossing,final,5004,9f73dbdc,completed,,,0,ukf,coordinated_turn,covariance_intersection,mahalanobis,full_state,True,3,3,1.0,0,0,0,1.0,0.7586206896551723,0.3761010745472124,11.114682212220327,5.470501046057566,0.20625981018419856,0.20053556990209292,0.20489273965280874,321.33269829011823,6.5134711693772385,66,3,0,3,nan,nan,nan,3,0,nan,nan,nan,nan,nan,nan,nan,0,0
final_multi_uav_crossing__seed5005__9f73dbdc,final_multi_uav_crossing,final,5005,9f73dbdc,completed,,,0,ukf,coordinated_turn,covariance_intersection,mahalanobis,full_state,True,3,3,1.0,0,0,0,1.0,0.6923076923076922,0.5111159761983375,12.658053686021155,7.034292093533384,0.1959581337682583,0.2675382440328355,0.22047207389706364,398.85111273813436,6.123460690976564,54,3,0,3,nan,nan,nan,3,0,nan,nan,nan,nan,nan,nan,nan,0,0
final_multi_uav_crossing__seed5006__9f73dbdc,final_multi_uav_crossing,final,5006,9f73dbdc,completed,,,0,ukf,coordinated_turn,covariance_intersection,mahalanobis,full_state,True,3,3,1.0,0,0,0,1.0,0.6428571428571429,0.3651821421378459,15.737280923936755,9.409380867619543,0.18696563312769351,0.5467198854350527,0.35947565955630223,448.9862920233983,6.521753165253221,54,3,0,3,nan,nan,nan,3,0,nan,nan,nan,nan,nan,nan,nan,0,0
final_multi_uav_crossing__seed5007__9f73dbdc,final_multi_uav_crossing,final,5007,9f73dbdc,completed,,,0,ukf,coordinated_turn,covariance_intersection,mahalanobis,full_state,True,3,3,1.0,0,0,0,1.0,0.7777777777777778,0.44198538247603864,9.827651069902833,4.649168487802499,0.20338055817239767,0.3981693671124188,0.2596200749623317,293.60756234272253,5.564829065639725,63,3,0,3,nan,nan,nan,3,0,nan,nan,nan,nan,nan,nan,nan,0,0
final_multi_uav_crossing__seed5008__9f73dbdc,final_multi_uav_crossing,final,5008,9f73dbdc,completed,,,0,ukf,coordinated_turn,covariance_intersection,mahalanobis,full_state,True,3,3,1.0,0,0,0,1.0,0.7931034482758621,1.6184892249979175,9.380509190949704,4.503685791820546,0.19720208164888628,0.3700643396407852,0.24326265753620027,469.56753493185033,6.624431357756138,69,3,0,3,nan,nan,nan,3,0,nan,nan,nan,nan,nan,nan,nan,0,0
final_multi_uav_crossing__seed5009__9f73dbdc,final_multi_uav_crossing,final,5009,9f73dbdc,completed,,,0,ukf,coordinated_turn,covariance_intersection,mahalanobis,full_state,True,3,3,1.0,0,0,0,1.0,0.8214285714285715,0.33904696535351087,8.2525332556246,3.5008439855085793,0.19731024192545998,0.20903055827911177,0.199453673241979,227.4633976617902,5.772354381619946,69,3,0,3,nan,nan,nan,3,0,nan,nan,nan,nan,nan,nan,nan,0,0
final_multi_uav_crossing__seed5010__9f73dbdc,final_multi_uav_crossing,final,5010,9f73dbdc,completed,,,0,ukf,coordinated_turn,covariance_intersection,mahalanobis,full_state,True,3,3,1.0,0,0,0,1.0,0.7307692307692307,0.415925864694088,11.311156914015829,5.87983119625544,0.19649940602999463,0.3821049546076336,0.2598562982453797,346.16367294513446,5.596533757034446,57,3,0,3,nan,nan,nan,3,0,nan,nan,nan,nan,nan,nan,nan,0,0
final_multi_uav_crossing__seed5011__9f73dbdc,final_multi_uav_crossing,final,5011,9f73dbdc,completed,,,0,ukf,coordinated_turn,covariance_intersection,mahalanobis,full_state,True,3,3,1.0,0,0,0,1.0,0.75,0.43628073538273,6.913927239033972,3.477549874079961,0.19610091251544196,0.3570076737961445,0.2463844469611979,307.5220373896319,7.296874566714177,36,3,0,3,nan,nan,nan,3,0,nan,nan,nan,nan,nan,nan,nan,0,0
final_multi_uav_crossing__seed5012__9f73dbdc,final_multi_uav_crossing,final,5012,9f73dbdc,completed,,,0,ukf,coordinated_turn,covariance_intersection,mahalanobis,full_state,True,3,3,1.0,0,0,0,1.0,0.6111111111111112,0.30077688081232956,10.751426634476584,6.7088140895560775,0.19034159467700798,0.4070310340064209,0.2942267632490668,481.09097055970983,5.747255423973117,33,3,0,3,nan,nan,nan,3,0,nan,nan,nan,nan,nan,nan,nan,0,0
final_multi_uav_crossing__seed5013__9f73dbdc,final_multi_uav_crossing,final,5013,9f73dbdc,completed,,,0,ukf,coordinated_turn,covariance_intersection,mahalanobis,full_state,True,3,3,1.0,0,0,0,1.0,0.7894736842105262,0.3958075433504675,7.10235279346468,3.277704708625255,0.22748174871267596,0.153037775318547,0.21397262892574,266.324405990989,5.572444943867924,45,3,0,3,nan,nan,nan,3,0,nan,nan,nan,nan,nan,nan,nan,0,0
final_multi_uav_crossing__seed5014__9f73dbdc,final_multi_uav_crossing,final,5014,9f73dbdc,completed,,,0,ukf,coordinated_turn,covariance_intersection,mahalanobis,full_state,True,3,3,1.0,0,0,0,1.0,0.8000000000000002,0.5494137403659367,6.867822216842612,3.110447036506763,0.21504409153973833,0.27712072992034165,0.2288107270982671,239.76678370522023,5.9645585834256885,48,3,0,3,nan,nan,nan,3,0,nan,nan,nan,nan,nan,nan,nan,0,0
final_multi_uav_crossing__seed5015__9f73dbdc,final_multi_uav_crossing,final,5015,9f73dbdc,completed,,,0,ukf,coordinated_turn,covariance_intersection,mahalanobis,full_state,True,3,3,1.0,0,0,0,1.0,0.8039215686274509,0.5105660952971225,5.528823951772554,2.490636307945531,0.1954003918816384,0.2691888112604881,0.21190360369131958,195.7649631938171,5.72215439937835,41,3,0,3,nan,nan,nan,3,0,nan,nan,nan,nan,nan,nan,nan,0,0
final_multi_uav_crossing__seed5016__9f73dbdc,final_multi_uav_crossing,final,5016,9f73dbdc,completed,,,0,ukf,coordinated_turn,covariance_intersection,mahalanobis,full_state,True,3,3,1.0,0,0,0,1.0,0.7619047619047619,0.5196872435960265,8.654175210554396,4.247099515430524,0.2277917749087456,0.2518983014235921,0.23375702227880008,319.1856108764633,5.874961415719235,48,3,0,3,nan,nan,nan,3,0,nan,nan,nan,nan,nan,nan,nan,0,0
final_multi_uav_crossing__seed5017__9f73dbdc,final_multi_uav_crossing,final,5017,9f73dbdc,completed,,,0,ukf,coordinated_turn,covariance_intersection,mahalanobis,full_state,True,3,3,1.0,0,0,0,1.0,1.0,1.245388792798385,nan,1.245388792798385,0.279659643122419,nan,0.279659643122419,277.0119762827968,6.758993758874041,39,0,0,0,nan,nan,nan,0,0,nan,nan,nan,nan,nan,nan,nan,0,0
final_multi_uav_crossing__seed5018__9f73dbdc,final_multi_uav_crossing,final,5018,9f73dbdc,completed,,,0,ukf,coordinated_turn,covariance_intersection,mahalanobis,full_state,True,3,3,1.0,0,0,0,1.0,1.0,0.6097379876528491,nan,0.6097379876528491,0.21026068788748606,nan,0.21026068788748606,3.9229961024545132,6.6753280012638845,30,0,0,0,nan,nan,nan,0,0,nan,nan,nan,nan,nan,nan,nan,0,0
final_multi_uav_crossing__seed5019__9f73dbdc,final_multi_uav_crossing,final,5019,9f73dbdc,completed,,,0,ukf,coordinated_turn,covariance_intersection,mahalanobis,full_state,True,3,3,1.0,0,0,0,1.0,1.0,0.7645067747754781,nan,0.7645067747754781,0.1924095341136254,nan,0.1924095341136254,6.673342046468886,5.17418451286867,24,0,0,0,nan,nan,nan,0,0,nan,nan,nan,nan,nan,nan,nan,0,0
final_multi_uav_crossing__seed5020__9f73dbdc,final_multi_uav_crossing,final,5020,9f73dbdc,completed,,,0,ukf,coordinated_turn,covariance_intersection,mahalanobis,full_state,True,3,3,1.0,0,0,0,1.0,0.6999999999999998,0.46323347512368074,5.835387309716218,3.219585872911567,0.21523366098184576,0.2951191261531211,0.24198442049059318,325.0122851077823,5.449553671426983,21,3,0,3,nan,nan,nan,3,0,nan,nan,nan,nan,nan,nan,nan,0,0
final_multi_uav_nonlinear__seed5001__9f73dbdc,final_multi_uav_nonlinear,final,5001,9f73dbdc,completed,,,0,ukf,coordinated_turn,covariance_intersection,mahalanobis,full_state,True,3,3,1.0,0,0,0,1.0,0.7777777777777778,0.4604337265812485,4.836107200997818,2.3156439045736135,0.2851534427406136,0.1989447899933422,0.26839967301660017,233.61102927086748,5.3939302385852415,21,3,0,3,nan,nan,nan,3,0,nan,nan,nan,nan,nan,nan,nan,0,0
final_multi_uav_nonlinear__seed5002__9f73dbdc,final_multi_uav_nonlinear,final,5002,9f73dbdc,completed,,,0,ukf,coordinated_turn,covariance_intersection,mahalanobis,full_state,True,3,3,1.0,0,0,0,1.0,0.6999999999999998,0.8314320984337248,6.677776443891698,3.723131075370916,0.3170531986193007,0.22380003142392127,0.2922188353749896,438.0801188431263,6.435003037352582,21,3,0,3,nan,nan,nan,3,0,nan,nan,nan,nan,nan,nan,nan,0,0
final_multi_uav_nonlinear__seed5003__9f73dbdc,final_multi_uav_nonlinear,final,5003,9f73dbdc,completed,,,0,ukf,coordinated_turn,covariance_intersection,mahalanobis,full_state,True,3,3,1.0,0,0,0,1.0,0.6363636363636364,0.435269216480819,14.322349462248228,8.643678675565901,0.235603154870112,0.38826842730889155,0.30023799842381554,606.1273903345603,6.277277447763889,42,3,0,3,nan,nan,nan,3,0,nan,nan,nan,nan,nan,nan,nan,0,0
final_multi_uav_nonlinear__seed5004__9f73dbdc,final_multi_uav_nonlinear,final,5004,9f73dbdc,completed,,,0,ukf,coordinated_turn,covariance_intersection,mahalanobis,full_state,True,3,3,1.0,0,0,0,1.0,0.6666666666666666,0.3976763245426612,16.205403254899736,9.361826523567546,0.26756759517019185,0.2734645737679502,0.26954758953748537,555.6079215284175,6.392329993627339,54,3,0,3,nan,nan,nan,3,0,nan,nan,nan,nan,nan,nan,nan,0,0
final_multi_uav_nonlinear__seed5005__9f73dbdc,final_multi_uav_nonlinear,final,5005,9f73dbdc,completed,,,0,ukf,coordinated_turn,covariance_intersection,mahalanobis,full_state,True,3,3,1.0,0,0,0,1.0,0.7037037037037037,0.4361129062226455,14.466555026685324,7.883088813669472,0.24553902054115434,0.3378001904835429,0.2761085770787109,516.1416919384385,4.969649464411591,57,3,0,3,nan,nan,nan,3,0,nan,nan,nan,nan,nan,nan,nan,0,0
final_multi_uav_nonlinear__seed5006__9f73dbdc,final_multi_uav_nonlinear,final,5006,9f73dbdc,completed,,,0,ukf,coordinated_turn,covariance_intersection,mahalanobis,full_state,True,3,3,1.0,0,0,0,1.0,0.6428571428571429,0.4826199257054473,17.510607178283582,10.471741282051063,0.2800435870116737,0.6274450108191705,0.4370563794659701,591.3826465478912,6.581253046578343,54,3,0,3,nan,nan,nan,3,0,nan,nan,nan,nan,nan,nan,nan,0,0
final_multi_uav_nonlinear__seed5007__9f73dbdc,final_multi_uav_nonlinear,final,5007,9f73dbdc,completed,,,0,ukf,coordinated_turn,covariance_intersection,mahalanobis,full_state,True,3,3,1.0,0,0,0,1.0,0.7407407407407408,0.434439783139418,12.677737849248464,6.46600803439533,0.2764267572138297,0.3709401037249792,0.30376714802597654,453.95950727897076,5.615025891762683,60,3,0,3,nan,nan,nan,3,0,nan,nan,nan,nan,nan,nan,nan,0,0
final_multi_uav_nonlinear__seed5008__9f73dbdc,final_multi_uav_nonlinear,final,5008,9f73dbdc,completed,,,0,ukf,coordinated_turn,covariance_intersection,mahalanobis,full_state,True,3,3,1.0,0,0,0,1.0,0.7307692307692307,0.47227290483012807,12.793611938590436,6.650544619927474,0.2509148819823738,0.2944535029974545,0.2633458781495024,474.8080858244495,6.495628143438667,57,3,0,3,nan,nan,nan,3,0,nan,nan,nan,nan,nan,nan,nan,0,0
final_multi_uav_nonlinear__seed5009__9f73dbdc,final_multi_uav_nonlinear,final,5009,9f73dbdc,completed,,,0,ukf,coordinated_turn,covariance_intersection,mahalanobis,full_state,True,3,3,1.0,0,0,0,1.0,0.6785714285714285,0.7586444654675341,16.33314038171234,9.281083987708561,0.24862111883914392,0.3877373998589828,0.3004460597635485,592.6098676035954,5.281651299621564,57,3,0,3,nan,nan,nan,3,0,nan,nan,nan,nan,nan,nan,nan,0,0
final_multi_uav_nonlinear__seed5010__9f73dbdc,final_multi_uav_nonlinear,final,5010,9f73dbdc,completed,,,0,ukf,coordinated_turn,covariance_intersection,mahalanobis,full_state,True,3,3,1.0,0,0,0,1.0,0.7083333333333334,0.5015396567267905,12.789749182388652,6.9201397008492,0.2579545041132616,0.43855945403565555,0.32129488715831495,507.61364449416124,5.892867248052561,51,3,0,3,nan,nan,nan,3,0,nan,nan,nan,nan,nan,nan,nan,0,0
final_multi_uav_nonlinear__seed5011__9f73dbdc,final_multi_uav_nonlinear,final,5011,9f73dbdc,completed,,,0,ukf,coordinated_turn,covariance_intersection,mahalanobis,full_state,True,3,3,1.0,0,0,0,1.0,0.6666666666666666,0.45620487716987634,17.7196348197564,10.23721485439978,0.23909074025110824,0.4280290993069128,0.31492733235945763,544.7557139184352,6.3072162799698885,60,3,0,3,nan,nan,nan,3,0,nan,nan,nan,nan,nan,nan,nan,0,0
final_multi_uav_nonlinear__seed5012__9f73dbdc,final_multi_uav_nonlinear,final,5012,9f73dbdc,completed,,,0,ukf,coordinated_turn,covariance_intersection,mahalanobis,full_state,True,3,3,1.0,0,0,0,1.0,0.6999999999999998,0.4459407743135649,15.957451930733944,8.748216152933244,0.23865610246345673,0.43981161931757395,0.3128897454634101,504.9123211689151,5.862031112491706,63,3,0,3,nan,nan,nan,3,0,nan,nan,nan,nan,nan,nan,nan,0,0
final_multi_uav_nonlinear__seed5013__9f73dbdc,final_multi_uav_nonlinear,final,5013,9f73dbdc,completed,,,0,ukf,coordinated_turn,covariance_intersection,mahalanobis,full_state,True,3,3,1.0,0,0,0,1.0,0.75,0.3683294794122726,12.802688564760626,6.409286900710266,0.22648787466533435,0.15361329918894087,0.21064621869319874,433.4416496914045,6.038905237246445,63,3,0,3,nan,nan,nan,3,0,nan,nan,nan,nan,nan,nan,nan,0,0
final_multi_uav_nonlinear__seed5014__9f73dbdc,final_multi_uav_nonlinear,final,5014,9f73dbdc,completed,,,0,ukf,coordinated_turn,covariance_intersection,mahalanobis,full_state,True,3,3,1.0,0,0,0,1.0,0.7407407407407408,0.41902940930880905,12.891163920784042,6.5737594620300035,0.22871721258353997,0.22573443279530914,0.22794764714777888,470.1345293462424,6.246733204560397,60,3,0,3,nan,nan,nan,3,0,nan,nan,nan,nan,nan,nan,nan,0,0
final_multi_uav_nonlinear__seed5015__9f73dbdc,final_multi_uav_nonlinear,final,5015,9f73dbdc,completed,,,0,ukf,coordinated_turn,covariance_intersection,mahalanobis,full_state,True,3,3,1.0,0,0,0,1.0,0.6785714285714285,1.6678339204732533,16.634429016323647,9.530383345668984,0.24976499582728404,0.27746877123472524,0.258993159090988,928.3629480353792,7.224149738156265,57,3,0,3,nan,nan,nan,3,0,nan,nan,nan,nan,nan,nan,nan,0,0
final_multi_uav_nonlinear__seed5016__9f73dbdc,final_multi_uav_nonlinear,final,5016,9f73dbdc,completed,,,0,ukf,coordinated_turn,covariance_intersection,mahalanobis,full_state,True,3,3,1.0,0,0,0,1.0,0.6538461538461539,0.4446788818811539,16.003627858958847,9.422572142035076,0.24411335218933325,0.5648285594543474,0.3865196931179768,597.2066766153866,5.6999464994839295,51,3,0,3,nan,nan,nan,3,0,nan,nan,nan,nan,nan,nan,nan,0,0
final_multi_uav_nonlinear__seed5017__9f73dbdc,final_multi_uav_nonlinear,final,5017,9f73dbdc,completed,,,0,ukf,coordinated_turn,covariance_intersection,mahalanobis,full_state,True,3,3,1.0,0,0,0,1.0,0.6551724137931034,0.45966263081947933,17.526207372363842,10.298466497058865,0.23901584741037946,0.44614080522195726,0.32567484904921806,560.7031097275493,5.28674525596664,57,3,0,3,nan,nan,nan,3,0,nan,nan,nan,nan,nan,nan,nan,0,0
final_multi_uav_nonlinear__seed5018__9f73dbdc,final_multi_uav_nonlinear,final,5018,9f73dbdc,completed,,,0,ukf,coordinated_turn,covariance_intersection,mahalanobis,full_state,True,3,3,1.0,0,0,0,1.0,0.7407407407407408,0.44394926929091166,12.680608377287143,6.46794552303312,0.24576347475400917,0.28467045521064055,0.2564179593692994,443.39960872407295,5.164248762948774,60,3,0,3,nan,nan,nan,3,0,nan,nan,nan,nan,nan,nan,nan,0,0
final_multi_uav_nonlinear__seed5019__9f73dbdc,final_multi_uav_nonlinear,final,5019,9f73dbdc,completed,,,0,ukf,coordinated_turn,covariance_intersection,mahalanobis,full_state,True,3,3,1.0,0,0,0,1.0,0.7407407407407408,0.37792579678877375,12.751508625778033,6.500892713029409,0.26371334146179654,0.31860824271049654,0.2789844689398409,458.2039280617536,5.948130159708173,60,3,0,3,nan,nan,nan,3,0,nan,nan,nan,nan,nan,nan,nan,0,0
final_multi_uav_nonlinear__seed5020__9f73dbdc,final_multi_uav_nonlinear,final,5020,9f73dbdc,completed,,,0,ukf,coordinated_turn,covariance_intersection,mahalanobis,full_state,True,3,3,1.0,0,0,0,1.0,0.717948717948718,0.4913835326061544,12.125964109051171,6.453363025159293,0.23603061150960158,0.3539586880751748,0.27447137394297294,453.15448700960627,6.094071732585513,56,3,0,3,nan,nan,nan,3,0,nan,nan,nan,nan,nan,nan,nan,0,0
final_one_uav_three_stations__seed5001__9f73dbdc,final_one_uav_three_stations,final,5001,9f73dbdc,completed,,,0,ukf,coordinated_turn,covariance_intersection,mahalanobis,full_state,True,1,1,1.0,0,0,0,1.0,0.9252336448598131,0.2342204525357796,10.793832957335269,2.959991320562352,0.18618134704083844,0.0919800620520487,0.18084352091595654,77.35971966736518,6.266958233282704,99,1,0,1,nan,nan,nan,1,0,nan,nan,nan,nan,nan,nan,nan,0,0
final_one_uav_three_stations__seed5002__9f73dbdc,final_one_uav_three_stations,final,5002,9f73dbdc,completed,,,0,ukf,coordinated_turn,covariance_intersection,mahalanobis,full_state,True,1,1,1.0,0,0,0,1.0,0.9150943396226415,0.41648394624390256,11.680834761184004,3.4268675084615086,0.19596562268751233,0.11149839756943074,0.19025633120275137,83.24739583259479,5.5627294810114805,97,1,0,1,nan,nan,nan,1,0,nan,nan,nan,nan,nan,nan,nan,0,0
final_one_uav_three_stations__seed5003__9f73dbdc,final_one_uav_three_stations,final,5003,9f73dbdc,completed,,,0,ukf,coordinated_turn,covariance_intersection,mahalanobis,full_state,True,1,1,1.0,0,0,0,1.0,0.9150943396226415,0.2372532934134908,11.841753530994078,3.45797435707935,0.18830528400910188,0.20451246088766334,0.1897351549999481,85.19154814769908,5.517448473635158,97,1,0,1,nan,nan,nan,1,0,nan,nan,nan,nan,nan,nan,nan,0,0
final_one_uav_three_stations__seed5004__9f73dbdc,final_one_uav_three_stations,final,5004,9f73dbdc,completed,,,0,ukf,coordinated_turn,covariance_intersection,mahalanobis,full_state,True,1,1,1.0,0,0,0,1.0,0.9150943396226415,0.330812275232942,11.712446140080981,3.427480395219142,0.21725974420980013,0.148287626063278,0.2122760137277621,83.73495855687376,5.882169105835,97,1,0,1,nan,nan,nan,1,0,nan,nan,nan,nan,nan,nan,nan,0,0
final_one_uav_three_stations__seed5005__9f73dbdc,final_one_uav_three_stations,final,5005,9f73dbdc,completed,,,0,ukf,coordinated_turn,covariance_intersection,mahalanobis,full_state,True,1,1,1.0,0,0,0,1.0,0.9150943396226415,0.32700504796667146,11.713921390023378,3.427574121819685,0.1921046709601874,0.2878336935312949,0.20200275457781924,84.08199171429638,5.76423916594534,97,1,0,1,nan,nan,nan,1,0,nan,nan,nan,nan,nan,nan,nan,0,0
final_one_uav_three_stations__seed5006__9f73dbdc,final_one_uav_three_stations,final,5006,9f73dbdc,completed,,,0,ukf,coordinated_turn,covariance_intersection,mahalanobis,full_state,True,1,1,1.0,0,0,0,1.0,0.9056603773584906,0.35488835518066597,12.975858453060905,3.999787514903942,0.17881252464223982,0.29924343894601474,0.19340451738445816,89.55568230531513,5.554937555690223,96,1,0,1,nan,nan,nan,1,0,nan,nan,nan,nan,nan,nan,nan,0,0
final_one_uav_three_stations__seed5007__9f73dbdc,final_one_uav_three_stations,final,5007,9f73dbdc,completed,,,0,ukf,coordinated_turn,covariance_intersection,mahalanobis,full_state,True,1,1,1.0,0,0,0,1.0,0.9090909090909091,0.7999109136985362,12.931682066260644,3.9729423005830946,0.2107046517251271,0.2769557484123207,0.21756273685886135,214.71900893584203,6.565897599111119,100,1,0,1,nan,nan,nan,1,0,nan,nan,nan,nan,nan,nan,nan,0,0
final_one_uav_three_stations__seed5008__9f73dbdc,final_one_uav_three_stations,final,5008,9f73dbdc,completed,,,0,ukf,coordinated_turn,covariance_intersection,mahalanobis,full_state,True,1,1,1.0,0,0,0,1.0,0.9074074074074074,0.34014481671733066,13.260477756243404,4.048023244013044,0.1898594510228867,0.08863049635600691,0.18285598312122703,90.92877878736368,5.741724435016453,98,1,0,1,nan,nan,nan,1,0,nan,nan,nan,nan,nan,nan,nan,0,0
final_one_uav_three_stations__seed5009__9f73dbdc,final_one_uav_three_stations,final,5009,9f73dbdc,completed,,,0,ukf,coordinated_turn,covariance_intersection,mahalanobis,full_state,True,1,1,1.0,0,0,0,1.0,0.918918918918919,0.29190094150765095,12.159801089147397,3.4737599265531975,0.1877993342571906,0.23368831869778683,0.19192923450264168,86.82234492551066,6.088997085263521,102,1,0,1,nan,nan,nan,1,0,nan,nan,nan,nan,nan,nan,nan,0,0
final_one_uav_three_stations__seed5010__9f73dbdc,final_one_uav_three_stations,final,5010,9f73dbdc,completed,,,0,ukf,coordinated_turn,covariance_intersection,mahalanobis,full_state,True,1,1,1.0,0,0,0,1.0,0.9090909090909091,0.3442876396285138,11.317354208428522,3.412743730726764,0.20217421339239358,0.30522376384276434,0.21350635851002753,84.13906374557999,6.20947926812351,101,2,1,1,0.0,0.0,0.0,1,1,1.0,0.0,0.0,0.0,1.0,0.0,0.0,0,0
final_one_uav_three_stations__seed5011__9f73dbdc,final_one_uav_three_stations,final,5011,9f73dbdc,completed,,,0,ukf,coordinated_turn,covariance_intersection,mahalanobis,full_state,True,1,1,1.0,0,0,0,1.0,0.918918918918919,0.30718959418921105,12.066954940390833,3.44862929993903,0.1941483257465826,0.4600590991077786,0.2275928432638652,84.9575673558736,5.987670551813539,102,1,0,1,nan,nan,nan,1,0,nan,nan,nan,nan,nan,nan,nan,0,0
final_one_uav_three_stations__seed5012__9f73dbdc,final_one_uav_three_stations,final,5012,9f73dbdc,completed,,,0,ukf,coordinated_turn,covariance_intersection,mahalanobis,full_state,True,1,1,1.0,0,0,0,1.0,0.918918918918919,0.29629501946086256,11.884224687619275,3.3959008452895127,0.19271493452037416,0.2804391260500441,0.2012572559594197,82.71314601214338,5.3430294040481225,102,1,0,1,nan,nan,nan,1,0,nan,nan,nan,nan,nan,nan,nan,0,0
final_one_uav_three_stations__seed5013__9f73dbdc,final_one_uav_three_stations,final,5013,9f73dbdc,completed,,,0,ukf,coordinated_turn,covariance_intersection,mahalanobis,full_state,True,1,1,1.0,0,0,0,1.0,0.926605504587156,0.24637184028388556,10.889223210891775,2.9595624282095154,0.197673515822905,0.10475083725380278,0.19238576040402477,77.55639566568718,6.0058238683138745,101,1,0,1,nan,nan,nan,1,0,nan,nan,nan,nan,nan,nan,nan,0,0
final_one_uav_three_stations__seed5014__9f73dbdc,final_one_uav_three_stations,final,5014,9f73dbdc,completed,,,0,ukf,coordinated_turn,covariance_intersection,mahalanobis,full_state,True,1,1,1.0,0,0,0,1.0,0.9090909090909091,0.26400088991167076,13.094621118822648,3.9561926939035903,0.2082267559311348,0.21388460016604638,0.20874744223674896,87.82762914995841,6.033608586803839,100,1,0,1,nan,nan,nan,1,0,nan,nan,nan,nan,nan,nan,nan,0,0
final_one_uav_three_stations__seed5015__9f73dbdc,final_one_uav_three_stations,final,5015,9f73dbdc,completed,,,0,ukf,coordinated_turn,covariance_intersection,mahalanobis,full_state,True,1,1,1.0,0,0,0,1.0,0.9158878504672897,0.24843450709826953,11.885242462811787,3.455159255728155,0.19878870643673852,0.29841956261134606,0.20900630941618714,83.04821357229937,5.639925840864586,98,1,0,1,nan,nan,nan,1,0,nan,nan,nan,nan,nan,nan,nan,0,0
final_one_uav_three_stations__seed5016__9f73dbdc,final_one_uav_three_stations,final,5016,9f73dbdc,completed,,,0,ukf,coordinated_turn,covariance_intersection,mahalanobis,full_state,True,1,1,1.0,0,0,0,1.0,0.9142857142857143,0.3368827756916779,10.651039134788496,3.1348984221330753,0.19328564151342695,0.8556346768105018,0.31130283626673877,86.48327188731679,6.2096817602388015,96,2,1,1,0.0,0.0,0.0,1,1,1.0,0.0,0.0,0.0,1.0,0.0,0.0,0,0
final_one_uav_three_stations__seed5017__9f73dbdc,final_one_uav_three_stations,final,5017,9f73dbdc,completed,,,0,ukf,coordinated_turn,covariance_intersection,mahalanobis,full_state,True,1,1,1.0,0,0,0,1.0,0.9245283018867925,0.35395553804858604,10.672013156384907,2.9515151237488313,0.18318265829058092,0.3794539295969157,0.20467090784079783,74.8366471076978,5.598126976390189,98,1,0,1,nan,nan,nan,1,0,nan,nan,nan,nan,nan,nan,nan,0,0
final_one_uav_three_stations__seed5018__9f73dbdc,final_one_uav_three_stations,final,5018,9f73dbdc,completed,,,0,ukf,coordinated_turn,covariance_intersection,mahalanobis,full_state,True,1,1,1.0,0,0,0,1.0,0.9074074074074074,0.268799010636671,13.418429183576725,4.091118658190187,0.17925810690677277,0.15511911541644957,0.17716124040692569,91.39500523833195,5.699738322693583,98,1,0,1,nan,nan,nan,1,0,nan,nan,nan,nan,nan,nan,nan,0,0
final_one_uav_three_stations__seed5019__9f73dbdc,final_one_uav_three_stations,final,5019,9f73dbdc,completed,,,0,ukf,coordinated_turn,covariance_intersection,mahalanobis,full_state,True,1,1,1.0,0,0,0,1.0,0.9196428571428571,0.32170241319620785,11.73384461183199,3.3405085503092122,0.1987541709093621,0.2381916542530462,0.2022076612083351,78.65430266641381,5.6621692654074005,103,1,0,1,nan,nan,nan,1,0,nan,nan,nan,nan,nan,nan,nan,0,0
final_one_uav_three_stations__seed5020__9f73dbdc,final_one_uav_three_stations,final,5020,9f73dbdc,completed,,,0,ukf,coordinated_turn,covariance_intersection,mahalanobis,full_state,True,1,1,1.0,0,0,0,1.0,0.9181818181818182,0.3208032502381001,11.672421739646726,3.352886477859303,0.18471286699537362,0.18696762750853752,0.1848983802039343,80.00319453470014,5.598325796172433,101,1,0,1,nan,nan,nan,1,0,nan,nan,nan,nan,nan,nan,nan,0,0
final_two_uavs_three_stations__seed5001__9f73dbdc,final_two_uavs_three_stations,final,5001,9f73dbdc,completed,,,0,ukf,coordinated_turn,covariance_intersection,mahalanobis,full_state,True,2,2,1.0,0,0,0,1.0,0.8857142857142857,0.24929912760434114,9.845653623314854,3.3366973953593457,0.18953418004989617,0.27539477579143196,0.20120980505472622,98.56708560552654,5.854313027299311,124,2,0,2,nan,nan,nan,2,0,nan,nan,nan,nan,nan,nan,nan,0,0
final_two_uavs_three_stations__seed5002__9f73dbdc,final_two_uavs_three_stations,final,5002,9f73dbdc,completed,,,0,ukf,coordinated_turn,covariance_intersection,mahalanobis,full_state,True,2,2,1.0,0,0,0,1.0,0.8857142857142857,0.2768491857156825,9.926288835941618,3.3657979306069516,0.20003825254463162,0.15546118454754662,0.19545895415063563,98.63266369559499,6.2860961390542,124,2,0,2,nan,nan,nan,2,0,nan,nan,nan,nan,nan,nan,nan,0,0
final_two_uavs_three_stations__seed5003__9f73dbdc,final_two_uavs_three_stations,final,5003,9f73dbdc,completed,,,0,ukf,coordinated_turn,covariance_intersection,mahalanobis,full_state,True,2,2,1.0,0,0,0,1.0,0.8857142857142857,0.29691275013892576,10.046693966919797,3.4078778955188835,0.19038316896212248,0.11864595936924512,0.18360872500622907,98.92570453999365,6.232453197941236,124,2,0,2,nan,nan,nan,2,0,nan,nan,nan,nan,nan,nan,nan,0,0
final_two_uavs_three_stations__seed5004__9f73dbdc,final_two_uavs_three_stations,final,5004,9f73dbdc,completed,,,0,ukf,coordinated_turn,covariance_intersection,mahalanobis,full_state,True,2,2,1.0,0,0,0,1.0,0.8857142857142857,0.37110594815134906,9.827997935860543,3.3407761376938785,0.21388363245509323,0.31183151676982324,0.22722474931860634,96.96117018716394,5.391796101444944,124,2,0,2,nan,nan,nan,2,0,nan,nan,nan,nan,nan,nan,nan,0,0
final_two_uavs_three_stations__seed5005__9f73dbdc,final_two_uavs_three_stations,final,5005,9f73dbdc,completed,,,0,ukf,coordinated_turn,covariance_intersection,mahalanobis,full_state,True,2,2,1.0,0,0,0,1.0,0.8425925925925926,0.2838981158774289,9.560877143113137,3.802181087553127,0.1853109660512534,0.36250622064648425,0.2227549921866698,127.67834876096113,6.324716678269387,91,3,1,2,3.552713678800501e-15,3.552713678800501e-15,0.0,2,1,1.0,3.552713678800501e-15,3.552713678800501e-15,0.0,1.0,0.0,0.0,0,0
final_two_uavs_three_stations__seed5006__9f73dbdc,final_two_uavs_three_stations,final,5006,9f73dbdc,completed,,,0,ukf,coordinated_turn,covariance_intersection,mahalanobis,full_state,True,2,2,1.0,0,0,0,1.0,0.8189655172413792,0.30124718887684776,11.80927983261832,5.032019998695415,0.18155833521609896,0.3737940915319135,0.22867097736929778,142.8862989649295,5.7530749686294484,95,2,0,2,nan,nan,nan,2,0,nan,nan,nan,nan,nan,nan,nan,0,0
final_two_uavs_three_stations__seed5007__9f73dbdc,final_two_uavs_three_stations,final,5007,9f73dbdc,completed,,,0,ukf,coordinated_turn,covariance_intersection,mahalanobis,full_state,True,2,2,1.0,0,0,0,1.0,0.847457627118644,0.3017069535247373,11.104339063073992,4.345869787802733,0.19561371719188952,0.3912192142998664,0.23616672437496605,129.34987120926445,5.867225011780715,100,2,0,2,nan,nan,nan,2,0,nan,nan,nan,nan,nan,nan,nan,0,0
final_two_uavs_three_stations__seed5008__9f73dbdc,final_two_uavs_three_stations,final,5008,9f73dbdc,completed,,,0,ukf,coordinated_turn,covariance_intersection,mahalanobis,full_state,True,2,2,1.0,0,0,0,1.0,0.8620689655172413,0.23672537283513662,9.633164482484068,3.5844126356709456,0.18413886764778478,0.3760445191828176,0.22076012774791182,108.9879120466906,5.633016722751267,100,2,0,2,nan,nan,nan,2,0,nan,nan,nan,nan,nan,nan,nan,0,0
final_two_uavs_three_stations__seed5009__9f73dbdc,final_two_uavs_three_stations,final,5009,9f73dbdc,completed,,,0,ukf,coordinated_turn,covariance_intersection,mahalanobis,full_state,True,2,2,1.0,0,0,0,1.0,0.8245614035087719,0.30782903808650325,11.890279892725088,4.988128395901297,0.20458091164108166,0.23109431595526966,0.20947525293856228,134.82840763704456,5.936211070316571,94,2,0,2,nan,nan,nan,2,0,nan,nan,nan,nan,nan,nan,nan,0,0
final_two_uavs_three_stations__seed5010__9f73dbdc,final_two_uavs_three_stations,final,5010,9f73dbdc,completed,,,0,ukf,coordinated_turn,covariance_intersection,mahalanobis,full_state,True,2,2,1.0,0,0,0,1.0,0.8596491228070176,0.3136048696258494,9.686370056847506,3.6404770550216647,0.2049709408849461,0.19310190996737775,0.20334690887181375,110.95176141895011,6.233955202742138,98,2,0,2,nan,nan,nan,2,0,nan,nan,nan,nan,nan,nan,nan,0,0
final_two_uavs_three_stations__seed5011__9f73dbdc,final_two_uavs_three_stations,final,5011,9f73dbdc,completed,,,0,ukf,coordinated_turn,covariance_intersection,mahalanobis,full_state,True,2,2,1.0,0,0,0,1.0,0.8867924528301887,0.3172826907552587,7.355771558543966,2.4929169914961906,0.19490739518939934,0.19584138589244027,0.19501335452320853,88.44649301006595,6.194432945935921,94,2,0,2,nan,nan,nan,2,0,nan,nan,nan,nan,nan,nan,nan,0,0
final_two_uavs_three_stations__seed5012__9f73dbdc,final_two_uavs_three_stations,final,5012,9f73dbdc,completed,,,0,ukf,coordinated_turn,covariance_intersection,mahalanobis,full_state,True,2,2,1.0,0,0,0,1.0,0.875,0.36819807547249533,8.99696282992182,3.199498572481054,0.2008024140926476,0.3580380211852227,0.22650675794340988,111.76004314824843,5.571864907962302,98,2,0,2,nan,nan,nan,2,0,nan,nan,nan,nan,nan,nan,nan,0,0
final_two_uavs_three_stations__seed5013__9f73dbdc,final_two_uavs_three_stations,final,5013,9f73dbdc,completed,,,0,ukf,coordinated_turn,covariance_intersection,mahalanobis,full_state,True,2,2,1.0,0,0,0,1.0,0.8596491228070176,0.2928154578128382,9.826890844014018,3.691487535963012,0.2126539790912228,0.24142987127509724,0.21692310418204191,116.80629153692009,6.373312474706168,98,2,0,2,nan,nan,nan,2,0,nan,nan,nan,nan,nan,nan,nan,0,0
final_two_uavs_three_stations__seed5014__9f73dbdc,final_two_uavs_three_stations,final,5014,9f73dbdc,completed,,,0,ukf,coordinated_turn,covariance_intersection,mahalanobis,full_state,True,2,2,1.0,0,0,0,1.0,0.8596491228070176,0.6208230466189245,9.94895493521482,3.7714050523549694,0.21420736246966698,0.25972865482143814,0.2211622689877508,118.12846931826522,6.232545489754003,98,2,0,2,nan,nan,nan,2,0,nan,nan,nan,nan,nan,nan,nan,0,0
final_two_uavs_three_stations__seed5015__9f73dbdc,final_two_uavs_three_stations,final,5015,9f73dbdc,completed,,,0,ukf,coordinated_turn,covariance_intersection,mahalanobis,full_state,True,2,2,1.0,0,0,0,1.0,0.8275862068965517,0.4396298247040678,11.89473622892654,4.955186537304927,0.1858862513695927,0.5143326920379783,0.2724081213821058,131.48074980064936,5.675707857759348,96,2,0,2,nan,nan,nan,2,0,nan,nan,nan,nan,nan,nan,nan,0,0
final_two_uavs_three_stations__seed5016__9f73dbdc,final_two_uavs_three_stations,final,5016,9f73dbdc,completed,,,0,ukf,coordinated_turn,covariance_intersection,mahalanobis,full_state,True,2,2,1.0,0,0,0,1.0,0.8727272727272727,0.28705544267333655,8.78659441782919,3.146094057277639,0.20108244770939224,0.1566746502350621,0.19599016021081614,107.94476587422382,5.839511953378157,96,2,0,2,nan,nan,nan,2,0,nan,nan,nan,nan,nan,nan,nan,0,0
final_two_uavs_three_stations__seed5017__9f73dbdc,final_two_uavs_three_stations,final,5017,9f73dbdc,completed,,,0,ukf,coordinated_turn,covariance_intersection,mahalanobis,full_state,True,2,2,1.0,0,0,0,1.0,0.86,0.32981415578290996,8.876458385461154,3.335320139081169,0.21085877720905022,0.17096340803167484,0.2057396722570908,121.71248138222693,5.5404158875596945,86,2,0,2,nan,nan,nan,2,0,nan,nan,nan,nan,nan,nan,nan,0,0
final_two_uavs_three_stations__seed5018__9f73dbdc,final_two_uavs_three_stations,final,5018,9f73dbdc,completed,,,0,ukf,coordinated_turn,covariance_intersection,mahalanobis,full_state,True,2,2,1.0,0,0,0,1.0,0.8461538461538461,0.3508954235790967,9.350053261381376,3.7582083598853218,0.17966561709655615,0.26730358803557197,0.19637197236028409,124.1815040441481,5.823409077607293,89,2,0,2,nan,nan,nan,2,0,nan,nan,nan,nan,nan,nan,nan,0,0
final_two_uavs_three_stations__seed5019__9f73dbdc,final_two_uavs_three_stations,final,5019,9f73dbdc,completed,,,0,ukf,coordinated_turn,covariance_intersection,mahalanobis,full_state,True,2,2,1.0,0,0,0,1.0,0.8333333333333334,0.34966601273062015,11.126940758467027,4.553755633992844,0.18428036850946405,0.2850460923413714,0.20455135697790136,138.82178790344955,5.868145457588568,90,2,0,2,nan,nan,nan,2,0,nan,nan,nan,nan,nan,nan,nan,0,0
final_two_uavs_three_stations__seed5020__9f73dbdc,final_two_uavs_three_stations,final,5020,9f73dbdc,completed,,,0,ukf,coordinated_turn,covariance_intersection,mahalanobis,full_state,True,2,2,1.0,0,0,0,1.0,0.8653846153846154,0.28572454479307546,8.725588106062537,3.2124306271288225,0.20374425711562721,0.19010709006461216,0.20196212724227952,115.64643017538197,5.6407341639297215,90,2,0,2,nan,nan,nan,2,0,nan,nan,nan,nan,nan,nan,nan,0,0
final_visual_occlusion__seed5001__9f73dbdc,final_visual_occlusion,final,5001,9f73dbdc,completed,,,0,ukf,coordinated_turn,covariance_intersection,mahalanobis,full_state,True,1,1,1.0,0,0,0,1.0,0.7777777777777778,0.3531106722930377,17.88846983082099,8.438453753861914,0.24204170575643622,0.31434908167752923,0.2598546605703975,309.93738536941646,5.280538819526466,35,1,0,1,nan,nan,nan,1,0,nan,nan,nan,nan,nan,nan,nan,0,0
final_visual_occlusion__seed5002__9f73dbdc,final_visual_occlusion,final,5002,9f73dbdc,completed,,,0,ukf,coordinated_turn,covariance_intersection,mahalanobis,full_state,True,1,1,1.0,0,0,0,1.0,0.7906976744186046,0.6915919601719901,16.102868406084678,7.392616553920469,0.25671040890229657,0.3478497412039952,0.2782671854497686,293.8662405616488,5.808167197073891,34,1,0,1,nan,nan,nan,1,0,nan,nan,nan,nan,nan,nan,nan,0,0
final_visual_occlusion__seed5003__9f73dbdc,final_visual_occlusion,final,5003,9f73dbdc,completed,,,0,ukf,coordinated_turn,covariance_intersection,mahalanobis,full_state,True,1,1,1.0,0,0,0,1.0,0.7619047619047619,0.5157049465182454,18.246123940367802,8.914569187320831,0.24544426029809152,0.7076157771131476,0.40634764606475154,346.98337567226116,5.841064995896943,32,1,0,1,nan,nan,nan,1,0,nan,nan,nan,nan,nan,nan,nan,0,0
final_visual_occlusion__seed5004__9f73dbdc,final_visual_occlusion,final,5004,9f73dbdc,completed,,,0,ukf,coordinated_turn,covariance_intersection,mahalanobis,full_state,True,1,1,1.0,0,0,0,1.0,0.7857142857142857,0.5933717968898864,16.255911911524045,7.543384079578209,0.23663355661701138,0.11910407609965824,0.2168783701459084,310.67005661870763,6.293067387442356,33,1,0,1,nan,nan,nan,1,0,nan,nan,nan,nan,nan,nan,nan,0,0
final_visual_occlusion__seed5005__9f73dbdc,final_visual_occlusion,final,5005,9f73dbdc,completed,,,0,ukf,coordinated_turn,covariance_intersection,mahalanobis,full_state,True,1,1,1.0,0,0,0,1.0,0.7619047619047619,0.44866135169774196,15.873857591704388,7.358922337731606,0.28207180570944806,0.6224311356227588,0.38148872807874923,295.39678895762074,5.998330204928456,33,1,0,1,nan,nan,nan,1,0,nan,nan,nan,nan,nan,nan,nan,0,0
final_visual_occlusion__seed5006__9f73dbdc,final_visual_occlusion,final,5006,9f73dbdc,completed,,,0,ukf,coordinated_turn,covariance_intersection,mahalanobis,full_state,True,1,1,1.0,0,0,0,1.0,0.7619047619047619,0.4183110286937083,18.25386689325595,8.914455966230614,0.24053940798824497,0.5510968062650213,0.3411664694979004,359.65616493901246,5.769699436713683,32,1,0,1,nan,nan,nan,1,0,nan,nan,nan,nan,nan,nan,nan,0,0
final_visual_occlusion__seed5007__9f73dbdc,final_visual_occlusion,final,5007,9f73dbdc,completed,,,0,ukf,coordinated_turn,covariance_intersection,mahalanobis,full_state,True,1,1,1.0,0,0,0,1.0,0.7906976744186046,0.5394538743071575,16.224981364189485,7.438342743061251,0.24816017128184115,0.23066533553194768,0.24460202484026164,303.04480411381707,5.4703387164208515,34,1,0,1,nan,nan,nan,1,0,nan,nan,nan,nan,nan,nan,nan,0,0
final_visual_occlusion__seed5008__9f73dbdc,final_visual_occlusion,final,5008,9f73dbdc,completed,,,0,ukf,coordinated_turn,covariance_intersection,mahalanobis,full_state,True,1,1,1.0,0,0,0,1.0,0.7857142857142857,0.6083993460743764,16.27690200205873,7.5540162627061775,0.21379907383569458,0.5727771395606674,0.3259087776086288,310.8935844631558,4.866248796490256,33,1,0,1,nan,nan,nan,1,0,nan,nan,nan,nan,nan,nan,nan,0,0
final_visual_occlusion__seed5009__9f73dbdc,final_visual_occlusion,final,5009,9f73dbdc,completed,,,0,ukf,coordinated_turn,covariance_intersection,mahalanobis,full_state,True,1,1,1.0,0,0,0,1.0,0.7560975609756098,0.3971985839124488,17.77567646524601,8.785572299942137,0.22021991455380324,0.12175402264943581,0.20070859558815854,347.9238343122401,5.993029420974331,31,1,0,1,nan,nan,nan,1,0,nan,nan,nan,nan,nan,nan,nan,0,0
final_visual_occlusion__seed5010__9f73dbdc,final_visual_occlusion,final,5010,9f73dbdc,completed,,,0,ukf,coordinated_turn,covariance_intersection,mahalanobis,full_state,True,1,1,1.0,0,0,0,1.0,0.7435897435897436,0.8315244792599448,17.961989150563543,9.123626834900678,0.23331672501917652,0.5516476460118953,0.3442500352695809,365.0134466944587,5.598807422992882,29,1,0,1,nan,nan,nan,1,0,nan,nan,nan,nan,nan,nan,nan,0,0
final_visual_occlusion__seed5011__9f73dbdc,final_visual_occlusion,final,5011,9f73dbdc,completed,,,0,ukf,coordinated_turn,covariance_intersection,mahalanobis,full_state,True,1,1,1.0,0,0,0,1.0,0.7560975609756098,0.48563995440120444,17.831867348408085,8.816650216212807,0.26404433862623544,0.13658324057450286,0.2393003833146397,349.92542447303873,5.396492259618793,31,1,0,1,nan,nan,nan,1,0,nan,nan,nan,nan,nan,nan,nan,0,0
final_visual_occlusion__seed5012__9f73dbdc,final_visual_occlusion,final,5012,9f73dbdc,completed,,,0,ukf,coordinated_turn,covariance_intersection,mahalanobis,full_state,True,1,1,1.0,0,0,0,1.0,0.7857142857142857,0.5754613455776765,15.836412938934497,7.3485598087562645,0.24834527443792,0.23693002561085139,0.24594375660765264,292.71547101802196,5.468976545842198,33,1,0,1,nan,nan,nan,1,0,nan,nan,nan,nan,nan,nan,nan,0,0
final_visual_occlusion__seed5013__9f73dbdc,final_visual_occlusion,final,5013,9f73dbdc,completed,,,0,ukf,coordinated_turn,covariance_intersection,mahalanobis,full_state,True,1,1,1.0,0,0,0,1.0,0.7560975609756098,0.3369968670583047,17.901030364554092,8.845543806674216,0.2574509549405542,0.1442132393145075,0.23492009041632234,353.3344923164845,7.403466220726637,31,1,0,1,nan,nan,nan,1,0,nan,nan,nan,nan,nan,nan,nan,0,0
final_visual_occlusion__seed5014__9f73dbdc,final_visual_occlusion,final,5014,9f73dbdc,completed,,,0,ukf,coordinated_turn,covariance_intersection,mahalanobis,full_state,True,1,1,1.0,0,0,0,1.0,0.75,0.4232404667178335,18.00737893903892,9.01114717630537,0.2688810263212762,0.23990764464901485,0.26193830232890075,362.24059830662566,6.34142498736883,30,1,0,1,nan,nan,nan,1,0,nan,nan,nan,nan,nan,nan,nan,0,0
final_visual_occlusion__seed5015__9f73dbdc,final_visual_occlusion,final,5015,9f73dbdc,completed,,,0,ukf,coordinated_turn,covariance_intersection,mahalanobis,full_state,True,1,1,1.0,0,0,0,1.0,0.7674418604651163,0.6864659507369811,18.263171561874465,8.82779058788778,0.2364341800385825,0.6343942107531318,0.369452679902845,342.39969673629247,5.4541888548899555,33,1,0,1,nan,nan,nan,1,0,nan,nan,nan,nan,nan,nan,nan,0,0
final_visual_occlusion__seed5016__9f73dbdc,final_visual_occlusion,final,5016,9f73dbdc,completed,,,0,ukf,coordinated_turn,covariance_intersection,mahalanobis,full_state,True,1,1,1.0,0,0,0,1.0,0.7804878048780488,0.5492895174274108,16.40975116426249,7.703617152657873,0.26508896584677827,0.2896464053190655,0.270670552835675,302.31123898201605,6.8022483216793255,32,1,0,1,nan,nan,nan,1,0,nan,nan,nan,nan,nan,nan,nan,0,0
final_visual_occlusion__seed5017__9f73dbdc,final_visual_occlusion,final,5017,9f73dbdc,completed,,,0,ukf,coordinated_turn,covariance_intersection,mahalanobis,full_state,True,1,1,1.0,0,0,0,1.0,0.7727272727272727,0.5582476528626956,17.760303101168766,8.481101233008062,0.18386135504638335,0.21289835996164871,0.19084900294154097,321.972334684037,5.85696350547157,34,1,0,1,nan,nan,nan,1,0,nan,nan,nan,nan,nan,nan,nan,0,0
final_visual_occlusion__seed5018__9f73dbdc,final_visual_occlusion,final,5018,9f73dbdc,completed,,,0,ukf,coordinated_turn,covariance_intersection,mahalanobis,full_state,True,1,1,1.0,0,0,0,1.0,0.7804878048780488,0.767736211911174,16.085466136888776,7.566842612608515,0.2709389713633791,0.4818236452117895,0.3290207149041241,312.5852263500527,5.617771423655544,32,1,0,1,nan,nan,nan,1,0,nan,nan,nan,nan,nan,nan,nan,0,0
final_visual_occlusion__seed5019__9f73dbdc,final_visual_occlusion,final,5019,9f73dbdc,completed,,,0,ukf,coordinated_turn,covariance_intersection,mahalanobis,full_state,True,1,1,1.0,0,0,0,1.0,0.7560975609756098,0.4885221788516162,18.006948805770417,8.903137737422927,0.24158549293160145,0.085532628066132,0.21427292642136153,354.20374540073186,5.942972572622096,31,1,0,1,nan,nan,nan,1,0,nan,nan,nan,nan,nan,nan,nan,0,0
final_visual_occlusion__seed5020__9f73dbdc,final_visual_occlusion,final,5020,9f73dbdc,completed,,,0,ukf,coordinated_turn,covariance_intersection,mahalanobis,full_state,True,1,1,1.0,0,0,0,1.0,0.7804878048780488,0.5906642827127973,16.463965773583247,7.731348631887615,0.24836948632468386,0.1588930415996742,0.231707334516014,331.28285983342516,6.178391695465578,32,1,0,1,nan,nan,nan,1,0,nan,nan,nan,nan,nan,nan,nan,0,0
